Job No,Job Date,Warehouse,Warehouse Status,Machine,Status,Post Date,Start-Time,End-Time,Elapsed-Time,UOM,Input Qty,Output Qty,Yield Loss Qty,Department,Description,Input Value,Output Value,Expenses,User Defined 1,UserDefined2,Input Units,Output Units,
12710,2/9/2026 12:00:00 AM,Monroe Processing Warehouse                  ,COMPLETED,SHREDDER/GRINDER (2ND SHIFT),Posted,2/10/2026 12:00:00 AM,5:18AM,,18:42:00,LBS    ,997.000,997.000,0.000,Plus Materials                                    ,,179.4600,179.4600,0.0000,,,0,0,
12716,2/9/2026 12:00:00 AM,Plus Monroe Warehouse                        ,COMPLETED,EXTRUDER (3RD SHIFT),Posted,2/10/2026 12:00:00 AM,5:19AM,,18:41:00,LBS    ,3718.000,3718.000,0.000,Plus Materials                                    ,,92.9453,92.9500,0.0000,,,0,0,
12718,2/9/2026 12:00:00 AM,Plus Monroe Warehouse                        ,COMPLETED,GUILLOTINE (3RD SHIFT),Posted,2/10/2026 12:00:00 AM,5:19AM,,18:41:00,LBS    ,6470.000,6470.000,0.000,Plus Materials                                    ,,-452.9000,-452.9000,0.0000,,,0,0,
12723,2/10/2026 12:00:00 AM,Plus Monroe Warehouse                        ,COMPLETED,AUTO-TIE BALER (1ST SHIFT),Posted,2/11/2026 12:00:00 AM,6:02AM,,17:58:00,LBS    ,5252.000,5252.000,0.000,Plus Materials                                    ,,206.7000,206.7100,0.0000,,,5,6,
12727,2/10/2026 12:00:00 AM,Plus Monroe Warehouse                        ,COMPLETED,EXTRUDER (1ST SHIFT),Posted,2/11/2026 12:00:00 AM,6:02AM,,17:58:00,LBS    ,8914.000,8914.000,0.000,Plus Materials                                    ,,445.7000,445.7000,0.0000,,,12,0,
12729,2/10/2026 12:00:00 AM,Plus Monroe Warehouse                        ,COMPLETED,GUILLOTINE (1ST SHIFT),Posted,2/11/2026 12:00:00 AM,6:03AM,,17:57:00,LBS    ,2403.000,7123.000,-4720.000,Plus Materials                                    ,,480.6000,480.6100,0.0000,,,0,0,
12731,2/10/2026 12:00:00 AM,Monroe Processing Warehouse                  ,COMPLETED,SHREDDER/GRINDER (1ST SHIFT),Posted,2/11/2026 12:00:00 AM,6:03AM,,17:57:00,LBS    ,5760.000,5760.000,0.000,Plus Materials                                    ,,67.5316,67.5300,0.0000,,,9,0,
12733,2/10/2026 12:00:00 AM,Plus Monroe Warehouse                        ,COMPLETED,AUTO-TIE BALER (2ND SHIFT),Posted,2/11/2026 12:00:00 AM,6:04AM,,17:56:00,LBS    ,1754.000,1754.000,0.000,Plus Materials                                    ,,175.4000,175.4000,0.0000,,,0,0,
12737,2/10/2026 12:00:00 AM,Plus Monroe Warehouse                        ,COMPLETED,EXTRUDER (2ND SHIFT),Posted,2/11/2026 12:00:00 AM,6:04AM,,17:56:00,LBS    ,7154.000,7154.000,0.000,Plus Materials                                    ,,500.7800,500.7800,0.0000,,,15,0,
12739,2/10/2026 12:00:00 AM,Plus Monroe Warehouse                        ,COMPLETED,GUILLOTINE (2ND SHIFT),Posted,2/11/2026 12:00:00 AM,6:04AM,,17:56:00,LBS    ,5199.000,5199.000,0.000,Plus Materials                                    ,,259.9500,259.9500,0.0000,,,0,0,
12741,2/10/2026 12:00:00 AM,Monroe Processing Warehouse                  ,COMPLETED,SHREDDER/GRINDER (2ND SHIFT),Posted,2/11/2026 12:00:00 AM,6:05AM,,17:55:00,LBS    ,5931.000,5931.000,0.000,Plus Materials                                    ,,59.3100,59.3100,0.0000,,,0,0,
12747,2/10/2026 12:00:00 AM,Plus Monroe Warehouse                        ,COMPLETED,EXTRUDER (3RD SHIFT),Posted,2/11/2026 12:00:00 AM,6:06AM,,17:54:00,LBS    ,5112.000,5112.000,0.000,Plus Materials                                    ,,287.0250,287.0200,0.0000,,,2,0,
12749,2/10/2026 12:00:00 AM,Plus Monroe Warehouse                        ,COMPLETED,GUILLOTINE (3RD SHIFT),Posted,2/11/2026 12:00:00 AM,6:06AM,,17:54:00,LBS    ,10173.000,10173.000,0.000,Plus Materials                                    ,,337.7500,337.7500,0.0000,,,206,0,
12753,2/10/2026 12:00:00 AM,PRN Southeast                                ,COMPLETED,BALER,Posted,2/11/2026 12:00:00 AM,6:07AM,,17:53:00,LBS    ,9568.000,7895.000,1673.000,Plus Materials                                    ,,315.9400,794.3500,478.4000,,,30,6,
12754,2/11/2026 12:00:00 AM,Plus Monroe Warehouse                        ,COMPLETED,AUTO-TIE BALER (1ST SHIFT),Posted,2/12/2026 12:00:00 AM,5:55AM,,18:05:00,LBS    ,8877.000,8877.000,0.000,Plus Materials                                    ,,2.7700,2.7700,0.0000,,,10,8,
12755,2/11/2026 12:00:00 AM,Plus Monroe Warehouse                        ,COMPLETED,AVANGARD (OLD) (1ST SHIFT),Posted,2/12/2026 12:00:00 AM,5:55AM,,18:05:00,LBS    ,2289.000,2289.000,0.000,Plus Materials                                    ,,172.1464,172.1500,0.0000,,,24,0,
12758,2/11/2026 12:00:00 AM,Plus Monroe Warehouse                        ,COMPLETED,EXTRUDER (1ST SHIFT),Posted,2/12/2026 12:00:00 AM,5:55AM,,18:05:00,LBS    ,7000.000,7000.000,0.000,Plus Materials                                    ,,0.0000,0.0000,0.0000,,,13,0,
12760,2/11/2026 12:00:00 AM,Plus Monroe Warehouse                        ,COMPLETED,GUILLOTINE (1ST SHIFT),Posted,2/12/2026 12:00:00 AM,5:56AM,,18:04:00,LBS    ,5496.000,5496.000,0.000,Plus Materials                                    ,,94.3600,94.3600,0.0000,,,3,0,
12761,2/11/2026 12:00:00 AM,Plus Monroe Warehouse                        ,COMPLETED,SHREDDER (1ST SHIFT),Posted,2/12/2026 12:00:00 AM,5:56AM,,18:04:00,LBS    ,1554.000,1554.000,0.000,Plus Materials                                    ,,15.5400,15.5400,0.0000,,,0,14,
12762,2/11/2026 12:00:00 AM,Monroe Processing Warehouse                  ,COMPLETED,SHREDDER/GRINDER (1ST SHIFT),Posted,2/12/2026 12:00:00 AM,5:56AM,,18:04:00,LBS    ,5677.000,5677.000,0.000,Plus Materials                                    ,,342.6100,342.6200,0.0000,,,56,0,
12764,2/11/2026 12:00:00 AM,Plus Monroe Warehouse                        ,COMPLETED,AUTO-TIE BALER (2ND SHIFT),Posted,2/12/2026 12:00:00 AM,5:56AM,,18:04:00,LBS    ,6706.000,6706.000,0.000,Plus Materials                                    ,,469.4200,469.4200,0.0000,,,0,0,
12768,2/11/2026 12:00:00 AM,Plus Monroe Warehouse                        ,COMPLETED,EXTRUDER (2ND SHIFT),Posted,2/12/2026 12:00:00 AM,5:57AM,,18:03:00,LBS    ,5044.000,5044.000,0.000,Plus Materials                                    ,,0.0000,0.0000,0.0000,,,0,0,
12770,2/11/2026 12:00:00 AM,Plus Monroe Warehouse                        ,COMPLETED,GUILLOTINE (2ND SHIFT),Posted,2/12/2026 12:00:00 AM,5:57AM,,18:03:00,LBS    ,5532.000,5532.000,0.000,Plus Materials                                    ,,387.2400,387.2400,0.0000,,,0,0,
12772,2/11/2026 12:00:00 AM,Monroe Processing Warehouse                  ,COMPLETED,SHREDDER/GRINDER (2ND SHIFT),Posted,2/12/2026 12:00:00 AM,5:57AM,,18:03:00,LBS    ,9074.000,9074.000,0.000,Plus Materials                                    ,,0.0000,0.0000,0.0000,,,30,0,
12778,2/11/2026 12:00:00 AM,Plus Monroe Warehouse                        ,COMPLETED,EXTRUDER (3RD SHIFT),Posted,2/12/2026 12:00:00 AM,5:58AM,,18:02:00,LBS    ,6442.000,6442.000,0.000,Plus Materials                                    ,,0.0000,0.0000,0.0000,,,13,0,
12780,2/11/2026 12:00:00 AM,Plus Monroe Warehouse                        ,COMPLETED,GUILLOTINE (3RD SHIFT),Posted,2/12/2026 12:00:00 AM,5:59AM,,18:01:00,LBS    ,7584.000,7584.000,0.000,Plus Materials                                    ,,12.9200,12.9200,0.0000,,,15,0,
12784,2/11/2026 12:00:00 AM,PRN Southeast                                ,COMPLETED,BALER,Posted,2/12/2026 12:00:00 AM,5:59AM,,18:01:00,LBS    ,1974.000,2550.000,-576.000,Plus Materials                                    ,,79.2000,177.9000,98.7000,,,7,2,
12785,2/12/2026 12:00:00 AM,Plus Monroe Warehouse                        ,COMPLETED,AUTO-TIE BALER (1ST SHIFT),Posted,2/13/2026 12:00:00 AM,5:55AM,,18:05:00,LBS    ,7156.000,7156.000,0.000,Plus Materials                                    ,,500.9200,500.9200,0.0000,,,204,8,
12786,2/12/2026 12:00:00 AM,Plus Monroe Warehouse                        ,COMPLETED,AVANGARD (OLD) (1ST SHIFT),Posted,2/13/2026 12:00:00 AM,5:55AM,,18:05:00,LBS    ,2155.000,2155.000,0.000,Plus Materials                                    ,,78.0551,78.0500,0.0000,,,20,0,
12789,2/12/2026 12:00:00 AM,Plus Monroe Warehouse                        ,COMPLETED,EXTRUDER (1ST SHIFT),Posted,2/13/2026 12:00:00 AM,5:55AM,,18:05:00,LBS    ,8465.000,8465.000,0.000,Plus Materials                                    ,,0.0000,0.0000,0.0000,,,0,1,
12791,2/12/2026 12:00:00 AM,Plus Monroe Warehouse                        ,COMPLETED,GUILLOTINE (1ST SHIFT),Posted,2/13/2026 12:00:00 AM,5:56AM,,18:04:00,LBS    ,6733.000,6733.000,0.000,Plus Materials                                    ,,471.3100,471.3100,0.0000,,,11,0,
12792,2/12/2026 12:00:00 AM,Plus Monroe Warehouse                        ,COMPLETED,SHREDDER (1ST SHIFT),Posted,2/13/2026 12:00:00 AM,5:56AM,,18:04:00,LBS    ,1327.000,1327.000,0.000,Plus Materials                                    ,,74.9701,74.9700,0.0000,,,0,9,
12793,2/12/2026 12:00:00 AM,Monroe Processing Warehouse                  ,COMPLETED,SHREDDER/GRINDER (1ST SHIFT),Posted,2/13/2026 12:00:00 AM,5:56AM,,18:04:00,LBS    ,10575.000,10575.000,0.000,Plus Materials                                    ,,0.0000,0.0000,0.0000,,,0,7,
12795,2/12/2026 12:00:00 AM,Plus Monroe Warehouse                        ,COMPLETED,AUTO-TIE BALER (2ND SHIFT),Posted,2/13/2026 12:00:00 AM,5:56AM,,18:04:00,LBS    ,6425.000,6425.000,0.000,Plus Materials                                    ,,42.1100,42.1100,0.0000,,,9,0,
12799,2/12/2026 12:00:00 AM,Plus Monroe Warehouse                        ,COMPLETED,EXTRUDER (2ND SHIFT),Posted,2/13/2026 12:00:00 AM,5:57AM,,18:03:00,LBS    ,8548.000,8548.000,0.000,Plus Materials                                    ,,598.3600,598.3600,0.0000,,,0,0,
12801,2/12/2026 12:00:00 AM,Plus Monroe Warehouse                        ,COMPLETED,GUILLOTINE (2ND SHIFT),Posted,2/13/2026 12:00:00 AM,5:57AM,,18:03:00,LBS    ,6443.000,6443.000,0.000,Plus Materials                                    ,,451.0100,451.0100,0.0000,,,0,0,
12803,2/12/2026 12:00:00 AM,Monroe Processing Warehouse                  ,COMPLETED,SHREDDER/GRINDER (2ND SHIFT),Posted,2/13/2026 12:00:00 AM,5:58AM,,18:02:00,LBS    ,10474.000,10474.000,0.000,Plus Materials                                    ,,0.0000,0.0000,0.0000,,,0,0,
12809,2/12/2026 12:00:00 AM,Plus Monroe Warehouse                        ,COMPLETED,EXTRUDER (3RD SHIFT),Posted,2/13/2026 12:00:00 AM,5:58AM,,18:02:00,LBS    ,5910.000,5910.000,0.000,Plus Materials                                    ,,0.0000,0.0000,0.0000,,,0,0,
12811,2/12/2026 12:00:00 AM,Plus Monroe Warehouse                        ,COMPLETED,GUILLOTINE (3RD SHIFT),Posted,2/13/2026 12:00:00 AM,5:59AM,,18:01:00,LBS    ,8436.000,8436.000,0.000,Plus Materials                                    ,,253.0800,253.0800,0.0000,,,13,0,
12815,2/12/2026 12:00:00 AM,PRN Southeast                                ,COMPLETED,BALER,Posted,2/13/2026 12:00:00 AM,5:59AM,,18:01:00,LBS    ,8280.000,8515.000,-235.000,Plus Materials                                    ,,483.2300,897.2400,414.0000,,,18,6,
12816,2/13/2026 12:00:00 AM,Plus Monroe Warehouse                        ,COMPLETED,AUTO-TIE BALER (1ST SHIFT),Posted,2/16/2026 12:00:00 AM,6:01AM,,17:59:00,LBS    ,4835.000,4835.000,0.000,Plus Materials                                    ,,96.2661,96.2600,0.0000,,,1,4,
12817,2/13/2026 12:00:00 AM,Plus Monroe Warehouse                        ,COMPLETED,AVANGARD (OLD) (1ST SHIFT),Posted,2/16/2026 12:00:00 AM,6:01AM,,17:59:00,LBS    ,1652.000,1652.000,0.000,Plus Materials                                    ,,0.0000,0.0000,0.0000,,,0,0,
12820,2/13/2026 12:00:00 AM,Plus Monroe Warehouse                        ,COMPLETED,EXTRUDER (1ST SHIFT),Posted,2/16/2026 12:00:00 AM,6:01AM,,17:59:00,LBS    ,8407.000,8407.000,0.000,Plus Materials                                    ,,0.0000,0.0000,0.0000,,,13,0,
12822,2/13/2026 12:00:00 AM,Plus Monroe Warehouse                        ,COMPLETED,GUILLOTINE (1ST SHIFT),Posted,2/16/2026 12:00:00 AM,6:02AM,,17:58:00,LBS    ,8424.000,8424.000,0.000,Plus Materials                                    ,,625.7730,625.7600,0.0000,,,11,2,
12823,2/13/2026 12:00:00 AM,Plus Monroe Warehouse                        ,COMPLETED,SHREDDER (1ST SHIFT),Posted,2/16/2026 12:00:00 AM,6:02AM,,17:58:00,LBS    ,1267.000,1267.000,0.000,Plus Materials                                    ,,12.6700,12.6700,0.0000,,,0,9,
12824,2/13/2026 12:00:00 AM,Monroe Processing Warehouse                  ,COMPLETED,SHREDDER/GRINDER (1ST SHIFT),Posted,2/16/2026 12:00:00 AM,6:02AM,,17:58:00,LBS    ,6825.000,6825.000,0.000,Plus Materials                                    ,,989.6250,989.6300,0.0000,,,0,5,
12826,2/13/2026 12:00:00 AM,Plus Monroe Warehouse                        ,COMPLETED,AUTO-TIE BALER (2ND SHIFT),Posted,2/16/2026 12:00:00 AM,6:03AM,,17:57:00,LBS    ,4518.000,4518.000,0.000,Plus Materials                                    ,,768.0700,768.0600,0.0000,,,0,0,
12830,2/13/2026 12:00:00 AM,Plus Monroe Warehouse                        ,COMPLETED,EXTRUDER (2ND SHIFT),Posted,2/16/2026 12:00:00 AM,6:04AM,,17:56:00,LBS    ,9850.000,9850.000,0.000,Plus Materials                                    ,,0.0000,0.0000,0.0000,,,0,0,
12832,2/13/2026 12:00:00 AM,Plus Monroe Warehouse                        ,COMPLETED,GUILLOTINE (2ND SHIFT),Posted,2/16/2026 12:00:00 AM,6:04AM,,17:56:00,LBS    ,6459.000,6459.000,0.000,Plus Materials                                    ,,465.0110,465.0100,0.0000,,,0,0,
12834,2/13/2026 12:00:00 AM,Monroe Processing Warehouse                  ,COMPLETED,SHREDDER/GRINDER (2ND SHIFT),Posted,2/16/2026 12:00:00 AM,6:05AM,,17:55:00,LBS    ,2110.000,2110.000,0.000,Plus Materials                                    ,,116.0461,116.0400,0.0000,,,3,0,
12840,2/13/2026 12:00:00 AM,Plus Monroe Warehouse                        ,COMPLETED,EXTRUDER (3RD SHIFT),Posted,2/16/2026 12:00:00 AM,6:06AM,,17:54:00,LBS    ,3034.000,3034.000,0.000,Plus Materials                                    ,,0.0000,0.0000,0.0000,,,0,1,
12846,2/13/2026 12:00:00 AM,PRN Southeast                                ,COMPLETED,BALER,Posted,2/16/2026 12:00:00 AM,6:07AM,,17:53:00,LBS    ,2105.000,3350.000,-1245.000,Plus Materials                                    ,,125.2900,230.5400,105.2500,,,8,2,
12847,2/16/2026 12:00:00 AM,Plus Monroe Warehouse                        ,COMPLETED,AUTO-TIE BALER (1ST SHIFT),Posted,2/17/2026 12:00:00 AM,5:06AM,,18:54:00,LBS    ,1448.000,1448.000,0.000,Plus Materials                                    ,,86.0608,86.0600,0.0000,,,3,1,
12848,2/16/2026 12:00:00 AM,Plus Monroe Warehouse                        ,COMPLETED,AVANGARD (OLD) (1ST SHIFT),Posted,2/17/2026 12:00:00 AM,5:07AM,,18:53:00,LBS    ,1256.000,1256.000,0.000,Plus Materials                                    ,,0.0000,0.0000,0.0000,,,0,0,
12851,2/16/2026 12:00:00 AM,Plus Monroe Warehouse                        ,COMPLETED,EXTRUDER (1ST SHIFT),Posted,2/17/2026 12:00:00 AM,5:07AM,,18:53:00,LBS    ,6347.000,6347.000,0.000,Plus Materials                                    ,,444.2900,444.2900,0.0000,,,7,0,
12853,2/16/2026 12:00:00 AM,Plus Monroe Warehouse                        ,COMPLETED,GUILLOTINE (1ST SHIFT),Posted,2/17/2026 12:00:00 AM,5:07AM,,18:53:00,LBS    ,11713.000,11713.000,0.000,Plus Materials                                    ,,565.1800,565.1700,0.0000,,,205,0,
12854,2/16/2026 12:00:00 AM,Plus Monroe Warehouse                        ,COMPLETED,SHREDDER (1ST SHIFT),Posted,2/17/2026 12:00:00 AM,5:07AM,,18:53:00,LBS    ,1156.000,1156.000,0.000,Plus Materials                                    ,,96.0355,96.0300,0.0000,,,10,8,
12855,2/16/2026 12:00:00 AM,Monroe Processing Warehouse                  ,COMPLETED,SHREDDER/GRINDER (1ST SHIFT),Posted,2/17/2026 12:00:00 AM,5:08AM,,18:52:00,LBS    ,2515.000,2515.000,0.000,Plus Materials                                    ,,0.0000,0.0000,0.0000,,,0,0,
12857,2/16/2026 12:00:00 AM,Plus Monroe Warehouse                        ,COMPLETED,AUTO-TIE BALER (2ND SHIFT),Posted,2/17/2026 12:00:00 AM,5:08AM,,18:52:00,LBS    ,6558.000,6558.000,0.000,Plus Materials                                    ,,-3.2313,-3.2200,0.0000,,,0,0,
12861,2/16/2026 12:00:00 AM,Plus Monroe Warehouse                        ,COMPLETED,EXTRUDER (2ND SHIFT),Posted,2/17/2026 12:00:00 AM,5:09AM,,18:51:00,LBS    ,9730.000,9730.000,0.000,Plus Materials                                    ,,681.1000,681.1000,0.0000,,,12,0,
12863,2/16/2026 12:00:00 AM,Plus Monroe Warehouse                        ,COMPLETED,GUILLOTINE (2ND SHIFT),Posted,2/17/2026 12:00:00 AM,5:09AM,,18:51:00,LBS    ,10225.000,10225.000,0.000,Plus Materials                                    ,,605.9900,605.9800,0.0000,,,10,0,
12865,2/16/2026 12:00:00 AM,Monroe Processing Warehouse                  ,COMPLETED,SHREDDER/GRINDER (2ND SHIFT),Posted,2/17/2026 12:00:00 AM,5:09AM,,18:51:00,LBS    ,1297.000,1297.000,0.000,Plus Materials                                    ,,109.6385,109.6400,0.0000,,,50,0,
12877,2/16/2026 12:00:00 AM,PRN Southeast                                ,COMPLETED,BALER,Posted,2/17/2026 12:00:00 AM,5:11AM,,18:49:00,LBS    ,28750.000,10360.000,18390.000,Plus Materials                                    ,,3958.8900,5396.3900,1437.5000,,,63,6,
12878,2/17/2026 12:00:00 AM,Plus Monroe Warehouse                        ,COMPLETED,AUTO-TIE BALER (1ST SHIFT),Posted,2/18/2026 12:00:00 AM,5:55AM,,18:05:00,LBS    ,7626.000,7626.000,0.000,Plus Materials                                    ,,160.9520,160.9400,0.0000,,,1,8,
12879,2/17/2026 12:00:00 AM,Plus Monroe Warehouse                        ,COMPLETED,AVANGARD (OLD) (1ST SHIFT),Posted,2/18/2026 12:00:00 AM,5:55AM,,18:05:00,LBS    ,1596.000,1596.000,0.000,Plus Materials                                    ,,28.9501,28.9500,0.0000,,,0,0,
12882,2/17/2026 12:00:00 AM,Plus Monroe Warehouse                        ,COMPLETED,EXTRUDER (1ST SHIFT),Posted,2/18/2026 12:00:00 AM,5:56AM,,18:04:00,LBS    ,8125.000,8125.000,0.000,Plus Materials                                    ,,568.7500,568.7500,0.0000,,,4,0,
12884,2/17/2026 12:00:00 AM,Plus Monroe Warehouse                        ,COMPLETED,GUILLOTINE (1ST SHIFT),Posted,2/18/2026 12:00:00 AM,5:56AM,,18:04:00,LBS    ,6911.000,6911.000,0.000,Plus Materials                                    ,,140.8100,140.8100,0.0000,,,0,1,
12885,2/17/2026 12:00:00 AM,Plus Monroe Warehouse                        ,COMPLETED,SHREDDER (1ST SHIFT),Posted,2/18/2026 12:00:00 AM,5:56AM,,18:04:00,LBS    ,1342.000,1342.000,0.000,Plus Materials                                    ,,13.4200,13.4200,0.0000,,,0,12,
12886,2/17/2026 12:00:00 AM,Monroe Processing Warehouse                  ,COMPLETED,SHREDDER/GRINDER (1ST SHIFT),Posted,2/18/2026 12:00:00 AM,5:56AM,,18:04:00,LBS    ,2479.000,2479.000,0.000,Plus Materials                                    ,,0.0000,0.0000,0.0000,,,0,0,
12888,2/17/2026 12:00:00 AM,Plus Monroe Warehouse                        ,COMPLETED,AUTO-TIE BALER (2ND SHIFT),Posted,2/18/2026 12:00:00 AM,5:57AM,,18:03:00,LBS    ,5060.000,5060.000,0.000,Plus Materials                                    ,,-21.3300,-21.3300,0.0000,,,16,0,
12892,2/17/2026 12:00:00 AM,Plus Monroe Warehouse                        ,COMPLETED,EXTRUDER (2ND SHIFT),Posted,2/18/2026 12:00:00 AM,5:57AM,,18:03:00,LBS    ,8998.000,8998.000,0.000,Plus Materials                                    ,,89.9800,89.9800,0.0000,,,0,0,
12894,2/17/2026 12:00:00 AM,Plus Monroe Warehouse                        ,COMPLETED,GUILLOTINE (2ND SHIFT),Posted,2/18/2026 12:00:00 AM,5:57AM,,18:03:00,LBS    ,1652.000,1652.000,0.000,Plus Materials                                    ,,-115.6400,-115.6400,0.0000,,,4,0,
12896,2/17/2026 12:00:00 AM,Monroe Processing Warehouse                  ,COMPLETED,SHREDDER/GRINDER (2ND SHIFT),Posted,2/18/2026 12:00:00 AM,5:58AM,,18:02:00,LBS    ,2609.000,2609.000,0.000,Plus Materials                                    ,,-5.2500,-5.2500,0.0000,,,21,0,
12902,2/17/2026 12:00:00 AM,Plus Monroe Warehouse                        ,COMPLETED,EXTRUDER (3RD SHIFT),Posted,2/18/2026 12:00:00 AM,5:59AM,,18:01:00,LBS    ,5748.000,5748.000,0.000,Plus Materials                                    ,,57.4800,57.4800,0.0000,,,0,0,
12904,2/17/2026 12:00:00 AM,Plus Monroe Warehouse                        ,COMPLETED,GUILLOTINE (3RD SHIFT),Posted,2/18/2026 12:00:00 AM,5:59AM,,18:01:00,LBS    ,7003.000,7003.000,0.000,Plus Materials                                    ,,467.4684,467.4600,0.0000,,,12,0,
12909,2/18/2026 12:00:00 AM,Plus Monroe Warehouse                        ,COMPLETED,AUTO-TIE BALER (1ST SHIFT),Posted,2/19/2026 12:00:00 AM,5:59AM,,18:01:00,LBS    ,7381.000,7381.000,0.000,Plus Materials                                    ,,-73.8100,-73.8100,0.0000,,,22,6,
12910,2/18/2026 12:00:00 AM,Plus Monroe Warehouse                        ,COMPLETED,AVANGARD (OLD) (1ST SHIFT),Posted,2/19/2026 12:00:00 AM,5:59AM,,18:01:00,LBS    ,1206.000,1206.000,0.000,Plus Materials                                    ,,127.7247,127.7300,0.0000,,,0,0,
12913,2/18/2026 12:00:00 AM,Plus Monroe Warehouse                        ,COMPLETED,EXTRUDER (1ST SHIFT),Posted,2/19/2026 12:00:00 AM,6:00AM,,18:00:00,LBS    ,8002.000,8002.000,0.000,Plus Materials                                    ,,152.7937,152.8100,0.0000,,,1,0,
12915,2/18/2026 12:00:00 AM,Plus Monroe Warehouse                        ,COMPLETED,GUILLOTINE (1ST SHIFT),Posted,2/19/2026 12:00:00 AM,6:00AM,,18:00:00,LBS    ,9298.000,9298.000,0.000,Plus Materials                                    ,,-433.2300,-433.2200,0.0000,,,1,0,
12916,2/18/2026 12:00:00 AM,Plus Monroe Warehouse                        ,COMPLETED,SHREDDER (1ST SHIFT),Posted,2/19/2026 12:00:00 AM,6:00AM,,18:00:00,LBS    ,907.000,907.000,0.000,Plus Materials                                    ,,58.5121,58.5200,0.0000,,,0,7,
12917,2/18/2026 12:00:00 AM,Monroe Processing Warehouse                  ,COMPLETED,SHREDDER/GRINDER (1ST SHIFT),Posted,2/19/2026 12:00:00 AM,6:00AM,,18:00:00,LBS    ,3458.000,3458.000,0.000,Plus Materials                                    ,,0.0000,0.0000,0.0000,,,80,0,
12919,2/18/2026 12:00:00 AM,Plus Monroe Warehouse                        ,COMPLETED,AUTO-TIE BALER (2ND SHIFT),Posted,2/19/2026 12:00:00 AM,6:01AM,,17:59:00,LBS    ,10116.000,10116.000,0.000,Plus Materials                                    ,,210.0725,210.0700,0.0000,,,10,0,
12923,2/18/2026 12:00:00 AM,Plus Monroe Warehouse                        ,COMPLETED,EXTRUDER (2ND SHIFT),Posted,2/19/2026 12:00:00 AM,6:01AM,,17:59:00,LBS    ,8120.000,8120.000,0.000,Plus Materials                                    ,,-324.8000,-324.8000,0.0000,,,5,0,
12925,2/18/2026 12:00:00 AM,Plus Monroe Warehouse                        ,COMPLETED,GUILLOTINE (2ND SHIFT),Posted,2/19/2026 12:00:00 AM,6:02AM,,17:58:00,LBS    ,7633.000,7633.000,0.000,Plus Materials                                    ,,-29.5200,-29.5300,0.0000,,,360,0,
12926,2/18/2026 12:00:00 AM,Plus Monroe Warehouse                        ,COMPLETED,SHREDDER (2ND SHIFT),Posted,2/19/2026 12:00:00 AM,6:02AM,,17:58:00,LBS    ,2828.000,2828.000,0.000,Plus Materials                                    ,,28.2800,28.2800,0.0000,,,0,0,
12927,2/18/2026 12:00:00 AM,Monroe Processing Warehouse                  ,COMPLETED,SHREDDER/GRINDER (2ND SHIFT),Posted,2/19/2026 12:00:00 AM,6:02AM,,17:58:00,LBS    ,2377.000,2377.000,0.000,Plus Materials                                    ,,142.6200,142.6200,0.0000,,,0,0,
12933,2/18/2026 12:00:00 AM,Plus Monroe Warehouse                        ,COMPLETED,EXTRUDER (3RD SHIFT),Posted,2/19/2026 12:00:00 AM,6:03AM,,17:57:00,LBS    ,5014.000,5014.000,0.000,Plus Materials                                    ,,-200.5600,-200.5600,0.0000,,,4,0,
12935,2/18/2026 12:00:00 AM,Plus Monroe Warehouse                        ,COMPLETED,GUILLOTINE (3RD SHIFT),Posted,2/19/2026 12:00:00 AM,6:03AM,,17:57:00,LBS    ,6395.000,6395.000,0.000,Plus Materials                                    ,,447.6500,447.6500,0.0000,,,0,0,
12940,2/19/2026 12:00:00 AM,Plus Monroe Warehouse                        ,COMPLETED,AUTO-TIE BALER (1ST SHIFT),Posted,2/20/2026 12:00:00 AM,5:53AM,,18:07:00,LBS    ,7924.000,7924.000,0.000,Plus Materials                                    ,,175.6499,175.6400,0.0000,,,2,5,
12941,2/19/2026 12:00:00 AM,Plus Monroe Warehouse                        ,COMPLETED,AVANGARD (OLD) (1ST SHIFT),Posted,2/20/2026 12:00:00 AM,5:53AM,,18:07:00,LBS    ,1988.000,1988.000,0.000,Plus Materials                                    ,,0.0000,0.0000,0.0000,,,0,0,
12944,2/19/2026 12:00:00 AM,Plus Monroe Warehouse                        ,COMPLETED,EXTRUDER (1ST SHIFT),Posted,2/20/2026 12:00:00 AM,5:54AM,,18:06:00,LBS    ,8114.000,8114.000,0.000,Plus Materials                                    ,,-324.5600,-324.5600,0.0000,,,5,0,
12946,2/19/2026 12:00:00 AM,Plus Monroe Warehouse                        ,COMPLETED,GUILLOTINE (1ST SHIFT),Posted,2/20/2026 12:00:00 AM,5:54AM,,18:06:00,LBS    ,5982.000,5982.000,0.000,Plus Materials                                    ,,-334.7400,-334.7400,0.0000,,,10,0,
12947,2/19/2026 12:00:00 AM,Plus Monroe Warehouse                        ,COMPLETED,SHREDDER (1ST SHIFT),Posted,2/20/2026 12:00:00 AM,5:54AM,,18:06:00,LBS    ,1199.000,1199.000,0.000,Plus Materials                                    ,,11.9900,11.9900,0.0000,,,0,9,
12948,2/19/2026 12:00:00 AM,Monroe Processing Warehouse                  ,COMPLETED,SHREDDER/GRINDER (1ST SHIFT),Posted,2/20/2026 12:00:00 AM,5:55AM,,18:05:00,LBS    ,3335.000,3335.000,0.000,Plus Materials                                    ,,200.1000,200.1000,0.0000,,,0,0,
12950,2/19/2026 12:00:00 AM,Plus Monroe Warehouse                        ,COMPLETED,AUTO-TIE BALER (2ND SHIFT),Posted,2/20/2026 12:00:00 AM,5:56AM,,18:04:00,LBS    ,5963.000,5963.000,0.000,Plus Materials                                    ,,163.9830,163.9900,0.0000,,,0,0,
12954,2/19/2026 12:00:00 AM,Plus Monroe Warehouse                        ,COMPLETED,EXTRUDER (2ND SHIFT),Posted,2/20/2026 12:00:00 AM,5:57AM,,18:03:00,LBS    ,8118.000,8118.000,0.000,Plus Materials                                    ,,-324.7200,-324.7200,0.0000,,,6,0,
12956,2/19/2026 12:00:00 AM,Plus Monroe Warehouse                        ,COMPLETED,GUILLOTINE (2ND SHIFT),Posted,2/20/2026 12:00:00 AM,5:57AM,,18:03:00,LBS    ,7292.000,7292.000,0.000,Plus Materials                                    ,,-99.6400,-99.6400,0.0000,,,0,0,
12957,2/19/2026 12:00:00 AM,Plus Monroe Warehouse                        ,COMPLETED,SHREDDER (2ND SHIFT),Posted,2/20/2026 12:00:00 AM,5:57AM,,18:03:00,LBS    ,165.000,165.000,0.000,Plus Materials                                    ,,12.4398,12.4400,0.0000,,,1,0,
12958,2/19/2026 12:00:00 AM,Monroe Processing Warehouse                  ,COMPLETED,SHREDDER/GRINDER (2ND SHIFT),Posted,2/20/2026 12:00:00 AM,5:57AM,,18:03:00,LBS    ,2357.000,2357.000,0.000,Plus Materials                                    ,,0.0000,0.0000,0.0000,,,1,0,
12964,2/19/2026 12:00:00 AM,Plus Monroe Warehouse                        ,COMPLETED,EXTRUDER (3RD SHIFT),Posted,2/20/2026 12:00:00 AM,5:58AM,,18:02:00,LBS    ,5800.000,5800.000,0.000,Plus Materials                                    ,,-13.8095,-13.8100,0.0000,,,40,0,
12966,2/19/2026 12:00:00 AM,Plus Monroe Warehouse                        ,COMPLETED,GUILLOTINE (3RD SHIFT),Posted,2/20/2026 12:00:00 AM,5:59AM,,18:01:00,LBS    ,6343.000,6343.000,0.000,Plus Materials                                    ,,948.3754,948.3700,0.0000,,,43,0,
12972,2/20/2026 12:00:00 AM,Plus Monroe Warehouse                        ,COMPLETED,AVANGARD (OLD) (1ST SHIFT),Posted,2/23/2026 12:00:00 AM,5:54AM,,18:06:00,LBS    ,785.000,785.000,0.000,Plus Materials                                    ,,0.0000,0.0000,0.0000,,,0,0,
12975,2/20/2026 12:00:00 AM,Plus Monroe Warehouse                        ,COMPLETED,EXTRUDER (1ST SHIFT),Posted,2/23/2026 12:00:00 AM,5:54AM,,18:06:00,LBS    ,6745.000,6754.000,-9.000,Plus Materials                                    ,,-16.0594,-16.0700,0.0000,,,0,0,
12977,2/20/2026 12:00:00 AM,Plus Monroe Warehouse                        ,COMPLETED,GUILLOTINE (1ST SHIFT),Posted,2/23/2026 12:00:00 AM,5:55AM,,18:05:00,LBS    ,5278.000,5278.000,0.000,Plus Materials                                    ,,789.1409,789.1400,0.0000,,,0,0,
12978,2/20/2026 12:00:00 AM,Plus Monroe Warehouse                        ,COMPLETED,SHREDDER (1ST SHIFT),Posted,2/23/2026 12:00:00 AM,5:55AM,,18:05:00,LBS    ,997.000,997.000,0.000,Plus Materials                                    ,,9.9700,9.9700,0.0000,,,0,9,
12981,2/20/2026 12:00:00 AM,Plus Monroe Warehouse                        ,COMPLETED,AUTO-TIE BALER (2ND SHIFT),Posted,2/23/2026 12:00:00 AM,5:55AM,,18:05:00,LBS    ,1328.000,1328.000,0.000,Plus Materials                                    ,,-46.4624,-46.4600,0.0000,,,0,0,
12985,2/20/2026 12:00:00 AM,Plus Monroe Warehouse                        ,COMPLETED,EXTRUDER (2ND SHIFT),Posted,2/23/2026 12:00:00 AM,5:56AM,,18:04:00,LBS    ,6794.000,6794.000,0.000,Plus Materials                                    ,,-16.1758,-16.1800,0.0000,,,0,0,
12987,2/20/2026 12:00:00 AM,Plus Monroe Warehouse                        ,COMPLETED,GUILLOTINE (2ND SHIFT),Posted,2/23/2026 12:00:00 AM,5:56AM,,18:04:00,LBS    ,6682.000,6682.000,0.000,Plus Materials                                    ,,999.0604,999.0600,0.0000,,,0,0,
12989,2/20/2026 12:00:00 AM,Monroe Processing Warehouse                  ,COMPLETED,SHREDDER/GRINDER (2ND SHIFT),Posted,2/23/2026 12:00:00 AM,5:57AM,,18:03:00,LBS    ,1819.000,1819.000,0.000,Plus Materials                                    ,,0.0000,0.0000,0.0000,,,5,0,
12995,2/20/2026 12:00:00 AM,Plus Monroe Warehouse                        ,COMPLETED,EXTRUDER (3RD SHIFT),Posted,2/23/2026 12:00:00 AM,5:58AM,,18:02:00,LBS    ,4858.000,4858.000,0.000,Plus Materials                                    ,,-11.5688,-11.5800,0.0000,,,0,0,
13002,2/23/2026 12:00:00 AM,Plus Monroe Warehouse                        ,COMPLETED,AUTO-TIE BALER (1ST SHIFT),Posted,2/24/2026 12:00:00 AM,5:07AM,,18:53:00,LBS    ,3143.000,3143.000,0.000,Plus Materials                                    ,,628.6000,628.6000,0.0000,,,0,2,
13003,2/23/2026 12:00:00 AM,Plus Monroe Warehouse                        ,COMPLETED,AVANGARD (OLD) (1ST SHIFT),Posted,2/24/2026 12:00:00 AM,5:07AM,,18:53:00,LBS    ,1770.000,1770.000,0.000,Plus Materials                                    ,,92.1941,92.1900,0.0000,,,6,0,
13006,2/23/2026 12:00:00 AM,Plus Monroe Warehouse                        ,COMPLETED,EXTRUDER (1ST SHIFT),Posted,2/24/2026 12:00:00 AM,5:07AM,,18:53:00,LBS    ,5900.000,5900.000,0.000,Plus Materials                                    ,,-14.0492,-14.0400,0.0000,,,0,0,
13008,2/23/2026 12:00:00 AM,Plus Monroe Warehouse                        ,COMPLETED,GUILLOTINE (1ST SHIFT),Posted,2/24/2026 12:00:00 AM,5:08AM,,18:52:00,LBS    ,5453.000,5453.000,0.000,Plus Materials                                    ,,815.3063,815.3100,0.0000,,,0,0,
13009,2/23/2026 12:00:00 AM,Plus Monroe Warehouse                        ,COMPLETED,SHREDDER (1ST SHIFT),Posted,2/24/2026 12:00:00 AM,5:08AM,,18:52:00,LBS    ,1051.000,1051.000,0.000,Plus Materials                                    ,,10.5100,10.5100,0.0000,,,0,9,
13010,2/23/2026 12:00:00 AM,Monroe Processing Warehouse                  ,COMPLETED,SHREDDER/GRINDER (1ST SHIFT),Posted,2/24/2026 12:00:00 AM,5:08AM,,18:52:00,LBS    ,2985.000,2985.000,0.000,Plus Materials                                    ,,-11.6300,-11.6300,0.0000,,,7,0,
13012,2/23/2026 12:00:00 AM,Plus Monroe Warehouse                        ,COMPLETED,AUTO-TIE BALER (2ND SHIFT),Posted,2/24/2026 12:00:00 AM,5:10AM,,18:50:00,LBS    ,6528.000,6528.000,0.000,Plus Materials                                    ,,290.4414,290.4400,0.0000,,,0,0,
13016,2/23/2026 12:00:00 AM,Plus Monroe Warehouse                        ,COMPLETED,EXTRUDER (2ND SHIFT),Posted,2/24/2026 12:00:00 AM,5:10AM,,18:50:00,LBS    ,9474.000,9474.000,0.000,Plus Materials                                    ,,663.1800,663.1800,0.0000,,,31,0,
13018,2/23/2026 12:00:00 AM,Plus Monroe Warehouse                        ,COMPLETED,GUILLOTINE (2ND SHIFT),Posted,2/24/2026 12:00:00 AM,5:11AM,,18:49:00,LBS    ,8274.000,8274.000,0.000,Plus Materials                                    ,,82.7400,82.7400,0.0000,,,12,0,
13020,2/23/2026 12:00:00 AM,Monroe Processing Warehouse                  ,COMPLETED,SHREDDER/GRINDER (2ND SHIFT),Posted,2/24/2026 12:00:00 AM,5:11AM,,18:49:00,LBS    ,4162.000,4162.000,0.000,Plus Materials                                    ,,41.6200,41.6200,0.0000,,,8,0,
13026,2/23/2026 12:00:00 AM,Plus Monroe Warehouse                        ,COMPLETED,EXTRUDER (3RD SHIFT),Posted,2/24/2026 12:00:00 AM,5:12AM,,18:48:00,LBS    ,5150.000,5150.000,0.000,Plus Materials                                    ,,360.5000,360.5000,0.0000,,,0,0,
13028,2/23/2026 12:00:00 AM,Plus Monroe Warehouse                        ,COMPLETED,GUILLOTINE (3RD SHIFT),Posted,2/24/2026 12:00:00 AM,5:12AM,,18:48:00,LBS    ,6543.000,6543.000,0.000,Plus Materials                                    ,,978.2808,978.2900,0.0000,,,0,0,
13033,2/24/2026 12:00:00 AM,Plus Monroe Warehouse                        ,COMPLETED,AUTO-TIE BALER (1ST SHIFT),Posted,2/25/2026 12:00:00 AM,5:52AM,,18:08:00,LBS    ,7355.000,7355.000,0.000,Plus Materials                                    ,,0.0000,0.0000,0.0000,,,15,5,
13034,2/24/2026 12:00:00 AM,Plus Monroe Warehouse                        ,COMPLETED,AVANGARD (OLD) (1ST SHIFT),Posted,2/25/2026 12:00:00 AM,5:52AM,,18:08:00,LBS    ,1236.000,1236.000,0.000,Plus Materials                                    ,,0.0000,0.0000,0.0000,,,0,0,
13037,2/24/2026 12:00:00 AM,Plus Monroe Warehouse                        ,COMPLETED,EXTRUDER (1ST SHIFT),Posted,2/25/2026 12:00:00 AM,5:52AM,,18:08:00,LBS    ,8070.000,8070.000,0.000,Plus Materials                                    ,,564.9000,564.9000,0.0000,,,7,0,
13039,2/24/2026 12:00:00 AM,Plus Monroe Warehouse                        ,COMPLETED,GUILLOTINE (1ST SHIFT),Posted,2/25/2026 12:00:00 AM,5:53AM,,18:07:00,LBS    ,9356.000,9356.000,0.000,Plus Materials                                    ,,631.7036,631.7200,0.0000,,,145,0,
13040,2/24/2026 12:00:00 AM,Plus Monroe Warehouse                        ,COMPLETED,SHREDDER (1ST SHIFT),Posted,2/25/2026 12:00:00 AM,5:53AM,,18:07:00,LBS    ,780.000,780.000,0.000,Plus Materials                                    ,,44.0676,44.0600,0.0000,,,5,4,
13041,2/24/2026 12:00:00 AM,Monroe Processing Warehouse                  ,COMPLETED,SHREDDER/GRINDER (1ST SHIFT),Posted,2/25/2026 12:00:00 AM,5:53AM,,18:07:00,LBS    ,3662.000,3662.000,0.000,Plus Materials                                    ,,66.6200,66.6200,0.0000,,,8,0,
13043,2/24/2026 12:00:00 AM,Plus Monroe Warehouse                        ,COMPLETED,AUTO-TIE BALER (2ND SHIFT),Posted,2/25/2026 12:00:00 AM,5:53AM,,18:07:00,LBS    ,7260.000,7260.000,0.000,Plus Materials                                    ,,17.2905,17.3000,0.0000,,,22,0,
13047,2/24/2026 12:00:00 AM,Plus Monroe Warehouse                        ,COMPLETED,EXTRUDER (2ND SHIFT),Posted,2/25/2026 12:00:00 AM,5:54AM,,18:06:00,LBS    ,6302.000,6302.000,0.000,Plus Materials                                    ,,441.1400,441.1400,0.0000,,,9,0,
13049,2/24/2026 12:00:00 AM,Plus Monroe Warehouse                        ,COMPLETED,GUILLOTINE (2ND SHIFT),Posted,2/25/2026 12:00:00 AM,5:54AM,,18:06:00,LBS    ,6628.000,6628.000,0.000,Plus Materials                                    ,,547.2800,547.2700,0.0000,,,48,0,
13051,2/24/2026 12:00:00 AM,Monroe Processing Warehouse                  ,COMPLETED,SHREDDER/GRINDER (2ND SHIFT),Posted,2/25/2026 12:00:00 AM,5:54AM,,18:06:00,LBS    ,3910.000,3910.000,0.000,Plus Materials                                    ,,351.9000,351.9000,0.0000,,,0,0,
13057,2/24/2026 12:00:00 AM,Plus Monroe Warehouse                        ,COMPLETED,EXTRUDER (3RD SHIFT),Posted,2/25/2026 12:00:00 AM,5:55AM,,18:05:00,LBS    ,4012.000,4012.000,0.000,Plus Materials                                    ,,280.8400,280.8400,0.0000,,,210,0,
13059,2/24/2026 12:00:00 AM,Plus Monroe Warehouse                        ,COMPLETED,GUILLOTINE (3RD SHIFT),Posted,2/25/2026 12:00:00 AM,5:56AM,,18:04:00,LBS    ,6506.000,6506.000,0.000,Plus Materials                                    ,,455.4200,455.4200,0.0000,,,0,0,
13063,2/24/2026 12:00:00 AM,PRN Southeast                                ,COMPLETED,BALER,Posted,2/25/2026 12:00:00 AM,5:56AM,,18:04:00,LBS    ,7575.000,7185.000,390.000,Plus Materials                                    ,,436.7900,815.5400,378.7500,,,29,5,
13064,2/25/2026 12:00:00 AM,Plus Monroe Warehouse                        ,COMPLETED,AUTO-TIE BALER (1ST SHIFT),Posted,2/26/2026 12:00:00 AM,5:51AM,,18:09:00,LBS    ,5874.000,5874.000,0.000,Plus Materials                                    ,,319.3423,319.3500,0.0000,,,19,5,
13065,2/25/2026 12:00:00 AM,Plus Monroe Warehouse                        ,COMPLETED,AVANGARD (OLD) (1ST SHIFT),Posted,2/26/2026 12:00:00 AM,5:51AM,,18:09:00,LBS    ,1049.000,1049.000,0.000,Plus Materials                                    ,,0.0000,0.0000,0.0000,,,0,0,
13068,2/25/2026 12:00:00 AM,Plus Monroe Warehouse                        ,COMPLETED,EXTRUDER (1ST SHIFT),Posted,2/26/2026 12:00:00 AM,5:51AM,,18:09:00,LBS    ,8864.000,8864.000,0.000,Plus Materials                                    ,,620.4800,620.4800,0.0000,,,0,0,
13070,2/25/2026 12:00:00 AM,Plus Monroe Warehouse                        ,COMPLETED,GUILLOTINE (1ST SHIFT),Posted,2/26/2026 12:00:00 AM,5:51AM,,18:09:00,LBS    ,7525.000,7525.000,0.000,Plus Materials                                    ,,1289.3592,1289.3600,0.0000,,,0,0,
13071,2/25/2026 12:00:00 AM,Plus Monroe Warehouse                        ,COMPLETED,SHREDDER (1ST SHIFT),Posted,2/26/2026 12:00:00 AM,5:52AM,,18:08:00,LBS    ,1420.000,1420.000,0.000,Plus Materials                                    ,,14.2000,14.2000,0.0000,,,0,11,
13072,2/25/2026 12:00:00 AM,Monroe Processing Warehouse                  ,COMPLETED,SHREDDER/GRINDER (1ST SHIFT),Posted,2/26/2026 12:00:00 AM,5:52AM,,18:08:00,LBS    ,4545.000,4545.000,0.000,Plus Materials                                    ,,545.4000,545.4000,0.0000,,,0,0,
13074,2/25/2026 12:00:00 AM,Plus Monroe Warehouse                        ,COMPLETED,AUTO-TIE BALER (2ND SHIFT),Posted,2/26/2026 12:00:00 AM,5:52AM,,18:08:00,LBS    ,6217.000,6217.000,0.000,Plus Materials                                    ,,-46.2600,-46.2600,0.0000,,,8,0,
13078,2/25/2026 12:00:00 AM,Plus Monroe Warehouse                        ,COMPLETED,EXTRUDER (2ND SHIFT),Posted,2/26/2026 12:00:00 AM,5:53AM,,18:07:00,LBS    ,7822.000,7822.000,0.000,Plus Materials                                    ,,529.7282,529.7300,0.0000,,,0,0,
13080,2/25/2026 12:00:00 AM,Plus Monroe Warehouse                        ,COMPLETED,GUILLOTINE (2ND SHIFT),Posted,2/26/2026 12:00:00 AM,5:53AM,,18:07:00,LBS    ,6624.000,6624.000,0.000,Plus Materials                                    ,,438.2306,438.2500,0.0000,,,0,0,
13082,2/25/2026 12:00:00 AM,Monroe Processing Warehouse                  ,COMPLETED,SHREDDER/GRINDER (2ND SHIFT),Posted,2/26/2026 12:00:00 AM,5:53AM,,18:07:00,LBS    ,4069.000,4069.000,0.000,Plus Materials                                    ,,488.2800,488.2800,0.0000,,,0,0,
13088,2/25/2026 12:00:00 AM,Plus Monroe Warehouse                        ,COMPLETED,EXTRUDER (3RD SHIFT),Posted,2/26/2026 12:00:00 AM,5:54AM,,18:06:00,LBS    ,4260.000,4260.000,0.000,Plus Materials                                    ,,636.9375,636.9300,0.0000,,,0,0,
13094,2/25/2026 12:00:00 AM,PRN Southeast                                ,COMPLETED,BALER,Posted,2/26/2026 12:00:00 AM,5:55AM,,18:05:00,LBS    ,6935.000,6990.000,-55.000,Plus Materials                                    ,,365.4700,712.2200,346.7500,,,28,4,
13096,2/26/2026 12:00:00 AM,Plus Monroe Warehouse                        ,COMPLETED,AVANGARD (OLD) (1ST SHIFT),Posted,2/27/2026 12:00:00 AM,5:51AM,,18:09:00,LBS    ,1850.000,1850.000,0.000,Plus Materials                                    ,,18.5000,18.5000,0.0000,,,4,0,
13099,2/26/2026 12:00:00 AM,Plus Monroe Warehouse                        ,COMPLETED,EXTRUDER (1ST SHIFT),Posted,2/27/2026 12:00:00 AM,5:52AM,,18:08:00,LBS    ,8214.000,8214.000,0.000,Plus Materials                                    ,,1676.2891,1676.2900,0.0000,,,7,0,
13101,2/26/2026 12:00:00 AM,Plus Monroe Warehouse                        ,COMPLETED,GUILLOTINE (1ST SHIFT),Posted,2/27/2026 12:00:00 AM,5:52AM,,18:08:00,LBS    ,9575.000,9575.000,0.000,Plus Materials                                    ,,1318.5107,1318.4900,0.0000,,,32,3,
13102,2/26/2026 12:00:00 AM,Plus Monroe Warehouse                        ,COMPLETED,SHREDDER (1ST SHIFT),Posted,2/27/2026 12:00:00 AM,5:52AM,,18:08:00,LBS    ,1277.000,1277.000,0.000,Plus Materials                                    ,,12.7700,12.7700,0.0000,,,0,10,
13103,2/26/2026 12:00:00 AM,Monroe Processing Warehouse                  ,COMPLETED,SHREDDER/GRINDER (1ST SHIFT),Posted,2/27/2026 12:00:00 AM,5:52AM,,18:08:00,LBS    ,4322.000,4322.000,0.000,Plus Materials                                    ,,345.7600,345.7600,0.0000,,,0,0,
13105,2/26/2026 12:00:00 AM,Plus Monroe Warehouse                        ,COMPLETED,AUTO-TIE BALER (2ND SHIFT),Posted,2/27/2026 12:00:00 AM,5:53AM,,18:07:00,LBS    ,3155.000,3155.000,0.000,Plus Materials                                    ,,182.4908,182.4900,0.0000,,,3,0,
13109,2/26/2026 12:00:00 AM,Plus Monroe Warehouse                        ,COMPLETED,EXTRUDER (2ND SHIFT),Posted,2/27/2026 12:00:00 AM,5:53AM,,18:07:00,LBS    ,8310.000,8310.000,0.000,Plus Materials                                    ,,914.1000,914.1000,0.0000,,,75,0,
13111,2/26/2026 12:00:00 AM,Plus Monroe Warehouse                        ,COMPLETED,GUILLOTINE (2ND SHIFT),Posted,2/27/2026 12:00:00 AM,5:54AM,,18:06:00,LBS    ,6910.000,6910.000,0.000,Plus Materials                                    ,,475.1576,475.1500,0.0000,,,0,0,
13113,2/26/2026 12:00:00 AM,Monroe Processing Warehouse                  ,COMPLETED,SHREDDER/GRINDER (2ND SHIFT),Posted,2/27/2026 12:00:00 AM,5:54AM,,18:06:00,LBS    ,2428.000,2428.000,0.000,Plus Materials                                    ,,559.2322,559.2300,0.0000,,,3,0,
13119,2/26/2026 12:00:00 AM,Plus Monroe Warehouse                        ,COMPLETED,EXTRUDER (3RD SHIFT),Posted,2/27/2026 12:00:00 AM,5:55AM,,18:05:00,LBS    ,1360.000,1360.000,0.000,Plus Materials                                    ,,306.6453,306.6500,0.0000,,,0,0,
13121,2/26/2026 12:00:00 AM,Plus Monroe Warehouse                        ,COMPLETED,GUILLOTINE (3RD SHIFT),Posted,2/27/2026 12:00:00 AM,5:55AM,,18:05:00,LBS    ,4802.000,4802.000,0.000,Plus Materials                                    ,,979.9775,979.9700,0.0000,,,0,0,
13125,2/26/2026 12:00:00 AM,PRN Southeast                                ,COMPLETED,BALER,Posted,2/27/2026 12:00:00 AM,5:56AM,,18:04:00,LBS    ,4020.000,5620.000,-1600.000,Plus Materials                                    ,,184.4500,385.4500,201.0000,,,18,3,
13126,2/27/2026 12:00:00 AM,Plus Monroe Warehouse                        ,COMPLETED,AUTO-TIE BALER (1ST SHIFT),Posted,3/2/2026 12:00:00 AM,5:52AM,,18:08:00,LBS    ,1065.000,1065.000,0.000,Plus Materials                                    ,,0.0000,0.0000,0.0000,,,5,1,
13127,2/27/2026 12:00:00 AM,Plus Monroe Warehouse                        ,COMPLETED,AVANGARD (OLD) (1ST SHIFT),Posted,3/2/2026 12:00:00 AM,5:52AM,,18:08:00,LBS    ,900.000,900.000,0.000,Plus Materials                                    ,,101.1245,101.1200,0.0000,,,0,1,
13130,2/27/2026 12:00:00 AM,Plus Monroe Warehouse                        ,COMPLETED,EXTRUDER (1ST SHIFT),Posted,3/2/2026 12:00:00 AM,5:52AM,,18:08:00,LBS    ,8166.000,8166.000,0.000,Plus Materials                                    ,,0.0000,0.0000,0.0000,,,13,0,
13132,2/27/2026 12:00:00 AM,Plus Monroe Warehouse                        ,COMPLETED,GUILLOTINE (1ST SHIFT),Posted,3/2/2026 12:00:00 AM,5:53AM,,18:07:00,LBS    ,12665.000,12665.000,0.000,Plus Materials                                    ,,670.6500,670.6700,0.0000,,,11,0,
13133,2/27/2026 12:00:00 AM,Plus Monroe Warehouse                        ,COMPLETED,SHREDDER (1ST SHIFT),Posted,3/2/2026 12:00:00 AM,5:53AM,,18:07:00,LBS    ,337.000,337.000,0.000,Plus Materials                                    ,,7.3509,7.3500,0.0000,,,0,3,
13134,2/27/2026 12:00:00 AM,Monroe Processing Warehouse                  ,COMPLETED,SHREDDER/GRINDER (1ST SHIFT),Posted,3/2/2026 12:00:00 AM,5:53AM,,18:07:00,LBS    ,4245.000,4245.000,0.000,Plus Materials                                    ,,339.6000,339.6000,0.0000,,,0,0,
13136,2/27/2026 12:00:00 AM,Plus Monroe Warehouse                        ,COMPLETED,AUTO-TIE BALER (2ND SHIFT),Posted,3/2/2026 12:00:00 AM,5:54AM,,18:06:00,LBS    ,1317.000,1317.000,0.000,Plus Materials                                    ,,105.0109,105.0100,0.0000,,,48,0,
13140,2/27/2026 12:00:00 AM,Plus Monroe Warehouse                        ,COMPLETED,EXTRUDER (2ND SHIFT),Posted,3/2/2026 12:00:00 AM,5:54AM,,18:06:00,LBS    ,8582.000,8582.000,0.000,Plus Materials                                    ,,0.0000,0.0000,0.0000,,,0,0,
13142,2/27/2026 12:00:00 AM,Plus Monroe Warehouse                        ,COMPLETED,GUILLOTINE (2ND SHIFT),Posted,3/2/2026 12:00:00 AM,5:55AM,,18:05:00,LBS    ,8630.000,8630.000,0.000,Plus Materials                                    ,,599.3971,599.3900,0.0000,,,0,0,
13144,2/27/2026 12:00:00 AM,Monroe Processing Warehouse                  ,COMPLETED,SHREDDER/GRINDER (2ND SHIFT),Posted,3/2/2026 12:00:00 AM,5:55AM,,18:05:00,LBS    ,2360.000,2360.000,0.000,Plus Materials                                    ,,188.8000,188.8000,0.0000,,,0,0,
13150,2/27/2026 12:00:00 AM,Plus Monroe Warehouse                        ,COMPLETED,EXTRUDER (3RD SHIFT),Posted,3/2/2026 12:00:00 AM,5:56AM,,18:04:00,LBS    ,4770.000,4770.000,0.000,Plus Materials                                    ,,333.9000,333.9000,0.0000,,,8,0,
13152,2/27/2026 12:00:00 AM,Plus Monroe Warehouse                        ,COMPLETED,GUILLOTINE (3RD SHIFT),Posted,3/2/2026 12:00:00 AM,5:56AM,,18:04:00,LBS    ,3930.000,3930.000,0.000,Plus Materials                                    ,,275.1000,275.1000,0.0000,,,10,0,
13156,2/27/2026 12:00:00 AM,PRN Southeast                                ,COMPLETED,BALER,Posted,3/2/2026 12:00:00 AM,5:57AM,,18:03:00,LBS    ,2415.000,1945.000,470.000,Plus Materials                                    ,,140.3100,261.0600,120.7500,,,10,1,
13157,3/2/2026 12:00:00 AM,Plus Monroe Warehouse                        ,COMPLETED,AUTO-TIE BALER (1ST SHIFT),Posted,3/3/2026 12:00:00 AM,5:15AM,,18:45:00,LBS    ,1858.000,1858.000,0.000,Plus Materials                                    ,,167.2200,167.2200,0.0000,,,0,2,
13158,3/2/2026 12:00:00 AM,Plus Monroe Warehouse                        ,COMPLETED,AVANGARD (OLD) (1ST SHIFT),Posted,3/3/2026 12:00:00 AM,5:15AM,,18:45:00,LBS    ,1201.000,1201.000,0.000,Plus Materials                                    ,,0.0000,0.0000,0.0000,,,0,0,
13161,3/2/2026 12:00:00 AM,Plus Monroe Warehouse                        ,COMPLETED,EXTRUDER (1ST SHIFT),Posted,3/3/2026 12:00:00 AM,5:15AM,,18:45:00,LBS    ,7455.000,7455.000,0.000,Plus Materials                                    ,,521.8500,521.8500,0.0000,,,204,0,
13163,3/2/2026 12:00:00 AM,Plus Monroe Warehouse                        ,COMPLETED,GUILLOTINE (1ST SHIFT),Posted,3/3/2026 12:00:00 AM,5:15AM,,18:45:00,LBS    ,8450.000,8450.000,0.000,Plus Materials                                    ,,692.1500,692.1400,0.0000,,,0,2,
13164,3/2/2026 12:00:00 AM,Plus Monroe Warehouse                        ,COMPLETED,SHREDDER (1ST SHIFT),Posted,3/3/2026 12:00:00 AM,5:16AM,,18:44:00,LBS    ,1312.000,1312.000,0.000,Plus Materials                                    ,,13.1200,13.1200,0.0000,,,0,11,
13165,3/2/2026 12:00:00 AM,Monroe Processing Warehouse                  ,COMPLETED,SHREDDER/GRINDER (1ST SHIFT),Posted,3/3/2026 12:00:00 AM,5:16AM,,18:44:00,LBS    ,4140.000,4140.000,0.000,Plus Materials                                    ,,331.2000,331.2000,0.0000,,,4,0,
13167,3/2/2026 12:00:00 AM,Plus Monroe Warehouse                        ,COMPLETED,AUTO-TIE BALER (2ND SHIFT),Posted,3/3/2026 12:00:00 AM,5:16AM,,18:44:00,LBS    ,5010.000,5010.000,0.000,Plus Materials                                    ,,-29.9094,-29.9100,0.0000,,,0,0,
13171,3/2/2026 12:00:00 AM,Plus Monroe Warehouse                        ,COMPLETED,EXTRUDER (2ND SHIFT),Posted,3/3/2026 12:00:00 AM,5:17AM,,18:43:00,LBS    ,9266.000,9266.000,0.000,Plus Materials                                    ,,1028.5034,1028.5000,0.0000,,,17,0,
13173,3/2/2026 12:00:00 AM,Plus Monroe Warehouse                        ,COMPLETED,GUILLOTINE (2ND SHIFT),Posted,3/3/2026 12:00:00 AM,5:17AM,,18:43:00,LBS    ,9302.000,9302.000,0.000,Plus Materials                                    ,,845.7300,845.7500,0.0000,,,16,0,
13181,3/2/2026 12:00:00 AM,Plus Monroe Warehouse                        ,COMPLETED,EXTRUDER (3RD SHIFT),Posted,3/3/2026 12:00:00 AM,5:18AM,,18:42:00,LBS    ,3524.000,3524.000,0.000,Plus Materials                                    ,,105.7200,105.7200,0.0000,,,0,0,
13183,3/2/2026 12:00:00 AM,Plus Monroe Warehouse                        ,COMPLETED,GUILLOTINE (3RD SHIFT),Posted,3/3/2026 12:00:00 AM,5:18AM,,18:42:00,LBS    ,6033.000,6033.000,0.000,Plus Materials                                    ,,422.3100,422.3100,0.0000,,,0,0,
13187,3/2/2026 12:00:00 AM,PRN Southeast                                ,COMPLETED,BALER,Posted,3/3/2026 12:00:00 AM,5:19AM,,18:41:00,LBS    ,3610.000,3796.000,-186.000,Plus Materials                                    ,,203.8900,384.3900,180.5000,,,12,2,
13189,3/2/2026 12:00:00 AM,Plus Ryder Midwest                           ,COMPLETED,BALER,Posted,3/2/2026 12:00:00 AM,1:59PM,,10:01:00,LBS    ,69340.000,69340.000,0.000,Plus Materials                                    ,,114.4375,114.4400,0.0000,,,0,2,
13190,3/2/2026 12:00:00 AM,Plus Ryder Midwest                           ,COMPLETED,BOGUS,Posted,3/2/2026 12:00:00 AM,2:17PM,,09:43:00,LBS    ,88618.000,88618.000,0.000,Plus Materials                                    ,,6902.7421,6902.7400,0.0000,,,88,3,
13191,3/2/2026 12:00:00 AM,Plus Ryder Midwest                           ,COMPLETED,BOGUS,Posted,3/2/2026 12:00:00 AM,2:26PM,,09:34:00,LBS    ,77359.000,77359.000,0.000,Plus Materials                                    ,,7119.7674,7119.7700,0.0000,,,75,4,
13192,3/2/2026 12:00:00 AM,Plus Ryder Midwest                           ,COMPLETED,BOGUS,Posted,3/2/2026 12:00:00 AM,2:35PM,,09:25:00,LBS    ,77044.000,77044.000,0.000,Plus Materials                                    ,,6921.9206,6921.9200,0.0000,,,51,4,
13193,3/2/2026 12:00:00 AM,Plus Ryder Midwest                           ,COMPLETED,BOGUS,Posted,3/2/2026 12:00:00 AM,2:42PM,,09:18:00,LBS    ,22859.000,22859.000,0.000,Plus Materials                                    ,,1805.6920,1805.6900,0.0000,,,26,2,
13194,3/3/2026 12:00:00 AM,Plus Monroe Warehouse                        ,COMPLETED,AUTO-TIE BALER (1ST SHIFT),Posted,3/4/2026 12:00:00 AM,5:56AM,,18:04:00,LBS    ,6290.000,6290.000,0.000,Plus Materials                                    ,,-42.7882,-42.7900,0.0000,,,7,5,
13195,3/3/2026 12:00:00 AM,Plus Monroe Warehouse                        ,COMPLETED,AVANGARD (OLD) (1ST SHIFT),Posted,3/4/2026 12:00:00 AM,5:56AM,,18:04:00,LBS    ,1185.000,1185.000,0.000,Plus Materials                                    ,,0.0000,0.0000,0.0000,,,0,0,
13198,3/3/2026 12:00:00 AM,Plus Monroe Warehouse                        ,COMPLETED,EXTRUDER (1ST SHIFT),Posted,3/4/2026 12:00:00 AM,5:57AM,,18:03:00,LBS    ,8200.000,8200.000,0.000,Plus Materials                                    ,,574.0000,574.0000,0.0000,,,8,0,
13200,3/3/2026 12:00:00 AM,Plus Monroe Warehouse                        ,COMPLETED,GUILLOTINE (1ST SHIFT),Posted,3/4/2026 12:00:00 AM,5:57AM,,18:03:00,LBS    ,4719.000,4719.000,0.000,Plus Materials                                    ,,330.3300,330.3300,0.0000,,,10,6,
13201,3/3/2026 12:00:00 AM,Plus Monroe Warehouse                        ,COMPLETED,SHREDDER (1ST SHIFT),Posted,3/4/2026 12:00:00 AM,5:57AM,,18:03:00,LBS    ,1429.000,1429.000,0.000,Plus Materials                                    ,,14.2900,14.2900,0.0000,,,0,14,
13202,3/3/2026 12:00:00 AM,Monroe Processing Warehouse                  ,COMPLETED,SHREDDER/GRINDER (1ST SHIFT),Posted,3/4/2026 12:00:00 AM,5:57AM,,18:03:00,LBS    ,2878.000,2878.000,0.000,Plus Materials                                    ,,28.7800,28.7800,0.0000,,,0,0,
13204,3/3/2026 12:00:00 AM,Plus Monroe Warehouse                        ,COMPLETED,AUTO-TIE BALER (2ND SHIFT),Posted,3/4/2026 12:00:00 AM,5:58AM,,18:02:00,LBS    ,2412.000,2412.000,0.000,Plus Materials                                    ,,0.0000,0.0000,0.0000,,,7,0,
13208,3/3/2026 12:00:00 AM,Plus Monroe Warehouse                        ,COMPLETED,EXTRUDER (2ND SHIFT),Posted,3/4/2026 12:00:00 AM,5:58AM,,18:02:00,LBS    ,9076.000,9076.000,0.000,Plus Materials                                    ,,635.3200,635.3200,0.0000,,,204,0,
13210,3/3/2026 12:00:00 AM,Plus Monroe Warehouse                        ,COMPLETED,GUILLOTINE (2ND SHIFT),Posted,3/4/2026 12:00:00 AM,5:59AM,,18:01:00,LBS    ,7373.000,7373.000,0.000,Plus Materials                                    ,,516.1100,516.1100,0.0000,,,0,0,
13212,3/3/2026 12:00:00 AM,Monroe Processing Warehouse                  ,COMPLETED,SHREDDER/GRINDER (2ND SHIFT),Posted,3/4/2026 12:00:00 AM,5:59AM,,18:01:00,LBS    ,3170.000,3170.000,0.000,Plus Materials                                    ,,31.7000,31.7000,0.0000,,,0,0,
13218,3/3/2026 12:00:00 AM,Plus Monroe Warehouse                        ,COMPLETED,EXTRUDER (3RD SHIFT),Posted,3/4/2026 12:00:00 AM,6:00AM,,18:00:00,LBS    ,4716.000,4716.000,0.000,Plus Materials                                    ,,330.1200,330.1200,0.0000,,,0,0,
13220,3/3/2026 12:00:00 AM,Plus Monroe Warehouse                        ,COMPLETED,GUILLOTINE (3RD SHIFT),Posted,3/4/2026 12:00:00 AM,6:00AM,,18:00:00,LBS    ,8505.000,8505.000,0.000,Plus Materials                                    ,,595.3500,595.3500,0.0000,,,1,0,
13225,3/3/2026 12:00:00 AM,Plus Ryder Midwest                           ,COMPLETED,BOGUS,Posted,3/3/2026 12:00:00 AM,2:34PM,,09:26:00,LBS    ,15148.000,15148.000,0.000,Plus Materials                                    ,,1258.3722,1258.3700,0.0000,,,66,1,
13226,3/3/2026 12:00:00 AM,Plus Ryder Midwest                           ,COMPLETED,BOGUS,Posted,3/3/2026 12:00:00 AM,2:40PM,,09:20:00,LBS    ,15182.000,15182.000,0.000,Plus Materials                                    ,,453.1454,453.1500,0.0000,,,0,2,
13227,3/4/2026 12:00:00 AM,Plus Monroe Warehouse                        ,COMPLETED,AUTO-TIE BALER (1ST SHIFT),Posted,3/5/2026 12:00:00 AM,5:56AM,,18:04:00,LBS    ,3574.000,3574.000,0.000,Plus Materials                                    ,,-41.3800,-41.3800,0.0000,,,20,3,
13228,3/4/2026 12:00:00 AM,Plus Monroe Warehouse                        ,COMPLETED,AVANGARD (OLD) (1ST SHIFT),Posted,3/5/2026 12:00:00 AM,5:56AM,,18:04:00,LBS    ,814.000,814.000,0.000,Plus Materials                                    ,,0.0000,0.0000,0.0000,,,0,0,
13231,3/4/2026 12:00:00 AM,Plus Monroe Warehouse                        ,COMPLETED,EXTRUDER (1ST SHIFT),Posted,3/5/2026 12:00:00 AM,5:56AM,,18:04:00,LBS    ,8214.000,8214.000,0.000,Plus Materials                                    ,,574.9800,574.9800,0.0000,,,0,0,
13233,3/4/2026 12:00:00 AM,Plus Monroe Warehouse                        ,COMPLETED,GUILLOTINE (1ST SHIFT),Posted,3/5/2026 12:00:00 AM,5:57AM,,18:03:00,LBS    ,11023.000,11023.000,0.000,Plus Materials                                    ,,771.6100,771.6100,0.0000,,,0,12,
13234,3/4/2026 12:00:00 AM,Plus Monroe Warehouse                        ,COMPLETED,SHREDDER (1ST SHIFT),Posted,3/5/2026 12:00:00 AM,5:57AM,,18:03:00,LBS    ,733.000,733.000,0.000,Plus Materials                                    ,,7.3300,7.3300,0.0000,,,0,7,
13235,3/4/2026 12:00:00 AM,Monroe Processing Warehouse                  ,COMPLETED,SHREDDER/GRINDER (1ST SHIFT),Posted,3/5/2026 12:00:00 AM,5:57AM,,18:03:00,LBS    ,7040.000,7040.000,0.000,Plus Materials                                    ,,70.4000,70.4000,0.0000,,,18,0,
13237,3/4/2026 12:00:00 AM,Plus Monroe Warehouse                        ,COMPLETED,AUTO-TIE BALER (2ND SHIFT),Posted,3/5/2026 12:00:00 AM,5:57AM,,18:03:00,LBS    ,3291.000,3291.000,0.000,Plus Materials                                    ,,-52.0500,-52.0500,0.0000,,,11,0,
13241,3/4/2026 12:00:00 AM,Plus Monroe Warehouse                        ,COMPLETED,EXTRUDER (2ND SHIFT),Posted,3/5/2026 12:00:00 AM,5:58AM,,18:02:00,LBS    ,8300.000,8300.000,0.000,Plus Materials                                    ,,581.0000,581.0000,0.0000,,,0,0,
13243,3/4/2026 12:00:00 AM,Plus Monroe Warehouse                        ,COMPLETED,GUILLOTINE (2ND SHIFT),Posted,3/5/2026 12:00:00 AM,5:58AM,,18:02:00,LBS    ,6089.000,6089.000,0.000,Plus Materials                                    ,,376.3500,376.3600,0.0000,,,4,0,
13245,3/4/2026 12:00:00 AM,Monroe Processing Warehouse                  ,COMPLETED,SHREDDER/GRINDER (2ND SHIFT),Posted,3/5/2026 12:00:00 AM,5:59AM,,18:01:00,LBS    ,2777.000,2777.000,0.000,Plus Materials                                    ,,27.7700,27.7700,0.0000,,,0,0,
13251,3/4/2026 12:00:00 AM,Plus Monroe Warehouse                        ,COMPLETED,EXTRUDER (3RD SHIFT),Posted,3/5/2026 12:00:00 AM,5:59AM,,18:01:00,LBS    ,5274.000,5274.000,0.000,Plus Materials                                    ,,369.1800,369.1800,0.0000,,,0,0,
13257,3/5/2026 12:00:00 AM,Plus Monroe Warehouse                        ,COMPLETED,AUTO-TIE BALER (1ST SHIFT),Posted,3/6/2026 12:00:00 AM,5:52AM,,18:08:00,LBS    ,4735.000,4735.000,0.000,Plus Materials                                    ,,0.0000,0.0000,0.0000,,,13,4,
13258,3/5/2026 12:00:00 AM,Plus Monroe Warehouse                        ,COMPLETED,AVANGARD (OLD) (1ST SHIFT),Posted,3/6/2026 12:00:00 AM,5:52AM,,18:08:00,LBS    ,1036.000,1036.000,0.000,Plus Materials                                    ,,0.0000,0.0000,0.0000,,,0,0,
13261,3/5/2026 12:00:00 AM,Plus Monroe Warehouse                        ,COMPLETED,EXTRUDER (1ST SHIFT),Posted,3/6/2026 12:00:00 AM,5:52AM,,18:08:00,LBS    ,7652.000,7652.000,0.000,Plus Materials                                    ,,535.6400,535.6400,0.0000,,,7,0,
13263,3/5/2026 12:00:00 AM,Plus Monroe Warehouse                        ,COMPLETED,GUILLOTINE (1ST SHIFT),Posted,3/6/2026 12:00:00 AM,5:53AM,,18:07:00,LBS    ,5119.000,5119.000,0.000,Plus Materials                                    ,,350.6994,350.7000,0.0000,,,14,5,
13265,3/5/2026 12:00:00 AM,Monroe Processing Warehouse                  ,COMPLETED,SHREDDER/GRINDER (1ST SHIFT),Posted,3/6/2026 12:00:00 AM,5:53AM,,18:07:00,LBS    ,2334.000,2334.000,0.000,Plus Materials                                    ,,140.0400,140.0400,0.0000,,,0,0,
13267,3/5/2026 12:00:00 AM,Plus Monroe Warehouse                        ,COMPLETED,AUTO-TIE BALER (2ND SHIFT),Posted,3/6/2026 12:00:00 AM,5:53AM,,18:07:00,LBS    ,4312.000,4312.000,0.000,Plus Materials                                    ,,268.9571,268.9600,0.0000,,,1,0,
13271,3/5/2026 12:00:00 AM,Plus Monroe Warehouse                        ,COMPLETED,EXTRUDER (2ND SHIFT),Posted,3/6/2026 12:00:00 AM,5:54AM,,18:06:00,LBS    ,7158.000,7158.000,0.000,Plus Materials                                    ,,501.0600,501.0600,0.0000,,,202,0,
13273,3/5/2026 12:00:00 AM,Plus Monroe Warehouse                        ,COMPLETED,GUILLOTINE (2ND SHIFT),Posted,3/6/2026 12:00:00 AM,5:54AM,,18:06:00,LBS    ,6132.000,6132.000,0.000,Plus Materials                                    ,,429.2400,429.2400,0.0000,,,0,0,
13275,3/5/2026 12:00:00 AM,Monroe Processing Warehouse                  ,COMPLETED,SHREDDER/GRINDER (2ND SHIFT),Posted,3/6/2026 12:00:00 AM,5:54AM,,18:06:00,LBS    ,6361.000,6361.000,0.000,Plus Materials                                    ,,508.8800,508.8800,0.0000,,,21,0,
13281,3/5/2026 12:00:00 AM,Plus Monroe Warehouse                        ,COMPLETED,EXTRUDER (3RD SHIFT),Posted,3/6/2026 12:00:00 AM,5:55AM,,18:05:00,LBS    ,2764.000,2764.000,0.000,Plus Materials                                    ,,-97.6502,-97.6500,0.0000,,,0,0,
13283,3/5/2026 12:00:00 AM,Plus Monroe Warehouse                        ,COMPLETED,GUILLOTINE (3RD SHIFT),Posted,3/6/2026 12:00:00 AM,5:56AM,,18:04:00,LBS    ,3835.000,3835.000,0.000,Plus Materials                                    ,,268.4500,268.4500,0.0000,,,0,0,
13288,3/6/2026 12:00:00 AM,Plus Monroe Warehouse                        ,COMPLETED,AUTO-TIE BALER (1ST SHIFT),Posted,3/9/2026 12:00:00 AM,5:52AM,,18:08:00,LBS    ,5893.000,5893.000,0.000,Plus Materials                                    ,,24.1700,24.1700,0.0000,,,43,5,
13292,3/6/2026 12:00:00 AM,Plus Monroe Warehouse                        ,COMPLETED,EXTRUDER (1ST SHIFT),Posted,3/9/2026 12:00:00 AM,5:53AM,,18:07:00,LBS    ,7077.000,7077.000,0.000,Plus Materials                                    ,,343.0000,342.9900,0.0000,,,0,0,
13294,3/6/2026 12:00:00 AM,Plus Monroe Warehouse                        ,COMPLETED,GUILLOTINE (1ST SHIFT),Posted,3/9/2026 12:00:00 AM,5:53AM,,18:07:00,LBS    ,15459.000,15459.000,0.000,Plus Materials                                    ,,-379.6942,-379.6900,0.0000,,,15,7,
13295,3/6/2026 12:00:00 AM,Plus Monroe Warehouse                        ,COMPLETED,SHREDDER (1ST SHIFT),Posted,3/9/2026 12:00:00 AM,5:53AM,,18:07:00,LBS    ,945.000,945.000,0.000,Plus Materials                                    ,,53.3887,53.3900,0.0000,,,0,6,
13296,3/6/2026 12:00:00 AM,Monroe Processing Warehouse                  ,COMPLETED,SHREDDER/GRINDER (1ST SHIFT),Posted,3/9/2026 12:00:00 AM,5:53AM,,18:07:00,LBS    ,5179.000,5179.000,0.000,Plus Materials                                    ,,414.3200,414.3200,0.0000,,,0,0,
13298,3/6/2026 12:00:00 AM,Plus Monroe Warehouse                        ,COMPLETED,AUTO-TIE BALER (2ND SHIFT),Posted,3/9/2026 12:00:00 AM,5:54AM,,18:06:00,LBS    ,1852.000,1852.000,0.000,Plus Materials                                    ,,116.3290,116.3300,0.0000,,,12,0,
13302,3/6/2026 12:00:00 AM,Plus Monroe Warehouse                        ,COMPLETED,EXTRUDER (2ND SHIFT),Posted,3/9/2026 12:00:00 AM,5:54AM,,18:06:00,LBS    ,9196.000,9196.000,0.000,Plus Materials                                    ,,757.5100,757.5100,0.0000,,,0,0,
12072,1/7/2026 12:00:00 AM,Plus Monroe Warehouse                        ,COMPLETED,GUILLOTINE (2ND SHIFT),Posted,1/8/2026 12:00:00 AM,5:15AM,,18:45:00,LBS    ,10359.000,10351.000,8.000,Plus Materials                                    ,,0.0000,0.0000,0.0000,,,14,0,
12073,1/7/2026 12:00:00 AM,Plus Monroe Warehouse                        ,COMPLETED,SHREDDER (2ND SHIFT),Posted,1/8/2026 12:00:00 AM,5:15AM,,18:45:00,LBS    ,4209.000,4209.000,0.000,Plus Materials                                    ,,0.0000,0.0000,0.0000,,,1,0,
12074,1/7/2026 12:00:00 AM,Monroe Processing Warehouse                  ,COMPLETED,SHREDDER/GRINDER (2ND SHIFT),Posted,1/8/2026 12:00:00 AM,5:15AM,,18:45:00,LBS    ,3823.000,3823.000,0.000,Plus Materials                                    ,,0.0000,0.0000,0.0000,,,1,0,
12078,1/8/2026 12:00:00 AM,Plus Monroe Warehouse                        ,COMPLETED,AVANGARD (OLD) (1ST SHIFT),Posted,1/9/2026 12:00:00 AM,5:11AM,,18:49:00,LBS    ,2166.000,2166.000,0.000,Plus Materials                                    ,,76.2690,76.2700,0.0000,,,0,2,
12081,1/8/2026 12:00:00 AM,Plus Monroe Warehouse                        ,COMPLETED,EXTRUDER (1ST SHIFT),Posted,1/9/2026 12:00:00 AM,5:11AM,,18:49:00,LBS    ,8360.000,8360.000,0.000,Plus Materials                                    ,,0.0000,0.0000,0.0000,,,0,0,
12083,1/8/2026 12:00:00 AM,Plus Monroe Warehouse                        ,COMPLETED,GUILLOTINE (1ST SHIFT),Posted,1/9/2026 12:00:00 AM,5:12AM,,18:48:00,LBS    ,4881.000,4881.000,0.000,Plus Materials                                    ,,488.1000,488.1000,0.0000,,,0,0,
12084,1/8/2026 12:00:00 AM,Plus Monroe Warehouse                        ,COMPLETED,SHREDDER (1ST SHIFT),Posted,1/9/2026 12:00:00 AM,5:12AM,,18:48:00,LBS    ,3111.000,3111.000,0.000,Plus Materials                                    ,,0.0000,0.0000,0.0000,,,0,0,
12085,1/8/2026 12:00:00 AM,Monroe Processing Warehouse                  ,COMPLETED,SHREDDER/GRINDER (1ST SHIFT),Posted,1/9/2026 12:00:00 AM,5:12AM,,18:48:00,LBS    ,4671.000,4671.000,0.000,Plus Materials                                    ,,6.1392,6.1400,0.0000,,,0,0,
12088,1/8/2026 12:00:00 AM,Plus Monroe Warehouse                        ,COMPLETED,AVANGARD (OLD) (2ND SHIFT),Posted,1/9/2026 12:00:00 AM,5:13AM,,18:47:00,LBS    ,2967.000,2967.000,0.000,Plus Materials                                    ,,0.0000,0.0000,0.0000,,,0,0,
12091,1/8/2026 12:00:00 AM,Plus Monroe Warehouse                        ,COMPLETED,EXTRUDER (2ND SHIFT),Posted,1/9/2026 12:00:00 AM,5:13AM,,18:47:00,LBS    ,5142.000,5142.000,0.000,Plus Materials                                    ,,0.0000,0.0000,0.0000,,,0,0,
12093,1/8/2026 12:00:00 AM,Plus Monroe Warehouse                        ,COMPLETED,GUILLOTINE (2ND SHIFT),Posted,1/9/2026 12:00:00 AM,5:13AM,,18:47:00,LBS    ,8747.000,8747.000,0.000,Plus Materials                                    ,,117.5600,117.5600,0.0000,,,12,0,
12094,1/8/2026 12:00:00 AM,Plus Monroe Warehouse                        ,COMPLETED,SHREDDER (2ND SHIFT),Posted,1/9/2026 12:00:00 AM,5:14AM,,18:46:00,LBS    ,4460.000,4460.000,0.000,Plus Materials                                    ,,0.0000,0.0000,0.0000,,,1,0,
12095,1/8/2026 12:00:00 AM,Monroe Processing Warehouse                  ,COMPLETED,SHREDDER/GRINDER (2ND SHIFT),Posted,1/9/2026 12:00:00 AM,5:14AM,,18:46:00,LBS    ,4816.000,4816.000,0.000,Plus Materials                                    ,,192.6400,192.6400,0.0000,,,0,0,
12099,1/9/2026 12:00:00 AM,Plus Monroe Warehouse                        ,COMPLETED,AVANGARD (OLD) (1ST SHIFT),Posted,1/12/2026 12:00:00 AM,5:14AM,,18:46:00,LBS    ,3169.000,3169.000,0.000,Plus Materials                                    ,,106.3423,106.3500,0.0000,,,52,2,
12102,1/9/2026 12:00:00 AM,Plus Monroe Warehouse                        ,COMPLETED,EXTRUDER (1ST SHIFT),Posted,1/12/2026 12:00:00 AM,5:14AM,,18:46:00,LBS    ,8325.000,8325.000,0.000,Plus Materials                                    ,,0.0000,0.0000,0.0000,,,0,0,
12104,1/9/2026 12:00:00 AM,Plus Monroe Warehouse                        ,COMPLETED,GUILLOTINE (1ST SHIFT),Posted,1/12/2026 12:00:00 AM,5:15AM,,18:45:00,LBS    ,7459.000,7459.000,0.000,Plus Materials                                    ,,402.0532,402.0500,0.0000,,,38,0,
12105,1/9/2026 12:00:00 AM,Plus Monroe Warehouse                        ,COMPLETED,SHREDDER (1ST SHIFT),Posted,1/12/2026 12:00:00 AM,5:15AM,,18:45:00,LBS    ,5410.000,5410.000,0.000,Plus Materials                                    ,,0.0000,0.0000,0.0000,,,1,0,
12106,1/9/2026 12:00:00 AM,Monroe Processing Warehouse                  ,COMPLETED,SHREDDER/GRINDER (1ST SHIFT),Posted,1/12/2026 12:00:00 AM,5:15AM,,18:45:00,LBS    ,7392.000,7392.000,0.000,Plus Materials                                    ,,398.4425,398.4400,0.0000,,,0,0,
12109,1/9/2026 12:00:00 AM,Plus Monroe Warehouse                        ,COMPLETED,AVANGARD (OLD) (2ND SHIFT),Posted,1/12/2026 12:00:00 AM,5:15AM,,18:45:00,LBS    ,1922.000,1922.000,0.000,Plus Materials                                    ,,64.4970,64.5000,0.0000,,,0,0,
12112,1/9/2026 12:00:00 AM,Plus Monroe Warehouse                        ,COMPLETED,EXTRUDER (2ND SHIFT),Posted,1/12/2026 12:00:00 AM,5:16AM,,18:44:00,LBS    ,6576.000,6576.000,0.000,Plus Materials                                    ,,0.0000,0.0000,0.0000,,,12,0,
12114,1/9/2026 12:00:00 AM,Plus Monroe Warehouse                        ,COMPLETED,GUILLOTINE (2ND SHIFT),Posted,1/12/2026 12:00:00 AM,5:16AM,,18:44:00,LBS    ,10000.000,10000.000,0.000,Plus Materials                                    ,,283.4684,283.4700,0.0000,,,0,0,
12115,1/9/2026 12:00:00 AM,Plus Monroe Warehouse                        ,COMPLETED,SHREDDER (2ND SHIFT),Posted,1/12/2026 12:00:00 AM,5:16AM,,18:44:00,LBS    ,4169.000,4169.000,0.000,Plus Materials                                    ,,0.0000,0.0000,0.0000,,,1,0,
12116,1/9/2026 12:00:00 AM,Monroe Processing Warehouse                  ,COMPLETED,SHREDDER/GRINDER (2ND SHIFT),Posted,1/12/2026 12:00:00 AM,5:17AM,,18:43:00,LBS    ,4784.000,4784.000,0.000,Plus Materials                                    ,,257.8669,257.8700,0.0000,,,0,0,
12120,1/12/2026 12:00:00 AM,Plus Monroe Warehouse                        ,COMPLETED,AVANGARD (OLD) (1ST SHIFT),Posted,1/13/2026 12:00:00 AM,5:07AM,,18:53:00,LBS    ,1602.000,1602.000,0.000,Plus Materials                                    ,,53.7582,53.7600,0.0000,,,0,1,
12123,1/12/2026 12:00:00 AM,Plus Monroe Warehouse                        ,COMPLETED,EXTRUDER (1ST SHIFT),Posted,1/13/2026 12:00:00 AM,5:08AM,,18:52:00,LBS    ,9575.000,9575.000,0.000,Plus Materials                                    ,,0.0000,0.0000,0.0000,,,0,0,
12125,1/12/2026 12:00:00 AM,Plus Monroe Warehouse                        ,COMPLETED,GUILLOTINE (1ST SHIFT),Posted,1/13/2026 12:00:00 AM,5:08AM,,18:52:00,LBS    ,6523.000,6523.000,0.000,Plus Materials                                    ,,351.6013,351.5900,0.0000,,,0,0,
12126,1/12/2026 12:00:00 AM,Plus Monroe Warehouse                        ,COMPLETED,SHREDDER (1ST SHIFT),Posted,1/13/2026 12:00:00 AM,5:08AM,,18:52:00,LBS    ,4042.000,4042.000,0.000,Plus Materials                                    ,,0.0000,0.0000,0.0000,,,1,0,
12127,1/12/2026 12:00:00 AM,Monroe Processing Warehouse                  ,COMPLETED,SHREDDER/GRINDER (1ST SHIFT),Posted,1/13/2026 12:00:00 AM,5:09AM,,18:51:00,LBS    ,3595.000,3595.000,0.000,Plus Materials                                    ,,193.7773,193.7800,0.0000,,,0,0,
12129,1/12/2026 12:00:00 AM,Plus Monroe Warehouse                        ,COMPLETED,AUTO-TIE BALER (2ND SHIFT),Posted,1/13/2026 12:00:00 AM,5:09AM,,18:51:00,LBS    ,2063.000,2063.000,0.000,Plus Materials                                    ,,41.6600,41.6500,0.0000,,,0,0,
12133,1/12/2026 12:00:00 AM,Plus Monroe Warehouse                        ,COMPLETED,EXTRUDER (2ND SHIFT),Posted,1/13/2026 12:00:00 AM,5:10AM,,18:50:00,LBS    ,6658.000,6658.000,0.000,Plus Materials                                    ,,0.0000,0.0000,0.0000,,,14,0,
12135,1/12/2026 12:00:00 AM,Plus Monroe Warehouse                        ,COMPLETED,GUILLOTINE (2ND SHIFT),Posted,1/13/2026 12:00:00 AM,5:10AM,,18:50:00,LBS    ,7089.000,7089.000,0.000,Plus Materials                                    ,,106.3200,106.3200,0.0000,,,0,0,
12137,1/12/2026 12:00:00 AM,Monroe Processing Warehouse                  ,COMPLETED,SHREDDER/GRINDER (2ND SHIFT),Posted,1/13/2026 12:00:00 AM,5:10AM,,18:50:00,LBS    ,2335.000,2335.000,0.000,Plus Materials                                    ,,125.8602,125.8700,0.0000,,,0,0,
12140,1/12/2026 12:00:00 AM,Plus Monroe Warehouse                        ,COMPLETED,REPACKAGING,Posted,1/13/2026 12:00:00 AM,1:22PM,,10:38:00,LBS    ,10863.000,10863.000,0.000,Plus Materials                                    ,,0.0000,0.0000,0.0000,,,24,0,
12141,1/13/2026 12:00:00 AM,Plus Monroe Warehouse                        ,COMPLETED,AUTO-TIE BALER (1ST SHIFT),Posted,1/14/2026 12:00:00 AM,5:10AM,,18:50:00,LBS    ,6039.000,6039.000,0.000,Plus Materials                                    ,,892.0490,892.0500,0.0000,,,38,4,
12142,1/13/2026 12:00:00 AM,Plus Monroe Warehouse                        ,COMPLETED,AVANGARD (OLD) (1ST SHIFT),Posted,1/14/2026 12:00:00 AM,5:11AM,,18:49:00,LBS    ,1716.000,1716.000,0.000,Plus Materials                                    ,,57.5833,57.5800,0.0000,,,0,1,
12145,1/13/2026 12:00:00 AM,Plus Monroe Warehouse                        ,COMPLETED,EXTRUDER (1ST SHIFT),Posted,1/14/2026 12:00:00 AM,5:11AM,,18:49:00,LBS    ,10075.000,10075.000,0.000,Plus Materials                                    ,,0.0000,0.0000,0.0000,,,0,0,
12147,1/13/2026 12:00:00 AM,Plus Monroe Warehouse                        ,COMPLETED,GUILLOTINE (1ST SHIFT),Posted,1/14/2026 12:00:00 AM,5:11AM,,18:49:00,LBS    ,6426.000,6426.000,0.000,Plus Materials                                    ,,-45.6277,-45.6300,0.0000,,,0,0,
12148,1/13/2026 12:00:00 AM,Plus Monroe Warehouse                        ,COMPLETED,SHREDDER (1ST SHIFT),Posted,1/14/2026 12:00:00 AM,5:12AM,,18:48:00,LBS    ,373.000,373.000,0.000,Plus Materials                                    ,,0.0000,0.0000,0.0000,,,0,0,
12152,1/13/2026 12:00:00 AM,Plus Monroe Warehouse                        ,COMPLETED,AUTO-TIE BALER (2ND SHIFT),Posted,1/14/2026 12:00:00 AM,5:12AM,,18:48:00,LBS    ,6648.000,6648.000,0.000,Plus Materials                                    ,,779.1419,779.1400,0.0000,,,23,0,
12156,1/13/2026 12:00:00 AM,Plus Monroe Warehouse                        ,COMPLETED,EXTRUDER (2ND SHIFT),Posted,1/14/2026 12:00:00 AM,5:13AM,,18:47:00,LBS    ,8150.000,8150.000,0.000,Plus Materials                                    ,,570.5000,570.5000,0.0000,,,10,0,
12158,1/13/2026 12:00:00 AM,Plus Monroe Warehouse                        ,COMPLETED,GUILLOTINE (2ND SHIFT),Posted,1/14/2026 12:00:00 AM,5:13AM,,18:47:00,LBS    ,8292.000,8292.000,0.000,Plus Materials                                    ,,263.6122,263.6100,0.0000,,,7,0,
12160,1/13/2026 12:00:00 AM,Monroe Processing Warehouse                  ,COMPLETED,SHREDDER/GRINDER (2ND SHIFT),Posted,1/14/2026 12:00:00 AM,5:13AM,,18:47:00,LBS    ,6190.000,6190.000,0.000,Plus Materials                                    ,,373.2337,373.2300,0.0000,,,14,0,
12163,1/14/2026 12:00:00 AM,Plus Monroe Warehouse                        ,COMPLETED,AUTO-TIE BALER (1ST SHIFT),Posted,1/15/2026 12:00:00 AM,5:11AM,,18:49:00,LBS    ,4447.000,4447.000,0.000,Plus Materials                                    ,,111.1750,111.1900,0.0000,,,10,3,
12164,1/14/2026 12:00:00 AM,Plus Monroe Warehouse                        ,COMPLETED,AVANGARD (OLD) (1ST SHIFT),Posted,1/15/2026 12:00:00 AM,5:11AM,,18:49:00,LBS    ,1312.000,1312.000,0.000,Plus Materials                                    ,,44.0271,44.0300,0.0000,,,0,1,
12167,1/14/2026 12:00:00 AM,Plus Monroe Warehouse                        ,COMPLETED,EXTRUDER (1ST SHIFT),Posted,1/15/2026 12:00:00 AM,5:12AM,,18:48:00,LBS    ,7662.000,7662.000,0.000,Plus Materials                                    ,,133.4900,133.5000,0.0000,,,0,0,
12169,1/14/2026 12:00:00 AM,Plus Monroe Warehouse                        ,COMPLETED,GUILLOTINE (1ST SHIFT),Posted,1/15/2026 12:00:00 AM,5:12AM,,18:48:00,LBS    ,8479.000,8479.000,0.000,Plus Materials                                    ,,166.5791,166.5800,0.0000,,,35,0,
12171,1/14/2026 12:00:00 AM,Monroe Processing Warehouse                  ,COMPLETED,SHREDDER/GRINDER (1ST SHIFT),Posted,1/15/2026 12:00:00 AM,5:12AM,,18:48:00,LBS    ,5338.000,5338.000,0.000,Plus Materials                                    ,,104.8704,104.8800,0.0000,,,0,0,
12174,1/14/2026 12:00:00 AM,Plus Monroe Warehouse                        ,COMPLETED,AUTO-TIE BALER (2ND SHIFT),Posted,1/15/2026 12:00:00 AM,5:13AM,,18:47:00,LBS    ,5278.000,5278.000,0.000,Plus Materials                                    ,,131.9500,131.9600,0.0000,,,38,0,
12178,1/14/2026 12:00:00 AM,Plus Monroe Warehouse                        ,COMPLETED,EXTRUDER (2ND SHIFT),Posted,1/15/2026 12:00:00 AM,5:14AM,,18:46:00,LBS    ,6667.000,6667.000,0.000,Plus Materials                                    ,,-48.7778,-48.7800,0.0000,,,1,0,
12182,1/14/2026 12:00:00 AM,Monroe Processing Warehouse                  ,COMPLETED,SHREDDER/GRINDER (2ND SHIFT),Posted,1/15/2026 12:00:00 AM,5:14AM,,18:46:00,LBS    ,4889.000,4889.000,0.000,Plus Materials                                    ,,96.0496,96.0500,0.0000,,,0,0,
12186,1/15/2026 12:00:00 AM,Plus Monroe Warehouse                        ,COMPLETED,AUTO-TIE BALER (1ST SHIFT),Posted,1/16/2026 12:00:00 AM,5:09AM,,18:51:00,LBS    ,9894.000,9894.000,0.000,Plus Materials                                    ,,247.3550,247.3600,0.0000,,,31,6,
12187,1/15/2026 12:00:00 AM,Plus Monroe Warehouse                        ,COMPLETED,AVANGARD (OLD) (1ST SHIFT),Posted,1/16/2026 12:00:00 AM,5:09AM,,18:51:00,LBS    ,1073.000,1073.000,0.000,Plus Materials                                    ,,36.0063,36.0100,0.0000,,,0,1,
12190,1/15/2026 12:00:00 AM,Plus Monroe Warehouse                        ,COMPLETED,EXTRUDER (1ST SHIFT),Posted,1/16/2026 12:00:00 AM,5:09AM,,18:51:00,LBS    ,8028.000,8028.000,0.000,Plus Materials                                    ,,401.4000,401.4000,0.0000,,,8,0,
12192,1/15/2026 12:00:00 AM,Plus Monroe Warehouse                        ,COMPLETED,GUILLOTINE (1ST SHIFT),Posted,1/16/2026 12:00:00 AM,5:10AM,,18:50:00,LBS    ,12054.000,12054.000,0.000,Plus Materials                                    ,,626.3900,626.4000,0.0000,,,10,0,
12194,1/15/2026 12:00:00 AM,Monroe Processing Warehouse                  ,COMPLETED,SHREDDER/GRINDER (1ST SHIFT),Posted,1/16/2026 12:00:00 AM,5:10AM,,18:50:00,LBS    ,3608.000,3608.000,0.000,Plus Materials                                    ,,225.8257,225.8200,0.0000,,,12,0,
12197,1/15/2026 12:00:00 AM,Plus Monroe Warehouse                        ,COMPLETED,AUTO-TIE BALER (2ND SHIFT),Posted,1/16/2026 12:00:00 AM,5:11AM,,18:49:00,LBS    ,6188.000,6188.000,0.000,Plus Materials                                    ,,154.7048,154.7200,0.0000,,,14,0,
12201,1/15/2026 12:00:00 AM,Plus Monroe Warehouse                        ,COMPLETED,EXTRUDER (2ND SHIFT),Posted,1/16/2026 12:00:00 AM,5:11AM,,18:49:00,LBS    ,6478.000,6478.000,0.000,Plus Materials                                    ,,453.4600,453.4600,0.0000,,,204,0,
12203,1/15/2026 12:00:00 AM,Plus Monroe Warehouse                        ,COMPLETED,GUILLOTINE (2ND SHIFT),Posted,1/16/2026 12:00:00 AM,5:11AM,,18:49:00,LBS    ,15827.000,15827.000,0.000,Plus Materials                                    ,,668.8600,668.8400,0.0000,,,27,0,
12205,1/15/2026 12:00:00 AM,Monroe Processing Warehouse                  ,COMPLETED,SHREDDER/GRINDER (2ND SHIFT),Posted,1/16/2026 12:00:00 AM,5:12AM,,18:48:00,LBS    ,7720.000,7720.000,0.000,Plus Materials                                    ,,515.5928,515.6000,0.0000,,,17,0,
12209,1/16/2026 12:00:00 AM,Plus Monroe Warehouse                        ,COMPLETED,AVANGARD (OLD) (1ST SHIFT),Posted,1/19/2026 12:00:00 AM,5:11AM,,18:49:00,LBS    ,1078.000,1078.000,0.000,Plus Materials                                    ,,36.1757,36.1800,0.0000,,,0,1,
12212,1/16/2026 12:00:00 AM,Plus Monroe Warehouse                        ,COMPLETED,EXTRUDER (1ST SHIFT),Posted,1/19/2026 12:00:00 AM,5:11AM,,18:49:00,LBS    ,7252.000,7252.000,0.000,Plus Materials                                    ,,507.6400,507.6400,0.0000,,,10,0,
12214,1/16/2026 12:00:00 AM,Plus Monroe Warehouse                        ,COMPLETED,GUILLOTINE (1ST SHIFT),Posted,1/19/2026 12:00:00 AM,5:12AM,,18:48:00,LBS    ,12590.000,12590.000,0.000,Plus Materials                                    ,,881.3000,881.3000,0.0000,,,0,0,
12216,1/16/2026 12:00:00 AM,Monroe Processing Warehouse                  ,COMPLETED,SHREDDER/GRINDER (1ST SHIFT),Posted,1/19/2026 12:00:00 AM,5:12AM,,18:48:00,LBS    ,3052.000,3052.000,0.000,Plus Materials                                    ,,523.6749,523.6700,0.0000,,,2,0,
12222,1/16/2026 12:00:00 AM,Plus Monroe Warehouse                        ,COMPLETED,EXTRUDER (2ND SHIFT),Posted,1/19/2026 12:00:00 AM,5:13AM,,18:47:00,LBS    ,8076.000,8076.000,0.000,Plus Materials                                    ,,484.5600,484.5600,0.0000,,,8,0,
12224,1/16/2026 12:00:00 AM,Plus Monroe Warehouse                        ,COMPLETED,GUILLOTINE (2ND SHIFT),Posted,1/19/2026 12:00:00 AM,5:13AM,,18:47:00,LBS    ,8851.000,8851.000,0.000,Plus Materials                                    ,,221.2750,221.3000,0.0000,,,22,0,
12226,1/16/2026 12:00:00 AM,Monroe Processing Warehouse                  ,COMPLETED,SHREDDER/GRINDER (2ND SHIFT),Posted,1/19/2026 12:00:00 AM,5:13AM,,18:47:00,LBS    ,8834.000,8834.000,0.000,Plus Materials                                    ,,1280.9300,1280.9400,0.0000,,,25,0,
12229,1/19/2026 12:00:00 AM,Plus Monroe Warehouse                        ,COMPLETED,AUTO-TIE BALER (1ST SHIFT),Posted,1/20/2026 12:00:00 AM,5:07AM,,18:53:00,LBS    ,8551.000,8551.000,0.000,Plus Materials                                    ,,-51.0436,-51.0400,0.0000,,,19,5,
12230,1/19/2026 12:00:00 AM,Monroe Processing Warehouse                  ,COMPLETED,SHREDDER/GRINDER (1ST SHIFT),Posted,1/20/2026 12:00:00 AM,5:07AM,,18:53:00,LBS    ,5685.000,5685.000,0.000,Plus Materials                                    ,,0.0000,0.0000,0.0000,,,0,4,
12233,1/19/2026 12:00:00 AM,Plus Monroe Warehouse                        ,COMPLETED,EXTRUDER (1ST SHIFT),Posted,1/20/2026 12:00:00 AM,5:08AM,,18:52:00,LBS    ,9054.000,9054.000,0.000,Plus Materials                                    ,,0.0000,0.0000,0.0000,,,12,0,
12235,1/19/2026 12:00:00 AM,Plus Monroe Warehouse                        ,COMPLETED,GUILLOTINE (1ST SHIFT),Posted,1/20/2026 12:00:00 AM,5:08AM,,18:52:00,LBS    ,13374.000,13374.000,0.000,Plus Materials                                    ,,2553.9463,2553.9400,0.0000,,,32,0,
12237,1/19/2026 12:00:00 AM,Monroe Processing Warehouse                  ,COMPLETED,SHREDDER/GRINDER (1ST SHIFT),Posted,1/20/2026 12:00:00 AM,5:08AM,,18:52:00,LBS    ,3255.000,3255.000,0.000,Plus Materials                                    ,,325.5000,325.5000,0.0000,,,0,0,
12239,1/19/2026 12:00:00 AM,Plus Monroe Warehouse                        ,COMPLETED,AUTO-TIE BALER (2ND SHIFT),Posted,1/20/2026 12:00:00 AM,5:09AM,,18:51:00,LBS    ,6800.000,6800.000,0.000,Plus Materials                                    ,,50.9696,50.9700,0.0000,,,11,0,
12243,1/19/2026 12:00:00 AM,Plus Monroe Warehouse                        ,COMPLETED,EXTRUDER (2ND SHIFT),Posted,1/20/2026 12:00:00 AM,5:09AM,,18:51:00,LBS    ,8012.000,8012.000,0.000,Plus Materials                                    ,,480.7200,480.7200,0.0000,,,34,0,
12245,1/19/2026 12:00:00 AM,Plus Monroe Warehouse                        ,COMPLETED,GUILLOTINE (2ND SHIFT),Posted,1/20/2026 12:00:00 AM,5:10AM,,18:50:00,LBS    ,7120.000,7120.000,0.000,Plus Materials                                    ,,427.2000,427.2000,0.0000,,,0,0,
12247,1/19/2026 12:00:00 AM,Monroe Processing Warehouse                  ,COMPLETED,SHREDDER/GRINDER (2ND SHIFT),Posted,1/20/2026 12:00:00 AM,5:10AM,,18:50:00,LBS    ,10487.000,10487.000,0.000,Plus Materials                                    ,,1520.6150,1520.6400,0.0000,,,38,0,
12253,1/19/2026 12:00:00 AM,Plus Monroe Warehouse                        ,COMPLETED,EXTRUDER (3RD SHIFT),Posted,1/20/2026 12:00:00 AM,5:11AM,,18:49:00,LBS    ,5790.000,5790.000,0.000,Plus Materials                                    ,,1592.2549,1592.2500,0.0000,,,0,0,
12255,1/19/2026 12:00:00 AM,Plus Monroe Warehouse                        ,COMPLETED,GUILLOTINE (3RD SHIFT),Posted,1/20/2026 12:00:00 AM,5:12AM,,18:48:00,LBS    ,11051.000,11051.000,0.000,Plus Materials                                    ,,663.0600,663.0600,0.0000,,,0,0,
12260,1/20/2026 12:00:00 AM,Plus Monroe Warehouse                        ,COMPLETED,AUTO-TIE BALER (1ST SHIFT),Posted,1/21/2026 12:00:00 AM,5:59AM,,18:01:00,LBS    ,8304.000,8304.000,0.000,Plus Materials                                    ,,-67.1600,-67.1600,0.0000,,,15,7,
12264,1/20/2026 12:00:00 AM,Plus Monroe Warehouse                        ,COMPLETED,EXTRUDER (1ST SHIFT),Posted,1/21/2026 12:00:00 AM,6:00AM,,18:00:00,LBS    ,7750.000,7750.000,0.000,Plus Materials                                    ,,365.2041,365.2100,0.0000,,,2,0,
12265,1/20/2026 12:00:00 AM,Plus Monroe Warehouse                        ,COMPLETED,EXTRUDER (1ST SHIFT),Posted,1/21/2026 12:00:00 AM,6:00AM,,18:00:00,LBS    ,1798.000,1798.000,0.000,Plus Materials                                    ,,-71.9200,-71.9200,0.0000,,,2,0,
12266,1/20/2026 12:00:00 AM,Plus Monroe Warehouse                        ,COMPLETED,GUILLOTINE (1ST SHIFT),Posted,1/21/2026 12:00:00 AM,6:00AM,,18:00:00,LBS    ,3904.000,3904.000,0.000,Plus Materials                                    ,,273.2800,273.2800,0.0000,,,8,0,
12268,1/20/2026 12:00:00 AM,Monroe Processing Warehouse                  ,COMPLETED,SHREDDER/GRINDER (1ST SHIFT),Posted,1/21/2026 12:00:00 AM,6:00AM,,18:00:00,LBS    ,4743.000,4743.000,0.000,Plus Materials                                    ,,94.3500,94.3500,0.0000,,,39,0,
12270,1/20/2026 12:00:00 AM,Plus Monroe Warehouse                        ,COMPLETED,AUTO-TIE BALER (2ND SHIFT),Posted,1/21/2026 12:00:00 AM,6:00AM,,18:00:00,LBS    ,9055.000,9055.000,0.000,Plus Materials                                    ,,1068.3154,1068.3100,0.0000,,,20,0,
12274,1/20/2026 12:00:00 AM,Plus Monroe Warehouse                        ,COMPLETED,EXTRUDER (2ND SHIFT),Posted,1/21/2026 12:00:00 AM,6:01AM,,17:59:00,LBS    ,8644.000,8644.000,0.000,Plus Materials                                    ,,432.2000,432.2000,0.0000,,,26,0,
12276,1/20/2026 12:00:00 AM,Plus Monroe Warehouse                        ,COMPLETED,GUILLOTINE (2ND SHIFT),Posted,1/21/2026 12:00:00 AM,6:01AM,,17:59:00,LBS    ,9042.000,9042.000,0.000,Plus Materials                                    ,,637.9600,637.9600,0.0000,,,5,0,
12278,1/20/2026 12:00:00 AM,Monroe Processing Warehouse                  ,COMPLETED,SHREDDER/GRINDER (2ND SHIFT),Posted,1/21/2026 12:00:00 AM,6:02AM,,17:58:00,LBS    ,2802.000,2802.000,0.000,Plus Materials                                    ,,0.0000,0.0000,0.0000,,,0,0,
12284,1/20/2026 12:00:00 AM,Plus Monroe Warehouse                        ,COMPLETED,EXTRUDER (3RD SHIFT),Posted,1/21/2026 12:00:00 AM,6:03AM,,17:57:00,LBS    ,6468.000,6468.000,0.000,Plus Materials                                    ,,194.9792,194.9800,0.0000,,,0,0,
12286,1/20/2026 12:00:00 AM,Plus Monroe Warehouse                        ,COMPLETED,GUILLOTINE (3RD SHIFT),Posted,1/21/2026 12:00:00 AM,6:03AM,,17:57:00,LBS    ,11271.000,11271.000,0.000,Plus Materials                                    ,,788.9700,788.9700,0.0000,,,205,0,
12290,1/20/2026 12:00:00 AM,PRN Southeast                                ,COMPLETED,BALER,Posted,1/21/2026 12:00:00 AM,6:03AM,,17:57:00,LBS    ,9860.000,8630.000,1230.000,Plus Materials                                    ,,706.6700,1199.6600,493.0000,,,29,4,
12291,1/21/2026 12:00:00 AM,Plus Monroe Warehouse                        ,COMPLETED,AUTO-TIE BALER (1ST SHIFT),Posted,1/22/2026 12:00:00 AM,6:00AM,,18:00:00,LBS    ,2109.000,2109.000,0.000,Plus Materials                                    ,,202.9401,202.9400,0.0000,,,15,2,
12295,1/21/2026 12:00:00 AM,Plus Monroe Warehouse                        ,COMPLETED,EXTRUDER (1ST SHIFT),Posted,1/22/2026 12:00:00 AM,6:01AM,,17:59:00,LBS    ,8652.000,8652.000,0.000,Plus Materials                                    ,,692.1600,692.1600,0.0000,,,11,0,
12297,1/21/2026 12:00:00 AM,Plus Monroe Warehouse                        ,COMPLETED,GUILLOTINE (1ST SHIFT),Posted,1/22/2026 12:00:00 AM,6:01AM,,17:59:00,LBS    ,13600.000,13600.000,0.000,Plus Materials                                    ,,482.7200,482.7300,0.0000,,,17,0,
12299,1/21/2026 12:00:00 AM,Monroe Processing Warehouse                  ,COMPLETED,SHREDDER/GRINDER (1ST SHIFT),Posted,1/22/2026 12:00:00 AM,6:01AM,,17:59:00,LBS    ,1962.000,1962.000,0.000,Plus Materials                                    ,,27.0400,27.0400,0.0000,,,0,0,
12301,1/21/2026 12:00:00 AM,Plus Monroe Warehouse                        ,COMPLETED,AUTO-TIE BALER (2ND SHIFT),Posted,1/22/2026 12:00:00 AM,6:02AM,,17:58:00,LBS    ,6660.000,6660.000,0.000,Plus Materials                                    ,,534.3069,534.3100,0.0000,,,30,0,
12305,1/21/2026 12:00:00 AM,Plus Monroe Warehouse                        ,COMPLETED,EXTRUDER (2ND SHIFT),Posted,1/22/2026 12:00:00 AM,6:02AM,,17:58:00,LBS    ,8658.000,8658.000,0.000,Plus Materials                                    ,,930.0135,930.0200,0.0000,,,14,0,
12307,1/21/2026 12:00:00 AM,Plus Monroe Warehouse                        ,COMPLETED,GUILLOTINE (2ND SHIFT),Posted,1/22/2026 12:00:00 AM,6:03AM,,17:57:00,LBS    ,12613.000,12613.000,0.000,Plus Materials                                    ,,882.9100,882.9100,0.0000,,,10,0,
12309,1/21/2026 12:00:00 AM,Monroe Processing Warehouse                  ,COMPLETED,SHREDDER/GRINDER (2ND SHIFT),Posted,1/22/2026 12:00:00 AM,6:03AM,,17:57:00,LBS    ,2474.000,2474.000,0.000,Plus Materials                                    ,,322.6499,322.6500,0.0000,,,0,0,
12315,1/21/2026 12:00:00 AM,Plus Monroe Warehouse                        ,COMPLETED,EXTRUDER (3RD SHIFT),Posted,1/22/2026 12:00:00 AM,6:04AM,,17:56:00,LBS    ,6474.000,6474.000,0.000,Plus Materials                                    ,,64.7400,64.7400,0.0000,,,1,0,
12317,1/21/2026 12:00:00 AM,Plus Monroe Warehouse                        ,COMPLETED,GUILLOTINE (3RD SHIFT),Posted,1/22/2026 12:00:00 AM,6:04AM,,17:56:00,LBS    ,10431.000,10431.000,0.000,Plus Materials                                    ,,104.3100,104.3100,0.0000,,,0,0,
12321,1/22/2026 12:00:00 AM,Plus Monroe Warehouse                        ,COMPLETED,AUTO-TIE BALER (1ST SHIFT),Posted,1/23/2026 12:00:00 AM,5:57AM,,18:03:00,LBS    ,8952.000,8952.000,0.000,Plus Materials                                    ,,0.0000,0.0000,0.0000,,,10,6,
12322,1/22/2026 12:00:00 AM,Plus Monroe Warehouse                        ,COMPLETED,AVANGARD (OLD) (1ST SHIFT),Posted,1/23/2026 12:00:00 AM,5:57AM,,18:03:00,LBS    ,1131.000,1131.000,0.000,Plus Materials                                    ,,0.0000,0.0000,0.0000,,,0,1,
12325,1/22/2026 12:00:00 AM,Plus Monroe Warehouse                        ,COMPLETED,EXTRUDER (1ST SHIFT),Posted,1/23/2026 12:00:00 AM,5:58AM,,18:02:00,LBS    ,9206.000,9206.000,0.000,Plus Materials                                    ,,928.6900,928.6800,0.0000,,,45,0,
12327,1/22/2026 12:00:00 AM,Plus Monroe Warehouse                        ,COMPLETED,GUILLOTINE (1ST SHIFT),Posted,1/23/2026 12:00:00 AM,5:58AM,,18:02:00,LBS    ,14603.000,14603.000,0.000,Plus Materials                                    ,,1153.2000,1153.2000,0.0000,,,3,0,
12329,1/22/2026 12:00:00 AM,Monroe Processing Warehouse                  ,COMPLETED,SHREDDER/GRINDER (1ST SHIFT),Posted,1/23/2026 12:00:00 AM,5:58AM,,18:02:00,LBS    ,7502.000,7502.000,0.000,Plus Materials                                    ,,918.9803,918.9800,0.0000,,,18,0,
12335,1/22/2026 12:00:00 AM,Plus Monroe Warehouse                        ,COMPLETED,EXTRUDER (2ND SHIFT),Posted,1/23/2026 12:00:00 AM,5:59AM,,18:01:00,LBS    ,9525.000,9525.000,0.000,Plus Materials                                    ,,696.5700,696.5700,0.0000,,,0,0,
12337,1/22/2026 12:00:00 AM,Plus Monroe Warehouse                        ,COMPLETED,GUILLOTINE (2ND SHIFT),Posted,1/23/2026 12:00:00 AM,5:59AM,,18:01:00,LBS    ,11013.000,11013.000,0.000,Plus Materials                                    ,,924.3304,924.3200,0.0000,,,0,0,
12339,1/22/2026 12:00:00 AM,Monroe Processing Warehouse                  ,COMPLETED,SHREDDER/GRINDER (2ND SHIFT),Posted,1/23/2026 12:00:00 AM,6:00AM,,18:00:00,LBS    ,7057.000,7057.000,0.000,Plus Materials                                    ,,864.4691,864.4700,0.0000,,,0,0,
12345,1/22/2026 12:00:00 AM,Plus Monroe Warehouse                        ,COMPLETED,EXTRUDER (3RD SHIFT),Posted,1/23/2026 12:00:00 AM,6:01AM,,17:59:00,LBS    ,6448.000,6448.000,0.000,Plus Materials                                    ,,379.1089,379.1100,0.0000,,,0,0,
12347,1/22/2026 12:00:00 AM,Plus Monroe Warehouse                        ,COMPLETED,GUILLOTINE (3RD SHIFT),Posted,1/23/2026 12:00:00 AM,6:01AM,,17:59:00,LBS    ,10162.000,10162.000,0.000,Plus Materials                                    ,,101.6200,101.6200,0.0000,,,0,1,
12351,1/22/2026 12:00:00 AM,PRN Southeast                                ,COMPLETED,BALER,Posted,1/23/2026 12:00:00 AM,6:02AM,,17:58:00,LBS    ,4142.000,3625.000,517.000,Plus Materials                                    ,,292.7200,499.8200,207.1000,,,15,2,
12352,1/23/2026 12:00:00 AM,Plus Monroe Warehouse                        ,COMPLETED,AUTO-TIE BALER (1ST SHIFT),Posted,1/26/2026 12:00:00 AM,5:53AM,,18:07:00,LBS    ,1470.000,1470.000,0.000,Plus Materials                                    ,,0.0000,0.0000,0.0000,,,1,1,
12353,1/23/2026 12:00:00 AM,Plus Monroe Warehouse                        ,COMPLETED,AVANGARD (OLD) (1ST SHIFT),Posted,1/26/2026 12:00:00 AM,5:53AM,,18:07:00,LBS    ,1095.000,1095.000,0.000,Plus Materials                                    ,,0.0000,0.0000,0.0000,,,0,1,
12356,1/23/2026 12:00:00 AM,Plus Monroe Warehouse                        ,COMPLETED,EXTRUDER (1ST SHIFT),Posted,1/26/2026 12:00:00 AM,5:54AM,,18:06:00,LBS    ,10200.000,10200.000,0.000,Plus Materials                                    ,,343.7200,343.7200,0.0000,,,0,0,
12358,1/23/2026 12:00:00 AM,Plus Monroe Warehouse                        ,COMPLETED,GUILLOTINE (1ST SHIFT),Posted,1/26/2026 12:00:00 AM,5:54AM,,18:06:00,LBS    ,11327.000,11327.000,0.000,Plus Materials                                    ,,428.7800,428.7800,0.0000,,,44,0,
12360,1/23/2026 12:00:00 AM,Monroe Processing Warehouse                  ,COMPLETED,SHREDDER/GRINDER (1ST SHIFT),Posted,1/26/2026 12:00:00 AM,5:55AM,,18:05:00,LBS    ,7490.000,7490.000,0.000,Plus Materials                                    ,,224.7000,224.7000,0.0000,,,0,0,
12362,1/23/2026 12:00:00 AM,Plus Monroe Warehouse                        ,COMPLETED,AUTO-TIE BALER (2ND SHIFT),Posted,1/26/2026 12:00:00 AM,5:55AM,,18:05:00,LBS    ,6691.000,6691.000,0.000,Plus Materials                                    ,,160.2857,160.2900,0.0000,,,0,0,
12366,1/23/2026 12:00:00 AM,Plus Monroe Warehouse                        ,COMPLETED,EXTRUDER (2ND SHIFT),Posted,1/26/2026 12:00:00 AM,5:55AM,,18:05:00,LBS    ,8462.000,8462.000,0.000,Plus Materials                                    ,,527.1613,527.1500,0.0000,,,0,0,
12368,1/23/2026 12:00:00 AM,Plus Monroe Warehouse                        ,COMPLETED,GUILLOTINE (2ND SHIFT),Posted,1/26/2026 12:00:00 AM,5:56AM,,18:04:00,LBS    ,8633.000,8633.000,0.000,Plus Materials                                    ,,646.2086,646.1900,0.0000,,,10,0,
12370,1/23/2026 12:00:00 AM,Monroe Processing Warehouse                  ,COMPLETED,SHREDDER/GRINDER (2ND SHIFT),Posted,1/26/2026 12:00:00 AM,5:56AM,,18:04:00,LBS    ,4708.000,4708.000,0.000,Plus Materials                                    ,,188.3200,188.3200,0.0000,,,0,0,
12376,1/23/2026 12:00:00 AM,Plus Monroe Warehouse                        ,COMPLETED,EXTRUDER (3RD SHIFT),Posted,1/26/2026 12:00:00 AM,5:57AM,,18:03:00,LBS    ,6644.000,6644.000,0.000,Plus Materials                                    ,,438.4940,438.4900,0.0000,,,0,0,
12378,1/23/2026 12:00:00 AM,Plus Monroe Warehouse                        ,COMPLETED,GUILLOTINE (3RD SHIFT),Posted,1/26/2026 12:00:00 AM,5:57AM,,18:03:00,LBS    ,8221.000,8221.000,0.000,Plus Materials                                    ,,791.7200,791.7200,0.0000,,,0,0,
12397,1/26/2026 12:00:00 AM,Plus Monroe Warehouse                        ,COMPLETED,EXTRUDER (2ND SHIFT),Posted,1/27/2026 12:00:00 AM,8:23AM,,15:37:00,LBS    ,4816.000,4816.000,0.000,Plus Materials                                    ,,491.3088,491.3100,0.0000,,,0,0,
12399,1/26/2026 12:00:00 AM,Plus Monroe Warehouse                        ,COMPLETED,GUILLOTINE (2ND SHIFT),Posted,1/27/2026 12:00:00 AM,8:23AM,,15:37:00,LBS    ,5457.000,5457.000,0.000,Plus Materials                                    ,,0.0000,0.0000,0.0000,,,0,0,
12414,1/27/2026 12:00:00 AM,Plus Monroe Warehouse                        ,COMPLETED,AUTO-TIE BALER (1ST SHIFT),Posted,1/28/2026 12:00:00 AM,5:07AM,,18:53:00,LBS    ,6323.000,6323.000,0.000,Plus Materials                                    ,,65.4052,65.4100,0.0000,,,52,4,
12418,1/27/2026 12:00:00 AM,Plus Monroe Warehouse                        ,COMPLETED,EXTRUDER (1ST SHIFT),Posted,1/28/2026 12:00:00 AM,5:08AM,,18:52:00,LBS    ,3500.000,3500.000,0.000,Plus Materials                                    ,,35.0000,35.0000,0.0000,,,1,0,
12420,1/27/2026 12:00:00 AM,Plus Monroe Warehouse                        ,COMPLETED,GUILLOTINE (1ST SHIFT),Posted,1/28/2026 12:00:00 AM,5:08AM,,18:52:00,LBS    ,11990.000,11990.000,0.000,Plus Materials                                    ,,232.2200,232.2000,0.0000,,,0,0,
12422,1/27/2026 12:00:00 AM,Monroe Processing Warehouse                  ,COMPLETED,SHREDDER/GRINDER (1ST SHIFT),Posted,1/28/2026 12:00:00 AM,5:08AM,,18:52:00,LBS    ,6305.000,6305.000,0.000,Plus Materials                                    ,,189.1500,189.1500,0.0000,,,0,0,
12424,1/27/2026 12:00:00 AM,Plus Monroe Warehouse                        ,COMPLETED,AUTO-TIE BALER (2ND SHIFT),Posted,1/28/2026 12:00:00 AM,5:09AM,,18:51:00,LBS    ,4937.000,4937.000,0.000,Plus Materials                                    ,,584.4000,584.4000,0.0000,,,7,0,
12428,1/27/2026 12:00:00 AM,Plus Monroe Warehouse                        ,COMPLETED,EXTRUDER (2ND SHIFT),Posted,1/28/2026 12:00:00 AM,5:09AM,,18:51:00,LBS    ,8648.000,8648.000,0.000,Plus Materials                                    ,,86.4800,86.4800,0.0000,,,0,0,
12430,1/27/2026 12:00:00 AM,Plus Monroe Warehouse                        ,COMPLETED,GUILLOTINE (2ND SHIFT),Posted,1/28/2026 12:00:00 AM,5:10AM,,18:50:00,LBS    ,10089.000,10089.000,0.000,Plus Materials                                    ,,49.0700,49.0600,0.0000,,,1,0,
12432,1/27/2026 12:00:00 AM,Monroe Processing Warehouse                  ,COMPLETED,SHREDDER/GRINDER (2ND SHIFT),Posted,1/28/2026 12:00:00 AM,5:10AM,,18:50:00,LBS    ,3674.000,3674.000,0.000,Plus Materials                                    ,,281.0644,281.0700,0.0000,,,5,0,
12438,1/27/2026 12:00:00 AM,Plus Monroe Warehouse                        ,COMPLETED,EXTRUDER (3RD SHIFT),Posted,1/28/2026 12:00:00 AM,5:11AM,,18:49:00,LBS    ,6630.000,6630.000,0.000,Plus Materials                                    ,,-36.7679,-36.7700,0.0000,,,0,0,
12440,1/27/2026 12:00:00 AM,Plus Monroe Warehouse                        ,COMPLETED,GUILLOTINE (3RD SHIFT),Posted,1/28/2026 12:00:00 AM,5:12AM,,18:48:00,LBS    ,10120.000,10120.000,0.000,Plus Materials                                    ,,-16.5822,-16.5800,0.0000,,,7,0,
12444,1/27/2026 12:00:00 AM,PRN Southeast                                ,COMPLETED,BALER,Posted,1/28/2026 12:00:00 AM,5:12AM,,18:48:00,LBS    ,3520.000,3455.000,65.000,Plus Materials                                    ,,216.0300,392.0300,176.0000,,,9,2,
12445,1/28/2026 12:00:00 AM,Plus Monroe Warehouse                        ,COMPLETED,AUTO-TIE BALER (1ST SHIFT),Posted,1/29/2026 12:00:00 AM,5:54AM,,18:06:00,LBS    ,6707.000,6707.000,0.000,Plus Materials                                    ,,52.9144,52.9100,0.0000,,,2,6,
12449,1/28/2026 12:00:00 AM,Plus Monroe Warehouse                        ,COMPLETED,EXTRUDER (1ST SHIFT),Posted,1/29/2026 12:00:00 AM,5:55AM,,18:05:00,LBS    ,10006.000,10006.000,0.000,Plus Materials                                    ,,0.0000,0.0000,0.0000,,,12,0,
12451,1/28/2026 12:00:00 AM,Plus Monroe Warehouse                        ,COMPLETED,GUILLOTINE (1ST SHIFT),Posted,1/29/2026 12:00:00 AM,5:55AM,,18:05:00,LBS    ,10754.000,10754.000,0.000,Plus Materials                                    ,,12.3827,12.3700,0.0000,,,0,0,
12453,1/28/2026 12:00:00 AM,Monroe Processing Warehouse                  ,COMPLETED,SHREDDER/GRINDER (1ST SHIFT),Posted,1/29/2026 12:00:00 AM,5:55AM,,18:05:00,LBS    ,4406.000,4406.000,0.000,Plus Materials                                    ,,132.1800,132.1800,0.0000,,,0,0,
12455,1/28/2026 12:00:00 AM,Plus Monroe Warehouse                        ,COMPLETED,AUTO-TIE BALER (2ND SHIFT),Posted,1/29/2026 12:00:00 AM,5:56AM,,18:04:00,LBS    ,6334.000,6334.000,0.000,Plus Materials                                    ,,166.2673,166.2700,0.0000,,,5,0,
12459,1/28/2026 12:00:00 AM,Plus Monroe Warehouse                        ,COMPLETED,EXTRUDER (2ND SHIFT),Posted,1/29/2026 12:00:00 AM,5:56AM,,18:04:00,LBS    ,8616.000,8616.000,0.000,Plus Materials                                    ,,689.2800,689.2800,0.0000,,,46,0,
12461,1/28/2026 12:00:00 AM,Plus Monroe Warehouse                        ,COMPLETED,GUILLOTINE (2ND SHIFT),Posted,1/29/2026 12:00:00 AM,5:56AM,,18:04:00,LBS    ,9822.000,9822.000,0.000,Plus Materials                                    ,,390.3091,390.3100,0.0000,,,33,0,
12463,1/28/2026 12:00:00 AM,Monroe Processing Warehouse                  ,COMPLETED,SHREDDER/GRINDER (2ND SHIFT),Posted,1/29/2026 12:00:00 AM,5:57AM,,18:03:00,LBS    ,3489.000,3489.000,0.000,Plus Materials                                    ,,104.6700,104.6700,0.0000,,,0,0,
12469,1/28/2026 12:00:00 AM,Plus Monroe Warehouse                        ,COMPLETED,EXTRUDER (3RD SHIFT),Posted,1/29/2026 12:00:00 AM,5:58AM,,18:02:00,LBS    ,5636.000,5636.000,0.000,Plus Materials                                    ,,718.0410,718.0400,0.0000,,,48,0,
12471,1/28/2026 12:00:00 AM,Plus Monroe Warehouse                        ,COMPLETED,GUILLOTINE (3RD SHIFT),Posted,1/29/2026 12:00:00 AM,5:58AM,,18:02:00,LBS    ,3340.000,3340.000,0.000,Plus Materials                                    ,,267.2000,267.2000,0.0000,,,0,0,
12475,1/28/2026 12:00:00 AM,PRN Southeast                                ,COMPLETED,BALER,Posted,1/30/2026 12:00:00 AM,5:59AM,,18:01:00,LBS    ,6607.000,6585.000,22.000,Plus Materials                                    ,,230.9000,561.2500,330.3500,,,7,8,
12476,1/29/2026 12:00:00 AM,Plus Monroe Warehouse                        ,COMPLETED,AUTO-TIE BALER (1ST SHIFT),Posted,1/30/2026 12:00:00 AM,5:59AM,,18:01:00,LBS    ,1147.000,1147.000,0.000,Plus Materials                                    ,,22.9400,22.9400,0.0000,,,0,1,
12477,1/29/2026 12:00:00 AM,Plus Monroe Warehouse                        ,COMPLETED,AVANGARD (OLD) (1ST SHIFT),Posted,1/30/2026 12:00:00 AM,5:59AM,,18:01:00,LBS    ,1293.000,1293.000,0.000,Plus Materials                                    ,,0.0000,0.0000,0.0000,,,0,1,
12480,1/29/2026 12:00:00 AM,Plus Monroe Warehouse                        ,COMPLETED,EXTRUDER (1ST SHIFT),Posted,1/30/2026 12:00:00 AM,6:00AM,,18:00:00,LBS    ,10282.000,10282.000,0.000,Plus Materials                                    ,,822.5600,822.5600,0.0000,,,0,0,
12482,1/29/2026 12:00:00 AM,Plus Monroe Warehouse                        ,COMPLETED,GUILLOTINE (1ST SHIFT),Posted,1/30/2026 12:00:00 AM,6:00AM,,18:00:00,LBS    ,11762.000,11762.000,0.000,Plus Materials                                    ,,874.9203,874.9300,0.0000,,,9,0,
12484,1/29/2026 12:00:00 AM,Monroe Processing Warehouse                  ,COMPLETED,SHREDDER/GRINDER (1ST SHIFT),Posted,1/30/2026 12:00:00 AM,6:00AM,,18:00:00,LBS    ,3850.000,3850.000,0.000,Plus Materials                                    ,,115.5000,115.5000,0.0000,,,0,0,
12486,1/29/2026 12:00:00 AM,Plus Monroe Warehouse                        ,COMPLETED,AUTO-TIE BALER (2ND SHIFT),Posted,1/30/2026 12:00:00 AM,6:01AM,,17:59:00,LBS    ,6430.000,6430.000,0.000,Plus Materials                                    ,,649.1044,649.1100,0.0000,,,8,0,
12490,1/29/2026 12:00:00 AM,Plus Monroe Warehouse                        ,COMPLETED,EXTRUDER (2ND SHIFT),Posted,1/30/2026 12:00:00 AM,6:02AM,,17:58:00,LBS    ,8802.000,8802.000,0.000,Plus Materials                                    ,,704.1600,704.1600,0.0000,,,0,0,
12492,1/29/2026 12:00:00 AM,Plus Monroe Warehouse                        ,COMPLETED,GUILLOTINE (2ND SHIFT),Posted,1/30/2026 12:00:00 AM,6:02AM,,17:58:00,LBS    ,10811.000,10811.000,0.000,Plus Materials                                    ,,798.2384,798.2300,0.0000,,,0,0,
12494,1/29/2026 12:00:00 AM,Monroe Processing Warehouse                  ,COMPLETED,SHREDDER/GRINDER (2ND SHIFT),Posted,1/30/2026 12:00:00 AM,6:02AM,,17:58:00,LBS    ,3999.000,3999.000,0.000,Plus Materials                                    ,,270.8779,270.8800,0.0000,,,0,0,
12500,1/29/2026 12:00:00 AM,Plus Monroe Warehouse                        ,COMPLETED,EXTRUDER (3RD SHIFT),Posted,1/30/2026 12:00:00 AM,6:03AM,,17:57:00,LBS    ,6010.000,6010.000,0.000,Plus Materials                                    ,,601.0000,601.0000,0.0000,,,12,0,
12502,1/29/2026 12:00:00 AM,Plus Monroe Warehouse                        ,COMPLETED,GUILLOTINE (3RD SHIFT),Posted,1/30/2026 12:00:00 AM,6:03AM,,17:57:00,LBS    ,10475.000,10475.000,0.000,Plus Materials                                    ,,1047.5000,1047.5000,0.0000,,,195,0,
12507,1/30/2026 12:00:00 AM,Plus Monroe Warehouse                        ,COMPLETED,AUTO-TIE BALER (1ST SHIFT),Posted,2/2/2026 12:00:00 AM,5:56AM,,18:04:00,LBS    ,9046.000,9046.000,0.000,Plus Materials                                    ,,427.7902,427.7800,0.0000,,,5,6,
12511,1/30/2026 12:00:00 AM,Plus Monroe Warehouse                        ,COMPLETED,EXTRUDER (1ST SHIFT),Posted,2/2/2026 12:00:00 AM,5:57AM,,18:03:00,LBS    ,8544.000,8544.000,0.000,Plus Materials                                    ,,854.4000,854.4000,0.0000,,,213,0,
12513,1/30/2026 12:00:00 AM,Plus Monroe Warehouse                        ,COMPLETED,GUILLOTINE (1ST SHIFT),Posted,2/2/2026 12:00:00 AM,5:57AM,,18:03:00,LBS    ,9755.000,9755.000,0.000,Plus Materials                                    ,,755.3000,755.2900,0.0000,,,9,0,
12515,1/30/2026 12:00:00 AM,Monroe Processing Warehouse                  ,COMPLETED,SHREDDER/GRINDER (1ST SHIFT),Posted,2/2/2026 12:00:00 AM,5:57AM,,18:03:00,LBS    ,4050.000,4050.000,0.000,Plus Materials                                    ,,0.0000,0.0000,0.0000,,,0,0,
12517,1/30/2026 12:00:00 AM,Plus Monroe Warehouse                        ,COMPLETED,AUTO-TIE BALER (2ND SHIFT),Posted,2/2/2026 12:00:00 AM,5:58AM,,18:02:00,LBS    ,6340.000,6340.000,0.000,Plus Materials                                    ,,152.3500,152.3500,0.0000,,,0,0,
12521,1/30/2026 12:00:00 AM,Plus Monroe Warehouse                        ,COMPLETED,EXTRUDER (2ND SHIFT),Posted,2/2/2026 12:00:00 AM,5:58AM,,18:02:00,LBS    ,8954.000,8954.000,0.000,Plus Materials                                    ,,895.4000,895.4000,0.0000,,,0,0,
12523,1/30/2026 12:00:00 AM,Plus Monroe Warehouse                        ,COMPLETED,GUILLOTINE (2ND SHIFT),Posted,2/2/2026 12:00:00 AM,5:58AM,,18:02:00,LBS    ,7463.000,7463.000,0.000,Plus Materials                                    ,,393.4136,393.4000,0.0000,,,51,0,
12525,1/30/2026 12:00:00 AM,Monroe Processing Warehouse                  ,COMPLETED,SHREDDER/GRINDER (2ND SHIFT),Posted,2/2/2026 12:00:00 AM,5:59AM,,18:01:00,LBS    ,2303.000,2303.000,0.000,Plus Materials                                    ,,138.8652,138.8600,0.0000,,,0,0,
12531,1/30/2026 12:00:00 AM,Plus Monroe Warehouse                        ,COMPLETED,EXTRUDER (3RD SHIFT),Posted,2/2/2026 12:00:00 AM,6:00AM,,18:00:00,LBS    ,3256.000,3256.000,0.000,Plus Materials                                    ,,325.6000,325.6000,0.0000,,,7,0,
12533,1/30/2026 12:00:00 AM,Plus Monroe Warehouse                        ,COMPLETED,GUILLOTINE (3RD SHIFT),Posted,2/2/2026 12:00:00 AM,6:00AM,,18:00:00,LBS    ,5234.000,5234.000,0.000,Plus Materials                                    ,,261.7000,261.7000,0.0000,,,0,0,
12537,1/30/2026 12:00:00 AM,PRN Southeast                                ,COMPLETED,BALER,Posted,2/2/2026 12:00:00 AM,6:01AM,,17:59:00,LBS    ,2985.000,2000.000,985.000,Plus Materials                                    ,,211.0200,211.0200,0.0000,,,9,0,
12538,2/2/2026 12:00:00 AM,Plus Monroe Warehouse                        ,COMPLETED,AUTO-TIE BALER (1ST SHIFT),Posted,2/3/2026 12:00:00 AM,5:12AM,,18:48:00,LBS    ,2518.000,2518.000,0.000,Plus Materials                                    ,,251.8000,251.8000,0.0000,,,0,3,
12539,2/2/2026 12:00:00 AM,Plus Monroe Warehouse                        ,COMPLETED,AVANGARD (OLD) (1ST SHIFT),Posted,2/3/2026 12:00:00 AM,5:13AM,,18:47:00,LBS    ,1552.000,1552.000,0.000,Plus Materials                                    ,,0.0000,0.0000,0.0000,,,0,0,
12542,2/2/2026 12:00:00 AM,Plus Monroe Warehouse                        ,COMPLETED,EXTRUDER (1ST SHIFT),Posted,2/3/2026 12:00:00 AM,5:13AM,,18:47:00,LBS    ,8612.000,8612.000,0.000,Plus Materials                                    ,,430.6000,430.6000,0.0000,,,0,0,
12544,2/2/2026 12:00:00 AM,Plus Monroe Warehouse                        ,COMPLETED,GUILLOTINE (1ST SHIFT),Posted,2/3/2026 12:00:00 AM,5:13AM,,18:47:00,LBS    ,7417.000,7417.000,0.000,Plus Materials                                    ,,370.8500,370.8500,0.0000,,,0,0,
12546,2/2/2026 12:00:00 AM,Monroe Processing Warehouse                  ,COMPLETED,SHREDDER/GRINDER (1ST SHIFT),Posted,2/3/2026 12:00:00 AM,5:14AM,,18:46:00,LBS    ,6805.000,6805.000,0.000,Plus Materials                                    ,,0.0000,0.0000,0.0000,,,1,0,
12548,2/2/2026 12:00:00 AM,Plus Monroe Warehouse                        ,COMPLETED,AUTO-TIE BALER (2ND SHIFT),Posted,2/3/2026 12:00:00 AM,5:14AM,,18:46:00,LBS    ,3340.000,3340.000,0.000,Plus Materials                                    ,,167.0000,167.0000,0.0000,,,0,0,
12552,2/2/2026 12:00:00 AM,Plus Monroe Warehouse                        ,COMPLETED,EXTRUDER (2ND SHIFT),Posted,2/3/2026 12:00:00 AM,5:15AM,,18:45:00,LBS    ,5448.000,5448.000,0.000,Plus Materials                                    ,,272.4000,272.4000,0.0000,,,0,0,
12554,2/2/2026 12:00:00 AM,Plus Monroe Warehouse                        ,COMPLETED,GUILLOTINE (2ND SHIFT),Posted,2/3/2026 12:00:00 AM,5:15AM,,18:45:00,LBS    ,6181.000,6181.000,0.000,Plus Materials                                    ,,1236.2000,1236.2000,0.0000,,,16,0,
12556,2/2/2026 12:00:00 AM,Monroe Processing Warehouse                  ,COMPLETED,SHREDDER/GRINDER (2ND SHIFT),Posted,2/3/2026 12:00:00 AM,5:15AM,,18:45:00,LBS    ,3186.000,3186.000,0.000,Plus Materials                                    ,,0.0000,0.0000,0.0000,,,0,0,
12562,2/2/2026 12:00:00 AM,Plus Monroe Warehouse                        ,COMPLETED,EXTRUDER (3RD SHIFT),Posted,2/3/2026 12:00:00 AM,5:16AM,,18:44:00,LBS    ,6700.000,6700.000,0.000,Plus Materials                                    ,,1340.0000,1340.0000,0.0000,,,0,0,
12564,2/2/2026 12:00:00 AM,Plus Monroe Warehouse                        ,COMPLETED,GUILLOTINE (3RD SHIFT),Posted,2/3/2026 12:00:00 AM,5:17AM,,18:43:00,LBS    ,6734.000,6734.000,0.000,Plus Materials                                    ,,1346.8000,1346.8000,0.0000,,,0,0,
12568,2/3/2026 12:00:00 AM,Plus Monroe Warehouse                        ,COMPLETED,AUTO-TIE BALER (1ST SHIFT),Posted,2/4/2026 12:00:00 AM,5:47AM,,18:13:00,LBS    ,4034.000,4034.000,0.000,Plus Materials                                    ,,201.7000,201.7000,0.0000,,,0,5,
12569,2/3/2026 12:00:00 AM,Plus Monroe Warehouse                        ,COMPLETED,AVANGARD (OLD) (1ST SHIFT),Posted,2/4/2026 12:00:00 AM,5:48AM,,18:12:00,LBS    ,1509.000,1509.000,0.000,Plus Materials                                    ,,0.0000,0.0000,0.0000,,,0,0,
12572,2/3/2026 12:00:00 AM,Plus Monroe Warehouse                        ,COMPLETED,EXTRUDER (1ST SHIFT),Posted,2/4/2026 12:00:00 AM,5:48AM,,18:12:00,LBS    ,10358.000,10358.000,0.000,Plus Materials                                    ,,2071.6000,2071.6000,0.0000,,,0,0,
12574,2/3/2026 12:00:00 AM,Plus Monroe Warehouse                        ,COMPLETED,GUILLOTINE (1ST SHIFT),Posted,2/4/2026 12:00:00 AM,5:48AM,,18:12:00,LBS    ,7465.000,7465.000,0.000,Plus Materials                                    ,,373.2500,373.2500,0.0000,,,53,0,
12576,2/3/2026 12:00:00 AM,Monroe Processing Warehouse                  ,COMPLETED,SHREDDER/GRINDER (1ST SHIFT),Posted,2/4/2026 12:00:00 AM,5:49AM,,18:11:00,LBS    ,6587.000,6587.000,0.000,Plus Materials                                    ,,65.8700,65.8700,0.0000,,,45,0,
12578,2/3/2026 12:00:00 AM,Plus Monroe Warehouse                        ,COMPLETED,AUTO-TIE BALER (2ND SHIFT),Posted,2/4/2026 12:00:00 AM,5:49AM,,18:11:00,LBS    ,4894.000,4894.000,0.000,Plus Materials                                    ,,244.7000,244.7000,0.0000,,,0,0,
12582,2/3/2026 12:00:00 AM,Plus Monroe Warehouse                        ,COMPLETED,EXTRUDER (2ND SHIFT),Posted,2/4/2026 12:00:00 AM,5:49AM,,18:11:00,LBS    ,8254.000,8254.000,0.000,Plus Materials                                    ,,412.7000,412.7000,0.0000,,,0,0,
12584,2/3/2026 12:00:00 AM,Plus Monroe Warehouse                        ,COMPLETED,GUILLOTINE (2ND SHIFT),Posted,2/4/2026 12:00:00 AM,5:50AM,,18:10:00,LBS    ,7142.000,7142.000,0.000,Plus Materials                                    ,,357.1000,357.1000,0.0000,,,0,0,
12586,2/3/2026 12:00:00 AM,Monroe Processing Warehouse                  ,COMPLETED,SHREDDER/GRINDER (2ND SHIFT),Posted,2/4/2026 12:00:00 AM,5:50AM,,18:10:00,LBS    ,2732.000,2732.000,0.000,Plus Materials                                    ,,154.3539,154.3500,0.0000,,,0,0,
12592,2/3/2026 12:00:00 AM,Plus Monroe Warehouse                        ,COMPLETED,EXTRUDER (3RD SHIFT),Posted,2/4/2026 12:00:00 AM,5:51AM,,18:09:00,LBS    ,6294.000,6294.000,0.000,Plus Materials                                    ,,314.7000,314.7000,0.0000,,,0,0,
12594,2/3/2026 12:00:00 AM,Plus Monroe Warehouse                        ,COMPLETED,GUILLOTINE (3RD SHIFT),Posted,2/4/2026 12:00:00 AM,5:51AM,,18:09:00,LBS    ,7064.000,7064.000,0.000,Plus Materials                                    ,,1412.8000,1412.8000,0.0000,,,36,0,
12598,2/3/2026 12:00:00 AM,PRN Southeast                                ,COMPLETED,BALER,Posted,2/4/2026 12:00:00 AM,5:52AM,,18:08:00,LBS    ,11125.000,23772.000,-12647.000,Plus Materials                                    ,,676.9000,1233.1600,556.2500,,,41,18,
12599,2/4/2026 12:00:00 AM,Plus Monroe Warehouse                        ,COMPLETED,AUTO-TIE BALER (1ST SHIFT),Posted,2/5/2026 12:00:00 AM,6:01AM,,17:59:00,LBS    ,7005.000,7005.000,0.000,Plus Materials                                    ,,1401.0000,1401.0000,0.0000,,,0,8,
12600,2/4/2026 12:00:00 AM,Plus Monroe Warehouse                        ,COMPLETED,AVANGARD (OLD) (1ST SHIFT),Posted,2/5/2026 12:00:00 AM,6:01AM,,17:59:00,LBS    ,1015.000,1015.000,0.000,Plus Materials                                    ,,0.0000,0.0000,0.0000,,,0,0,
12603,2/4/2026 12:00:00 AM,Plus Monroe Warehouse                        ,COMPLETED,EXTRUDER (1ST SHIFT),Posted,2/5/2026 12:00:00 AM,6:01AM,,17:59:00,LBS    ,8078.000,8078.000,0.000,Plus Materials                                    ,,1615.6000,1615.6000,0.0000,,,0,0,
12605,2/4/2026 12:00:00 AM,Plus Monroe Warehouse                        ,COMPLETED,GUILLOTINE (1ST SHIFT),Posted,2/5/2026 12:00:00 AM,6:02AM,,17:58:00,LBS    ,12587.000,12587.000,0.000,Plus Materials                                    ,,629.3500,629.3500,0.0000,,,42,0,
12607,2/4/2026 12:00:00 AM,Monroe Processing Warehouse                  ,COMPLETED,SHREDDER/GRINDER (1ST SHIFT),Posted,2/5/2026 12:00:00 AM,6:02AM,,17:58:00,LBS    ,3286.000,3286.000,0.000,Plus Materials                                    ,,131.4400,131.4400,0.0000,,,0,2,
12609,2/4/2026 12:00:00 AM,Plus Monroe Warehouse                        ,COMPLETED,AUTO-TIE BALER (2ND SHIFT),Posted,2/5/2026 12:00:00 AM,6:02AM,,17:58:00,LBS    ,5605.000,5605.000,0.000,Plus Materials                                    ,,280.2500,280.2500,0.0000,,,0,0,
12613,2/4/2026 12:00:00 AM,Plus Monroe Warehouse                        ,COMPLETED,EXTRUDER (2ND SHIFT),Posted,2/5/2026 12:00:00 AM,6:03AM,,17:57:00,LBS    ,8576.000,8576.000,0.000,Plus Materials                                    ,,428.8000,428.8000,0.0000,,,0,0,
12615,2/4/2026 12:00:00 AM,Plus Monroe Warehouse                        ,COMPLETED,GUILLOTINE (2ND SHIFT),Posted,2/5/2026 12:00:00 AM,6:03AM,,17:57:00,LBS    ,6941.000,6941.000,0.000,Plus Materials                                    ,,347.0500,347.0500,0.0000,,,0,0,
12617,2/4/2026 12:00:00 AM,Monroe Processing Warehouse                  ,COMPLETED,SHREDDER/GRINDER (2ND SHIFT),Posted,2/5/2026 12:00:00 AM,6:04AM,,17:56:00,LBS    ,3305.000,3305.000,0.000,Plus Materials                                    ,,33.0500,33.0500,0.0000,,,0,0,
12623,2/4/2026 12:00:00 AM,Plus Monroe Warehouse                        ,COMPLETED,EXTRUDER (3RD SHIFT),Posted,2/5/2026 12:00:00 AM,6:04AM,,17:56:00,LBS    ,5001.000,5001.000,0.000,Plus Materials                                    ,,125.0250,125.0300,0.0000,,,44,0,
12625,2/4/2026 12:00:00 AM,Plus Monroe Warehouse                        ,COMPLETED,GUILLOTINE (3RD SHIFT),Posted,2/5/2026 12:00:00 AM,6:05AM,,17:55:00,LBS    ,6035.000,6035.000,0.000,Plus Materials                                    ,,150.8761,150.8800,0.0000,,,0,0,
12630,2/5/2026 12:00:00 AM,Plus Monroe Warehouse                        ,COMPLETED,AUTO-TIE BALER (1ST SHIFT),Posted,2/6/2026 12:00:00 AM,5:53AM,,18:07:00,LBS    ,5992.000,5992.000,0.000,Plus Materials                                    ,,149.8000,149.8100,0.0000,,,0,7,
12631,2/5/2026 12:00:00 AM,Plus Monroe Warehouse                        ,COMPLETED,AVANGARD (OLD) (1ST SHIFT),Posted,2/6/2026 12:00:00 AM,5:53AM,,18:07:00,LBS    ,1205.000,1205.000,0.000,Plus Materials                                    ,,0.0000,0.0000,0.0000,,,0,0,
12634,2/5/2026 12:00:00 AM,Plus Monroe Warehouse                        ,COMPLETED,EXTRUDER (1ST SHIFT),Posted,2/6/2026 12:00:00 AM,5:53AM,,18:07:00,LBS    ,8760.000,8760.000,0.000,Plus Materials                                    ,,219.0000,219.0000,0.0000,,,0,0,
12636,2/5/2026 12:00:00 AM,Plus Monroe Warehouse                        ,COMPLETED,GUILLOTINE (1ST SHIFT),Posted,2/6/2026 12:00:00 AM,5:54AM,,18:06:00,LBS    ,11788.000,11788.000,0.000,Plus Materials                                    ,,0.0000,0.0000,0.0000,,,1,0,
12638,2/5/2026 12:00:00 AM,Monroe Processing Warehouse                  ,COMPLETED,SHREDDER/GRINDER (1ST SHIFT),Posted,2/6/2026 12:00:00 AM,5:54AM,,18:06:00,LBS    ,6325.000,6325.000,0.000,Plus Materials                                    ,,63.2500,63.2500,0.0000,,,0,0,
12640,2/5/2026 12:00:00 AM,Plus Monroe Warehouse                        ,COMPLETED,AUTO-TIE BALER (2ND SHIFT),Posted,2/6/2026 12:00:00 AM,5:54AM,,18:06:00,LBS    ,4613.000,4613.000,0.000,Plus Materials                                    ,,69.5450,69.5400,0.0000,,,0,0,
12644,2/5/2026 12:00:00 AM,Plus Monroe Warehouse                        ,COMPLETED,EXTRUDER (2ND SHIFT),Posted,2/6/2026 12:00:00 AM,5:55AM,,18:05:00,LBS    ,9054.000,9054.000,0.000,Plus Materials                                    ,,226.3500,226.3500,0.0000,,,32,0,
12646,2/5/2026 12:00:00 AM,Plus Monroe Warehouse                        ,COMPLETED,GUILLOTINE (2ND SHIFT),Posted,2/6/2026 12:00:00 AM,5:55AM,,18:05:00,LBS    ,8724.000,8724.000,0.000,Plus Materials                                    ,,218.1000,218.1000,0.0000,,,0,0,
12648,2/5/2026 12:00:00 AM,Monroe Processing Warehouse                  ,COMPLETED,SHREDDER/GRINDER (2ND SHIFT),Posted,2/6/2026 12:00:00 AM,5:55AM,,18:05:00,LBS    ,3198.000,3198.000,0.000,Plus Materials                                    ,,31.9800,31.9800,0.0000,,,0,0,
12654,2/5/2026 12:00:00 AM,Plus Monroe Warehouse                        ,COMPLETED,EXTRUDER (3RD SHIFT),Posted,2/6/2026 12:00:00 AM,5:56AM,,18:04:00,LBS    ,6344.000,6344.000,0.000,Plus Materials                                    ,,158.6000,158.6000,0.0000,,,0,0,
12656,2/5/2026 12:00:00 AM,Plus Monroe Warehouse                        ,COMPLETED,GUILLOTINE (3RD SHIFT),Posted,2/6/2026 12:00:00 AM,5:57AM,,18:03:00,LBS    ,8037.000,8037.000,0.000,Plus Materials                                    ,,401.8500,401.8500,0.0000,,,43,0,
12660,2/5/2026 12:00:00 AM,PRN Southeast                                ,COMPLETED,BALER,Posted,2/6/2026 12:00:00 AM,10:23AM,,13:37:00,LBS    ,12895.000,9240.000,3655.000,Plus Materials                                    ,,762.4300,1407.1900,644.7500,,,34,6,
12661,2/6/2026 12:00:00 AM,Plus Monroe Warehouse                        ,COMPLETED,AUTO-TIE BALER (1ST SHIFT),Posted,2/9/2026 12:00:00 AM,5:48AM,,18:12:00,LBS    ,7085.000,7085.000,0.000,Plus Materials                                    ,,410.4773,410.4700,0.0000,,,17,6,
12662,2/6/2026 12:00:00 AM,Plus Monroe Warehouse                        ,COMPLETED,AVANGARD (OLD) (1ST SHIFT),Posted,2/9/2026 12:00:00 AM,5:48AM,,18:12:00,LBS    ,855.000,855.000,0.000,Plus Materials                                    ,,0.0000,0.0000,0.0000,,,0,0,
12665,2/6/2026 12:00:00 AM,Plus Monroe Warehouse                        ,COMPLETED,EXTRUDER (1ST SHIFT),Posted,2/9/2026 12:00:00 AM,5:48AM,,18:12:00,LBS    ,10210.000,10210.000,0.000,Plus Materials                                    ,,510.5000,510.5000,0.0000,,,0,0,
12667,2/6/2026 12:00:00 AM,Plus Monroe Warehouse                        ,COMPLETED,GUILLOTINE (1ST SHIFT),Posted,2/9/2026 12:00:00 AM,5:49AM,,18:11:00,LBS    ,9111.000,9111.000,0.000,Plus Materials                                    ,,455.5500,455.5500,0.0000,,,0,0,
12669,2/6/2026 12:00:00 AM,Monroe Processing Warehouse                  ,COMPLETED,SHREDDER/GRINDER (1ST SHIFT),Posted,2/9/2026 12:00:00 AM,5:49AM,,18:11:00,LBS    ,9753.000,9753.000,0.000,Plus Materials                                    ,,97.5300,97.5300,0.0000,,,44,0,
12671,2/6/2026 12:00:00 AM,Plus Monroe Warehouse                        ,COMPLETED,AUTO-TIE BALER (2ND SHIFT),Posted,2/9/2026 12:00:00 AM,5:49AM,,18:11:00,LBS    ,4001.000,4001.000,0.000,Plus Materials                                    ,,200.0500,200.0500,0.0000,,,0,0,
12675,2/6/2026 12:00:00 AM,Plus Monroe Warehouse                        ,COMPLETED,EXTRUDER (2ND SHIFT),Posted,2/9/2026 12:00:00 AM,5:50AM,,18:10:00,LBS    ,6962.000,6962.000,0.000,Plus Materials                                    ,,348.1000,348.1000,0.0000,,,0,0,
12677,2/6/2026 12:00:00 AM,Plus Monroe Warehouse                        ,COMPLETED,GUILLOTINE (2ND SHIFT),Posted,2/9/2026 12:00:00 AM,5:50AM,,18:10:00,LBS    ,4594.000,4594.000,0.000,Plus Materials                                    ,,0.0000,0.0000,0.0000,,,0,0,
12679,2/6/2026 12:00:00 AM,Monroe Processing Warehouse                  ,COMPLETED,SHREDDER/GRINDER (2ND SHIFT),Posted,2/9/2026 12:00:00 AM,5:50AM,,18:10:00,LBS    ,3427.000,3427.000,0.000,Plus Materials                                    ,,34.2700,34.2700,0.0000,,,0,0,
12685,2/6/2026 12:00:00 AM,Plus Monroe Warehouse                        ,COMPLETED,EXTRUDER (3RD SHIFT),Posted,2/9/2026 12:00:00 AM,5:51AM,,18:09:00,LBS    ,5188.000,5188.000,0.000,Plus Materials                                    ,,259.4000,259.4000,0.0000,,,0,0,
12691,2/6/2026 12:00:00 AM,PRN Southeast                                ,COMPLETED,BALER,Posted,2/9/2026 12:00:00 AM,5:52AM,,18:08:00,LBS    ,6935.000,8310.000,-1375.000,Plus Materials                                    ,,303.6400,650.3900,346.7500,,,16,7,
12692,2/9/2026 12:00:00 AM,Plus Monroe Warehouse                        ,COMPLETED,AUTO-TIE BALER (1ST SHIFT),Posted,2/10/2026 12:00:00 AM,5:15AM,,18:45:00,LBS    ,7957.000,7957.000,0.000,Plus Materials                                    ,,39.7850,39.8100,0.0000,,,11,9,
12693,2/9/2026 12:00:00 AM,Plus Monroe Warehouse                        ,COMPLETED,AVANGARD (OLD) (1ST SHIFT),Posted,2/10/2026 12:00:00 AM,5:15AM,,18:45:00,LBS    ,1725.000,1725.000,0.000,Plus Materials                                    ,,31.2909,31.2900,0.0000,,,23,0,
12696,2/9/2026 12:00:00 AM,Plus Monroe Warehouse                        ,COMPLETED,EXTRUDER (1ST SHIFT),Posted,2/10/2026 12:00:00 AM,5:15AM,,18:45:00,LBS    ,6348.000,6348.000,0.000,Plus Materials                                    ,,63.4800,63.4800,0.0000,,,1,0,
12698,2/9/2026 12:00:00 AM,Plus Monroe Warehouse                        ,COMPLETED,GUILLOTINE (1ST SHIFT),Posted,2/10/2026 12:00:00 AM,5:16AM,,18:44:00,LBS    ,7243.000,7243.000,0.000,Plus Materials                                    ,,-32.5100,-32.5100,0.0000,,,0,0,
12700,2/9/2026 12:00:00 AM,Monroe Processing Warehouse                  ,COMPLETED,SHREDDER/GRINDER (1ST SHIFT),Posted,2/10/2026 12:00:00 AM,5:16AM,,18:44:00,LBS    ,1125.000,1125.000,0.000,Plus Materials                                    ,,202.5000,202.5000,0.0000,,,0,0,
12702,2/9/2026 12:00:00 AM,Plus Monroe Warehouse                        ,COMPLETED,AUTO-TIE BALER (2ND SHIFT),Posted,2/10/2026 12:00:00 AM,5:17AM,,18:43:00,LBS    ,4240.000,4240.000,0.000,Plus Materials                                    ,,21.2035,21.2200,0.0000,,,0,0,
12706,2/9/2026 12:00:00 AM,Plus Monroe Warehouse                        ,COMPLETED,EXTRUDER (2ND SHIFT),Posted,2/10/2026 12:00:00 AM,5:17AM,,18:43:00,LBS    ,5842.000,5842.000,0.000,Plus Materials                                    ,,58.4200,58.4200,0.0000,,,0,0,
12708,2/9/2026 12:00:00 AM,Plus Monroe Warehouse                        ,COMPLETED,GUILLOTINE (2ND SHIFT),Posted,2/10/2026 12:00:00 AM,5:17AM,,18:43:00,LBS    ,6538.000,6538.000,0.000,Plus Materials                                    ,,-116.8600,-116.8600,0.0000,,,4,0,
12003,1/2/2026 12:00:00 AM,Plus Monroe Warehouse                        ,COMPLETED,AUTO-TIE BALER (1ST SHIFT),Posted,1/5/2026 12:00:00 AM,5:06AM,,18:54:00,LBS    ,5397.000,5397.000,0.000,Plus Materials                                    ,,94.1000,94.1000,0.0000,,,21,5,
12007,1/2/2026 12:00:00 AM,Plus Monroe Warehouse                        ,COMPLETED,AVANGARD (OLD) (1ST SHIFT),Posted,1/5/2026 12:00:00 AM,5:07AM,,18:53:00,LBS    ,2424.000,2424.000,0.000,Plus Materials                                    ,,0.0000,0.0000,0.0000,,,0,0,
12009,1/2/2026 12:00:00 AM,Plus Monroe Warehouse                        ,COMPLETED,GUILLOTINE (1ST SHIFT),Posted,1/5/2026 12:00:00 AM,5:07AM,,18:53:00,LBS    ,6110.000,6110.000,0.000,Plus Materials                                    ,,305.5000,305.5000,0.0000,,,11,0,
12010,1/2/2026 12:00:00 AM,Plus Monroe Warehouse                        ,COMPLETED,SHREDDER (1ST SHIFT),Posted,1/5/2026 12:00:00 AM,5:07AM,,18:53:00,LBS    ,9311.000,9311.000,0.000,Plus Materials                                    ,,465.5500,465.5500,0.0000,,,48,0,
12011,1/2/2026 12:00:00 AM,Monroe Processing Warehouse                  ,COMPLETED,SHREDDER/GRINDER (1ST SHIFT),Posted,1/5/2026 12:00:00 AM,5:07AM,,18:53:00,LBS    ,10469.000,10469.000,0.000,Plus Materials                                    ,,0.0000,0.0000,0.0000,,,0,0,
12014,1/5/2026 12:00:00 AM,Plus Monroe Warehouse                        ,COMPLETED,AUTO-TIE BALER (1ST SHIFT),Posted,1/6/2026 12:00:00 AM,5:06AM,,18:54:00,LBS    ,4635.000,4635.000,0.000,Plus Materials                                    ,,187.1100,187.1000,0.0000,,,33,5,
12015,1/5/2026 12:00:00 AM,Plus Monroe Warehouse                        ,COMPLETED,AVANGARD (OLD) (1ST SHIFT),Posted,1/6/2026 12:00:00 AM,5:06AM,,18:54:00,LBS    ,2581.000,2581.000,0.000,Plus Materials                                    ,,0.0000,0.0000,0.0000,,,0,0,
12018,1/5/2026 12:00:00 AM,Plus Monroe Warehouse                        ,COMPLETED,EXTRUDER (1ST SHIFT),Posted,1/6/2026 12:00:00 AM,5:06AM,,18:54:00,LBS    ,6565.000,6565.000,0.000,Plus Materials                                    ,,328.2500,328.2500,0.0000,,,12,0,
12020,1/5/2026 12:00:00 AM,Plus Monroe Warehouse                        ,COMPLETED,GUILLOTINE (1ST SHIFT),Posted,1/6/2026 12:00:00 AM,5:07AM,,18:53:00,LBS    ,11739.000,11739.000,0.000,Plus Materials                                    ,,117.3900,117.3900,0.0000,,,1,0,
12021,1/5/2026 12:00:00 AM,Plus Monroe Warehouse                        ,COMPLETED,SHREDDER (1ST SHIFT),Posted,1/6/2026 12:00:00 AM,5:07AM,,18:53:00,LBS    ,2008.000,2008.000,0.000,Plus Materials                                    ,,0.0000,0.0000,0.0000,,,1,6,
12022,1/5/2026 12:00:00 AM,Monroe Processing Warehouse                  ,COMPLETED,SHREDDER/GRINDER (1ST SHIFT),Posted,1/6/2026 12:00:00 AM,5:07AM,,18:53:00,LBS    ,5569.000,5569.000,0.000,Plus Materials                                    ,,0.0000,0.0000,0.0000,,,1,0,
12028,1/5/2026 12:00:00 AM,Plus Monroe Warehouse                        ,COMPLETED,EXTRUDER (2ND SHIFT),Posted,1/6/2026 12:00:00 AM,5:08AM,,18:52:00,LBS    ,7824.000,7824.000,0.000,Plus Materials                                    ,,78.2400,78.2400,0.0000,,,0,0,
12030,1/5/2026 12:00:00 AM,Plus Monroe Warehouse                        ,COMPLETED,GUILLOTINE (2ND SHIFT),Posted,1/6/2026 12:00:00 AM,5:09AM,,18:51:00,LBS    ,10241.000,10241.000,0.000,Plus Materials                                    ,,102.4100,102.4100,0.0000,,,1,0,
12035,1/6/2026 12:00:00 AM,Plus Monroe Warehouse                        ,COMPLETED,AUTO-TIE BALER (1ST SHIFT),Posted,1/7/2026 12:00:00 AM,5:10AM,,18:50:00,LBS    ,8010.000,8010.000,0.000,Plus Materials                                    ,,-49.5000,-49.5000,0.0000,,,17,7,
12036,1/6/2026 12:00:00 AM,Plus Monroe Warehouse                        ,COMPLETED,AVANGARD (OLD) (1ST SHIFT),Posted,1/7/2026 12:00:00 AM,5:10AM,,18:50:00,LBS    ,1632.000,1632.000,0.000,Plus Materials                                    ,,172.8430,172.8400,0.0000,,,0,1,
12039,1/6/2026 12:00:00 AM,Plus Monroe Warehouse                        ,COMPLETED,EXTRUDER (1ST SHIFT),Posted,1/7/2026 12:00:00 AM,5:11AM,,18:49:00,LBS    ,8345.000,8345.000,0.000,Plus Materials                                    ,,412.3000,412.3000,0.0000,,,0,2,
12041,1/6/2026 12:00:00 AM,Plus Monroe Warehouse                        ,COMPLETED,GUILLOTINE (1ST SHIFT),Posted,1/7/2026 12:00:00 AM,5:11AM,,18:49:00,LBS    ,4648.000,4648.000,0.000,Plus Materials                                    ,,232.4000,232.4000,0.0000,,,8,0,
12042,1/6/2026 12:00:00 AM,Plus Monroe Warehouse                        ,COMPLETED,SHREDDER (1ST SHIFT),Posted,1/7/2026 12:00:00 AM,5:11AM,,18:49:00,LBS    ,3483.000,3483.000,0.000,Plus Materials                                    ,,0.0000,0.0000,0.0000,,,0,0,
12046,1/6/2026 12:00:00 AM,Plus Monroe Warehouse                        ,COMPLETED,AVANGARD (OLD) (2ND SHIFT),Posted,1/7/2026 12:00:00 AM,5:12AM,,18:48:00,LBS    ,5612.000,5612.000,0.000,Plus Materials                                    ,,197.6063,197.6000,0.0000,,,0,0,
12049,1/6/2026 12:00:00 AM,Plus Monroe Warehouse                        ,COMPLETED,EXTRUDER (2ND SHIFT),Posted,1/7/2026 12:00:00 AM,5:12AM,,18:48:00,LBS    ,7627.000,7627.000,0.000,Plus Materials                                    ,,381.3500,381.3500,0.0000,,,0,0,
12051,1/6/2026 12:00:00 AM,Plus Monroe Warehouse                        ,COMPLETED,GUILLOTINE (2ND SHIFT),Posted,1/7/2026 12:00:00 AM,5:13AM,,18:47:00,LBS    ,6227.000,6227.000,0.000,Plus Materials                                    ,,0.0000,0.0000,0.0000,,,10,0,
12055,1/6/2026 12:00:00 AM,PRN Southeast                                ,COMPLETED,BALER,Posted,1/7/2026 12:00:00 AM,5:13AM,,18:47:00,LBS    ,8875.000,9260.000,-385.000,Plus Materials                                    ,,587.9600,1031.7200,443.7500,,,25,4,
12056,1/7/2026 12:00:00 AM,Plus Monroe Warehouse                        ,COMPLETED,AUTO-TIE BALER (1ST SHIFT),Posted,1/8/2026 12:00:00 AM,5:12AM,,18:48:00,LBS    ,3248.000,3248.000,0.000,Plus Materials                                    ,,52.9718,52.9800,0.0000,,,10,3,
12057,1/7/2026 12:00:00 AM,Plus Monroe Warehouse                        ,COMPLETED,AVANGARD (OLD) (1ST SHIFT),Posted,1/8/2026 12:00:00 AM,5:12AM,,18:48:00,LBS    ,1615.000,1615.000,0.000,Plus Materials                                    ,,56.8656,56.8700,0.0000,,,0,1,
12060,1/7/2026 12:00:00 AM,Plus Monroe Warehouse                        ,COMPLETED,EXTRUDER (1ST SHIFT),Posted,1/8/2026 12:00:00 AM,5:13AM,,18:47:00,LBS    ,8155.000,8155.000,0.000,Plus Materials                                    ,,0.0000,0.0000,0.0000,,,0,0,
12062,1/7/2026 12:00:00 AM,Plus Monroe Warehouse                        ,COMPLETED,GUILLOTINE (1ST SHIFT),Posted,1/8/2026 12:00:00 AM,5:13AM,,18:47:00,LBS    ,9956.000,9956.000,0.000,Plus Materials                                    ,,236.2300,236.2200,0.0000,,,14,0,
12064,1/7/2026 12:00:00 AM,Monroe Processing Warehouse                  ,COMPLETED,SHREDDER/GRINDER (1ST SHIFT),Posted,1/8/2026 12:00:00 AM,5:13AM,,18:47:00,LBS    ,7119.000,7119.000,0.000,Plus Materials                                    ,,0.0000,0.0000,0.0000,,,1,0,
12067,1/7/2026 12:00:00 AM,Plus Monroe Warehouse                        ,COMPLETED,AVANGARD (OLD) (2ND SHIFT),Posted,1/8/2026 12:00:00 AM,5:14AM,,18:46:00,LBS    ,2550.000,2550.000,0.000,Plus Materials                                    ,,89.7902,89.7900,0.0000,,,0,0,
12070,1/7/2026 12:00:00 AM,Plus Monroe Warehouse                        ,COMPLETED,EXTRUDER (2ND SHIFT),Posted,1/8/2026 12:00:00 AM,5:14AM,,18:46:00,LBS    ,7052.000,7052.000,0.000,Plus Materials                                    ,,0.0000,0.0000,0.0000,,,0,0,
17043,8/28/2026 12:00:00 AM,Plus Monroe Warehouse                        ,COMPLETED,GUILLOTINE (1ST SHIFT),Posted,9/2/2026 12:00:00 AM,3:54PM,,08:06:00,LBS    ,15477.000,15477.000,0.000,Plus Materials                                    ,,0.0000,0.0000,0.0000,,,0,0,
17048,9/1/2026 12:00:00 AM,Plus Monroe Warehouse                        ,COMPLETED,AUTO-TIE BALER (2ND SHIFT),Posted,9/4/2026 12:00:00 AM,12:14PM,,11:46:00,LBS    ,9826.000,9826.000,0.000,Plus Materials                                    ,,0.0000,0.0000,0.0000,,,0,0,
17049,9/1/2026 12:00:00 AM,Plus Monroe Warehouse                        ,COMPLETED,EXTRUDER (2ND SHIFT),Posted,9/4/2026 12:00:00 AM,12:14PM,,11:46:00,LBS    ,12325.000,12325.000,0.000,Plus Materials                                    ,,0.0000,0.0000,0.0000,,,0,0,
17050,9/1/2026 12:00:00 AM,Plus Monroe Warehouse                        ,COMPLETED,GREEN MAX (NEW) (2ND SHIFT),Posted,9/4/2026 12:00:00 AM,12:15PM,,11:45:00,LBS    ,3487.000,3487.000,0.000,Plus Materials                                    ,,0.0000,0.0000,0.0000,,,0,0,
17052,9/1/2026 12:00:00 AM,Plus Monroe Warehouse                        ,COMPLETED,GUILLOTINE (2ND SHIFT),Posted,9/4/2026 12:00:00 AM,12:15PM,,11:45:00,LBS    ,20171.000,20171.000,0.000,Plus Materials                                    ,,0.0000,0.0000,0.0000,,,0,0,
17053,9/1/2026 12:00:00 AM,Plus Monroe Warehouse                        ,COMPLETED,SHREDDER/GRINDER (2ND SHIFT),Posted,9/2/2026 12:00:00 AM,12:16PM,,11:44:00,LBS    ,6199.000,6199.000,0.000,Plus Materials                                    ,,0.0000,0.0000,0.0000,,,0,1,
17054,9/1/2026 12:00:00 AM,Plus Monroe Warehouse                        ,COMPLETED,AUTO-TIE BALER (3RD SHIFT),Posted,9/2/2026 12:00:00 AM,12:16PM,,11:44:00,LBS    ,9288.000,9288.000,0.000,Plus Materials                                    ,,0.0000,0.0000,0.0000,,,0,6,
17055,9/1/2026 12:00:00 AM,Plus Monroe Warehouse                        ,COMPLETED,EXTRUDER (3RD SHIFT),Posted,9/2/2026 12:00:00 AM,12:16PM,,11:44:00,LBS    ,5120.000,5120.000,0.000,Plus Materials                                    ,,0.0000,0.0000,0.0000,,,0,0,
17056,9/1/2026 12:00:00 AM,Plus Monroe Warehouse                        ,COMPLETED,GUILLOTINE (3RD SHIFT),Posted,9/2/2026 12:00:00 AM,12:16PM,,11:44:00,LBS    ,7802.000,7802.000,0.000,Plus Materials                                    ,,0.0000,0.0000,0.0000,,,0,0,
17057,9/2/2026 12:00:00 AM,Plus Monroe Warehouse                        ,COMPLETED,SHREDDER/GRINDER (2ND SHIFT),Posted,9/4/2026 12:00:00 AM,3:15PM,,08:45:00,LBS    ,10488.000,10488.000,0.000,Plus Materials                                    ,,0.0000,0.0000,0.0000,,,0,0,
17058,9/2/2026 12:00:00 AM,Plus Monroe Warehouse                        ,COMPLETED,AUTO-TIE BALER (1ST SHIFT),Posted,9/4/2026 12:00:00 AM,3:16PM,,08:44:00,LBS    ,8330.000,8330.000,0.000,Plus Materials                                    ,,0.0000,0.0000,0.0000,,,0,0,
17059,9/2/2026 12:00:00 AM,Plus Monroe Warehouse                        ,COMPLETED,EXTRUDER (1ST SHIFT),Posted,9/4/2026 12:00:00 AM,3:17PM,,08:43:00,LBS    ,12788.000,12788.000,0.000,Plus Materials                                    ,,0.0000,0.0000,0.0000,,,0,0,
17061,9/2/2026 12:00:00 AM,Plus Monroe Warehouse                        ,COMPLETED,GUILLOTINE (1ST SHIFT),Posted,9/4/2026 12:00:00 AM,3:17PM,,08:43:00,LBS    ,13993.000,13993.000,0.000,Plus Materials                                    ,,0.0000,0.0000,0.0000,,,0,0,
17063,9/2/2026 12:00:00 AM,Plus Monroe Warehouse                        ,COMPLETED,SHREDDER/GRINDER (1ST SHIFT),Posted,9/4/2026 12:00:00 AM,3:19PM,,08:41:00,LBS    ,7363.000,7363.000,0.000,Plus Materials                                    ,,0.0000,0.0000,0.0000,,,0,0,
17064,9/2/2026 12:00:00 AM,Plus Monroe Warehouse                        ,COMPLETED,AUTO-TIE BALER (3RD SHIFT),Posted,9/4/2026 12:00:00 AM,3:19PM,,08:41:00,LBS    ,8698.000,8698.000,0.000,Plus Materials                                    ,,0.0000,0.0000,0.0000,,,0,7,
17065,9/2/2026 12:00:00 AM,Plus Monroe Warehouse                        ,COMPLETED,EXTRUDER (3RD SHIFT),Posted,9/4/2026 12:00:00 AM,3:19PM,,08:41:00,LBS    ,9496.000,9496.000,0.000,Plus Materials                                    ,,0.0000,0.0000,0.0000,,,0,0,
17067,9/4/2026 12:00:00 AM,Plus Monroe Warehouse                        ,COMPLETED,AUTO-TIE BALER (2ND SHIFT),Posted,9/8/2026 12:00:00 AM,1:15PM,,10:45:00,LBS    ,10355.000,10355.000,0.000,Plus Materials                                    ,,0.0000,0.0000,0.0000,,,0,0,
17068,9/4/2026 12:00:00 AM,Plus Monroe Warehouse                        ,COMPLETED,EXTRUDER (2ND SHIFT),Posted,9/8/2026 12:00:00 AM,1:15PM,,10:45:00,LBS    ,2989.000,2989.000,0.000,Plus Materials                                    ,,0.0000,0.0000,0.0000,,,0,0,
17070,9/4/2026 12:00:00 AM,Plus Monroe Warehouse                        ,COMPLETED,GUILLOTINE (2ND SHIFT),Posted,9/8/2026 12:00:00 AM,1:15PM,,10:45:00,LBS    ,11904.000,11904.000,0.000,Plus Materials                                    ,,0.0000,0.0000,0.0000,,,0,0,
17071,9/4/2026 12:00:00 AM,Plus Monroe Warehouse                        ,COMPLETED,SHREDDER/GRINDER (2ND SHIFT),Posted,9/8/2026 12:00:00 AM,1:16PM,,10:44:00,LBS    ,2900.000,2900.000,0.000,Plus Materials                                    ,,0.0000,0.0000,0.0000,,,0,0,
17073,9/4/2026 12:00:00 AM,Plus Monroe Warehouse                        ,COMPLETED,AUTO-TIE BALER (3RD SHIFT),Posted,9/8/2026 12:00:00 AM,1:18PM,,10:42:00,LBS    ,7280.000,7280.000,0.000,Plus Materials                                    ,,0.0000,0.0000,0.0000,,,0,5,
17074,9/4/2026 12:00:00 AM,Plus Monroe Warehouse                        ,COMPLETED,EXTRUDER (3RD SHIFT),Posted,9/8/2026 12:00:00 AM,1:19PM,,10:41:00,LBS    ,5000.000,5000.000,0.000,Plus Materials                                    ,,0.0000,0.0000,0.0000,,,0,0,
17076,9/4/2026 12:00:00 AM,Plus Monroe Warehouse                        ,COMPLETED,AUTO-TIE BALER (1ST SHIFT),Posted,9/8/2026 12:00:00 AM,2:40PM,,09:20:00,LBS    ,1234.000,1234.000,0.000,Plus Materials                                    ,,0.0000,0.0000,0.0000,,,0,0,
17077,9/4/2026 12:00:00 AM,Plus Monroe Warehouse                        ,COMPLETED,EXTRUDER (1ST SHIFT),Posted,9/8/2026 12:00:00 AM,2:40PM,,09:20:00,LBS    ,23295.000,23295.000,0.000,Plus Materials                                    ,,0.0000,0.0000,0.0000,,,0,0,
17078,9/4/2026 12:00:00 AM,Plus Monroe Warehouse                        ,COMPLETED,GREEN MAX (NEW) (1ST SHIFT),Posted,9/8/2026 12:00:00 AM,2:41PM,,09:19:00,LBS    ,1749.000,1749.000,0.000,Plus Materials                                    ,,0.0000,0.0000,0.0000,,,0,0,
17079,9/4/2026 12:00:00 AM,Plus Monroe Warehouse                        ,COMPLETED,GUILLOTINE (1ST SHIFT),Posted,9/8/2026 12:00:00 AM,2:41PM,,09:19:00,LBS    ,6919.000,6919.000,0.000,Plus Materials                                    ,,0.0000,0.0000,0.0000,,,0,0,
17080,9/4/2026 12:00:00 AM,Plus Monroe Warehouse                        ,COMPLETED,SHREDDER/GRINDER (1ST SHIFT),Posted,9/8/2026 12:00:00 AM,2:41PM,,09:19:00,LBS    ,3352.000,3352.000,0.000,Plus Materials                                    ,,0.0000,0.0000,0.0000,,,0,0,
17083,9/8/2026 12:00:00 AM,Plus Monroe Warehouse                        ,COMPLETED,AUTO-TIE BALER (2ND SHIFT),Posted,9/9/2026 12:00:00 AM,11:14AM,,12:46:00,LBS    ,9872.000,9872.000,0.000,Plus Materials                                    ,,0.0000,0.0000,0.0000,,,0,0,
17084,9/8/2026 12:00:00 AM,Plus Monroe Warehouse                        ,COMPLETED,EXTRUDER (2ND SHIFT),Posted,9/9/2026 12:00:00 AM,11:15AM,,12:45:00,LBS    ,6374.000,6374.000,0.000,Plus Materials                                    ,,0.0000,0.0000,0.0000,,,0,0,
17086,9/8/2026 12:00:00 AM,Plus Monroe Warehouse                        ,COMPLETED,GUILLOTINE (2ND SHIFT),Posted,9/9/2026 12:00:00 AM,11:15AM,,12:45:00,LBS    ,11265.000,11265.000,0.000,Plus Materials                                    ,,0.0000,0.0000,0.0000,,,0,0,
17088,9/8/2026 12:00:00 AM,Plus Monroe Warehouse                        ,COMPLETED,SHREDDER/GRINDER (2ND SHIFT),Posted,9/9/2026 12:00:00 AM,11:15AM,,12:45:00,LBS    ,2780.000,2780.000,0.000,Plus Materials                                    ,,0.0000,0.0000,0.0000,,,0,0,
17089,9/8/2026 12:00:00 AM,Plus Monroe Warehouse                        ,COMPLETED,AUTO-TIE BALER (3RD SHIFT),Posted,9/9/2026 12:00:00 AM,11:16AM,,12:44:00,LBS    ,8661.000,8661.000,0.000,Plus Materials                                    ,,0.0000,0.0000,0.0000,,,0,7,
17090,9/8/2026 12:00:00 AM,Plus Monroe Warehouse                        ,COMPLETED,EXTRUDER (3RD SHIFT),Posted,9/9/2026 12:00:00 AM,11:16AM,,12:44:00,LBS    ,4306.000,4306.000,0.000,Plus Materials                                    ,,0.0000,0.0000,0.0000,,,0,0,
16450,7/29/2026 12:00:00 AM,Plus Monroe Warehouse                        ,COMPLETED,GUILLOTINE (1ST SHIFT),Posted,7/30/2026 12:00:00 AM,5:51AM,,18:09:00,LBS    ,6818.000,6818.000,0.000,Plus Materials                                    ,,0.0000,0.0000,0.0000,,,48,0,
16451,7/29/2026 12:00:00 AM,Plus Monroe Warehouse                        ,COMPLETED,SHREDDER (1ST SHIFT),Posted,7/30/2026 12:00:00 AM,5:51AM,,18:09:00,LBS    ,1106.000,1106.000,0.000,Plus Materials                                    ,,99.5400,99.5400,0.0000,,,0,0,
16452,7/29/2026 12:00:00 AM,Monroe Processing Warehouse                  ,COMPLETED,SHREDDER/GRINDER (1ST SHIFT),Posted,7/30/2026 12:00:00 AM,5:51AM,,18:09:00,LBS    ,6780.000,6780.000,0.000,Plus Materials                                    ,,705.6041,705.6000,0.0000,,,0,0,
16454,7/29/2026 12:00:00 AM,Plus Monroe Warehouse                        ,COMPLETED,AUTO-TIE BALER (2ND SHIFT),Posted,7/30/2026 12:00:00 AM,5:52AM,,18:08:00,LBS    ,1458.000,1458.000,0.000,Plus Materials                                    ,,0.0000,0.0000,0.0000,,,0,0,
16458,7/29/2026 12:00:00 AM,Plus Monroe Warehouse                        ,COMPLETED,EXTRUDER (2ND SHIFT),Posted,7/30/2026 12:00:00 AM,5:52AM,,18:08:00,LBS    ,4700.000,4700.000,0.000,Plus Materials                                    ,,0.0000,0.0000,0.0000,,,0,0,
16460,7/29/2026 12:00:00 AM,Plus Monroe Warehouse                        ,COMPLETED,GUILLOTINE (2ND SHIFT),Posted,7/30/2026 12:00:00 AM,5:53AM,,18:07:00,LBS    ,6647.000,6647.000,0.000,Plus Materials                                    ,,0.0000,0.0000,0.0000,,,0,0,
16462,7/29/2026 12:00:00 AM,Monroe Processing Warehouse                  ,COMPLETED,SHREDDER/GRINDER (2ND SHIFT),Posted,7/30/2026 12:00:00 AM,5:53AM,,18:07:00,LBS    ,6404.000,6404.000,0.000,Plus Materials                                    ,,666.4718,666.4700,0.0000,,,0,0,
16464,7/29/2026 12:00:00 AM,Plus Monroe Warehouse                        ,COMPLETED,AUTO-TIE BALER (3RD SHIFT),Posted,7/30/2026 12:00:00 AM,5:53AM,,18:07:00,LBS    ,5391.000,5391.000,0.000,Plus Materials                                    ,,163.3500,163.3400,0.0000,,,70,4,
16475,7/30/2026 12:00:00 AM,Plus Monroe Warehouse                        ,COMPLETED,AUTO-TIE BALER (1ST SHIFT),Posted,7/31/2026 12:00:00 AM,5:47AM,,18:13:00,LBS    ,1824.000,1824.000,0.000,Plus Materials                                    ,,0.0000,0.0000,0.0000,,,5,2,
16479,7/30/2026 12:00:00 AM,Plus Monroe Warehouse                        ,COMPLETED,EXTRUDER (1ST SHIFT),Posted,7/31/2026 12:00:00 AM,5:48AM,,18:12:00,LBS    ,5190.000,5190.000,0.000,Plus Materials                                    ,,0.0000,0.0000,0.0000,,,0,0,
16481,7/30/2026 12:00:00 AM,Plus Monroe Warehouse                        ,COMPLETED,GUILLOTINE (1ST SHIFT),Posted,7/31/2026 12:00:00 AM,5:48AM,,18:12:00,LBS    ,3864.000,3864.000,0.000,Plus Materials                                    ,,-85.6100,-85.6200,0.0000,,,0,0,
16482,7/30/2026 12:00:00 AM,Plus Monroe Warehouse                        ,COMPLETED,SHREDDER (1ST SHIFT),Posted,7/31/2026 12:00:00 AM,5:48AM,,18:12:00,LBS    ,936.000,936.000,0.000,Plus Materials                                    ,,0.0000,0.0000,0.0000,,,0,0,
16483,7/30/2026 12:00:00 AM,Monroe Processing Warehouse                  ,COMPLETED,SHREDDER/GRINDER (1ST SHIFT),Posted,7/31/2026 12:00:00 AM,5:48AM,,18:12:00,LBS    ,6111.000,6111.000,0.000,Plus Materials                                    ,,635.9795,635.9700,0.0000,,,0,0,
16485,7/30/2026 12:00:00 AM,Plus Monroe Warehouse                        ,COMPLETED,AUTO-TIE BALER (2ND SHIFT),Posted,7/31/2026 12:00:00 AM,5:49AM,,18:11:00,LBS    ,4619.000,4619.000,0.000,Plus Materials                                    ,,0.0000,0.0000,0.0000,,,0,0,
16489,7/30/2026 12:00:00 AM,Plus Monroe Warehouse                        ,COMPLETED,EXTRUDER (2ND SHIFT),Posted,7/31/2026 12:00:00 AM,5:49AM,,18:11:00,LBS    ,1400.000,1400.000,0.000,Plus Materials                                    ,,0.0000,0.0000,0.0000,,,0,0,
16491,7/30/2026 12:00:00 AM,Plus Monroe Warehouse                        ,COMPLETED,GUILLOTINE (2ND SHIFT),Posted,7/31/2026 12:00:00 AM,5:50AM,,18:10:00,LBS    ,3022.000,3022.000,0.000,Plus Materials                                    ,,-211.5400,-211.5400,0.0000,,,8,0,
16493,7/30/2026 12:00:00 AM,Monroe Processing Warehouse                  ,COMPLETED,SHREDDER/GRINDER (2ND SHIFT),Posted,7/31/2026 12:00:00 AM,5:50AM,,18:10:00,LBS    ,5075.000,5075.000,0.000,Plus Materials                                    ,,528.1615,528.1600,0.0000,,,0,0,
16495,7/30/2026 12:00:00 AM,Plus Monroe Warehouse                        ,COMPLETED,AUTO-TIE BALER (3RD SHIFT),Posted,7/31/2026 12:00:00 AM,5:50AM,,18:10:00,LBS    ,4830.000,4830.000,0.000,Plus Materials                                    ,,0.0000,0.0000,0.0000,,,13,4,
16499,7/30/2026 12:00:00 AM,Plus Monroe Warehouse                        ,COMPLETED,EXTRUDER (3RD SHIFT),Posted,7/31/2026 12:00:00 AM,5:51AM,,18:09:00,LBS    ,1738.000,1738.000,0.000,Plus Materials                                    ,,0.0000,0.0000,0.0000,,,0,0,
16501,7/30/2026 12:00:00 AM,Plus Monroe Warehouse                        ,COMPLETED,GUILLOTINE (3RD SHIFT),Posted,7/31/2026 12:00:00 AM,5:51AM,,18:09:00,LBS    ,5489.000,5489.000,0.000,Plus Materials                                    ,,0.0000,0.0000,0.0000,,,0,0,
16505,7/30/2026 12:00:00 AM,PRN Southeast                                ,COMPLETED,BALER,Posted,7/31/2026 12:00:00 AM,5:52AM,,18:08:00,LBS    ,2013.000,6312.000,-4299.000,Plus Materials                                    ,,114.0200,214.6600,100.6500,,,8,4,
16506,7/31/2026 12:00:00 AM,Plus Monroe Warehouse                        ,COMPLETED,AUTO-TIE BALER (1ST SHIFT),Posted,8/3/2026 12:00:00 AM,5:48AM,,18:12:00,LBS    ,1334.000,5382.000,-4048.000,Plus Materials                                    ,,0.0000,0.0000,0.0000,,,3,5,
16510,7/31/2026 12:00:00 AM,Plus Monroe Warehouse                        ,COMPLETED,EXTRUDER (1ST SHIFT),Posted,8/3/2026 12:00:00 AM,5:48AM,,18:12:00,LBS    ,16575.000,16575.000,0.000,Plus Materials                                    ,,0.0000,0.0000,0.0000,,,42,0,
16512,7/31/2026 12:00:00 AM,Plus Monroe Warehouse                        ,COMPLETED,GUILLOTINE (1ST SHIFT),Posted,8/3/2026 12:00:00 AM,5:49AM,,18:11:00,LBS    ,7040.000,7040.000,0.000,Plus Materials                                    ,,0.0000,0.0000,0.0000,,,0,0,
16514,7/31/2026 12:00:00 AM,Monroe Processing Warehouse                  ,COMPLETED,SHREDDER/GRINDER (1ST SHIFT),Posted,8/3/2026 12:00:00 AM,5:49AM,,18:11:00,LBS    ,1113.000,1113.000,0.000,Plus Materials                                    ,,117.2020,117.2000,0.0000,,,0,0,
16516,7/31/2026 12:00:00 AM,Plus Monroe Warehouse                        ,COMPLETED,AUTO-TIE BALER (2ND SHIFT),Posted,8/3/2026 12:00:00 AM,5:49AM,,18:11:00,LBS    ,6531.000,6531.000,0.000,Plus Materials                                    ,,-244.6613,-244.6600,0.0000,,,54,0,
16520,7/31/2026 12:00:00 AM,Plus Monroe Warehouse                        ,COMPLETED,EXTRUDER (2ND SHIFT),Posted,8/3/2026 12:00:00 AM,5:50AM,,18:10:00,LBS    ,5610.000,5610.000,0.000,Plus Materials                                    ,,0.0000,0.0000,0.0000,,,52,0,
16522,7/31/2026 12:00:00 AM,Plus Monroe Warehouse                        ,COMPLETED,GUILLOTINE (2ND SHIFT),Posted,8/3/2026 12:00:00 AM,5:50AM,,18:10:00,LBS    ,7537.000,7537.000,0.000,Plus Materials                                    ,,0.0000,0.0000,0.0000,,,0,0,
16524,7/31/2026 12:00:00 AM,Monroe Processing Warehouse                  ,COMPLETED,SHREDDER/GRINDER (2ND SHIFT),Posted,8/3/2026 12:00:00 AM,5:50AM,,18:10:00,LBS    ,7838.000,7838.000,0.000,Plus Materials                                    ,,815.7116,815.7100,0.0000,,,0,0,
16526,7/31/2026 12:00:00 AM,Plus Monroe Warehouse                        ,COMPLETED,AUTO-TIE BALER (3RD SHIFT),Posted,8/3/2026 12:00:00 AM,5:51AM,,18:09:00,LBS    ,6400.000,6400.000,0.000,Plus Materials                                    ,,90.4439,90.4500,0.0000,,,0,5,
16530,7/31/2026 12:00:00 AM,Plus Monroe Warehouse                        ,COMPLETED,EXTRUDER (3RD SHIFT),Posted,8/3/2026 12:00:00 AM,5:51AM,,18:09:00,LBS    ,6656.000,6656.000,0.000,Plus Materials                                    ,,0.0000,0.0000,0.0000,,,0,0,
16532,7/31/2026 12:00:00 AM,Plus Monroe Warehouse                        ,COMPLETED,GUILLOTINE (3RD SHIFT),Posted,8/3/2026 12:00:00 AM,5:52AM,,18:08:00,LBS    ,4684.000,4684.000,0.000,Plus Materials                                    ,,0.0000,0.0000,0.0000,,,0,0,
16536,7/31/2026 12:00:00 AM,PRN Southeast                                ,COMPLETED,BALER,Posted,8/3/2026 12:00:00 AM,5:52AM,,18:08:00,LBS    ,3785.000,6032.000,-2247.000,Plus Materials                                    ,,210.6300,399.8800,189.2500,,,11,3,
16537,8/3/2026 12:00:00 AM,Plus Monroe Warehouse                        ,COMPLETED,AUTO-TIE BALER (1ST SHIFT),Posted,8/4/2026 12:00:00 AM,4:53AM,,19:07:00,LBS    ,2009.000,4507.000,-2498.000,Plus Materials                                    ,,0.0000,0.0000,0.0000,,,4,5,
16541,8/3/2026 12:00:00 AM,Plus Monroe Warehouse                        ,COMPLETED,EXTRUDER (1ST SHIFT),Posted,8/4/2026 12:00:00 AM,4:54AM,,19:06:00,LBS    ,7612.000,7612.000,0.000,Plus Materials                                    ,,0.0000,0.0000,0.0000,,,46,0,
16543,8/3/2026 12:00:00 AM,Plus Monroe Warehouse                        ,COMPLETED,GUILLOTINE (1ST SHIFT),Posted,8/4/2026 12:00:00 AM,4:54AM,,19:06:00,LBS    ,6342.000,6342.000,0.000,Plus Materials                                    ,,-164.1500,-164.1500,0.0000,,,0,0,
16544,8/3/2026 12:00:00 AM,Plus Monroe Warehouse                        ,COMPLETED,SHREDDER (1ST SHIFT),Posted,8/4/2026 12:00:00 AM,4:54AM,,19:06:00,LBS    ,1465.000,1465.000,0.000,Plus Materials                                    ,,14.6500,14.6500,0.0000,,,14,0,
16545,8/3/2026 12:00:00 AM,Monroe Processing Warehouse                  ,COMPLETED,SHREDDER/GRINDER (1ST SHIFT),Posted,8/4/2026 12:00:00 AM,4:55AM,,19:05:00,LBS    ,5346.000,5346.000,0.000,Plus Materials                                    ,,558.2087,558.2100,0.0000,,,42,0,
16547,8/3/2026 12:00:00 AM,Plus Monroe Warehouse                        ,COMPLETED,AUTO-TIE BALER (2ND SHIFT),Posted,8/4/2026 12:00:00 AM,4:55AM,,19:05:00,LBS    ,5661.000,9518.000,-3857.000,Plus Materials                                    ,,0.0000,0.0000,0.0000,,,9,0,
16551,8/3/2026 12:00:00 AM,Plus Monroe Warehouse                        ,COMPLETED,EXTRUDER (2ND SHIFT),Posted,8/4/2026 12:00:00 AM,4:56AM,,19:04:00,LBS    ,4708.000,4708.000,0.000,Plus Materials                                    ,,0.0000,0.0000,0.0000,,,0,0,
16553,8/3/2026 12:00:00 AM,Plus Monroe Warehouse                        ,COMPLETED,GUILLOTINE (2ND SHIFT),Posted,8/4/2026 12:00:00 AM,4:56AM,,19:04:00,LBS    ,2861.000,2861.000,0.000,Plus Materials                                    ,,-200.2700,-200.2700,0.0000,,,8,0,
16555,8/3/2026 12:00:00 AM,Monroe Processing Warehouse                  ,COMPLETED,SHREDDER/GRINDER (2ND SHIFT),Posted,8/4/2026 12:00:00 AM,4:56AM,,19:04:00,LBS    ,6183.000,6183.000,0.000,Plus Materials                                    ,,645.6048,645.6000,0.0000,,,0,0,
16557,8/3/2026 12:00:00 AM,Plus Monroe Warehouse                        ,COMPLETED,AUTO-TIE BALER (3RD SHIFT),Posted,8/4/2026 12:00:00 AM,4:57AM,,19:03:00,LBS    ,8355.000,9518.000,-1163.000,Plus Materials                                    ,,0.0000,0.0000,0.0000,,,0,8,
16561,8/3/2026 12:00:00 AM,Plus Monroe Warehouse                        ,COMPLETED,EXTRUDER (3RD SHIFT),Posted,8/4/2026 12:00:00 AM,4:57AM,,19:03:00,LBS    ,4894.000,4894.000,0.000,Plus Materials                                    ,,0.0000,0.0000,0.0000,,,0,0,
16568,8/3/2026 12:00:00 AM,Plus Ryder Midwest                           ,COMPLETED,BOGUS,Posted,8/3/2026 12:00:00 AM,12:52PM,,11:08:00,LBS    ,39848.000,39848.000,0.000,Plus Materials                                    ,,597.7200,597.7200,0.0000,,,84,1,
16569,8/3/2026 12:00:00 AM,Plus Ryder Midwest                           ,COMPLETED,BOGUS,Posted,8/3/2026 12:00:00 AM,12:54PM,,11:06:00,LBS    ,5420.000,5420.000,0.000,Plus Materials                                    ,,81.3021,81.3000,0.0000,,,0,1,
16574,8/4/2026 12:00:00 AM,Plus Monroe Warehouse                        ,COMPLETED,EXTRUDER (1ST SHIFT),Posted,8/5/2026 12:00:00 AM,5:52AM,,18:08:00,LBS    ,6800.000,6800.000,0.000,Plus Materials                                    ,,0.0000,0.0000,0.0000,,,0,0,
16576,8/4/2026 12:00:00 AM,Plus Monroe Warehouse                        ,COMPLETED,GUILLOTINE (1ST SHIFT),Posted,8/5/2026 12:00:00 AM,5:52AM,,18:08:00,LBS    ,3028.000,3028.000,0.000,Plus Materials                                    ,,-60.2000,-60.2100,0.0000,,,0,0,
16577,8/4/2026 12:00:00 AM,Plus Monroe Warehouse                        ,COMPLETED,SHREDDER (1ST SHIFT),Posted,8/5/2026 12:00:00 AM,5:52AM,,18:08:00,LBS    ,1120.000,1387.000,-267.000,Plus Materials                                    ,,35.9000,35.9000,0.0000,,,14,0,
16578,8/4/2026 12:00:00 AM,Monroe Processing Warehouse                  ,COMPLETED,SHREDDER/GRINDER (1ST SHIFT),Posted,8/5/2026 12:00:00 AM,5:52AM,,18:08:00,LBS    ,3887.000,3887.000,0.000,Plus Materials                                    ,,405.8660,405.8600,0.0000,,,0,0,
16580,8/4/2026 12:00:00 AM,Plus Monroe Warehouse                        ,COMPLETED,AUTO-TIE BALER (2ND SHIFT),Posted,8/5/2026 12:00:00 AM,5:53AM,,18:07:00,LBS    ,2846.000,9814.000,-6968.000,Plus Materials                                    ,,12.2500,12.2600,0.0000,,,7,0,
16584,8/4/2026 12:00:00 AM,Plus Monroe Warehouse                        ,COMPLETED,EXTRUDER (2ND SHIFT),Posted,8/5/2026 12:00:00 AM,5:53AM,,18:07:00,LBS    ,1604.000,1604.000,0.000,Plus Materials                                    ,,0.0000,0.0000,0.0000,,,0,0,
16586,8/4/2026 12:00:00 AM,Plus Monroe Warehouse                        ,COMPLETED,GUILLOTINE (2ND SHIFT),Posted,8/5/2026 12:00:00 AM,5:54AM,,18:06:00,LBS    ,8320.000,8320.000,0.000,Plus Materials                                    ,,149.9854,150.0000,0.0000,,,2,0,
16588,8/4/2026 12:00:00 AM,Monroe Processing Warehouse                  ,COMPLETED,SHREDDER/GRINDER (2ND SHIFT),Posted,8/5/2026 12:00:00 AM,5:54AM,,18:06:00,LBS    ,4745.000,4745.000,0.000,Plus Materials                                    ,,495.4545,495.4500,0.0000,,,0,0,
16590,8/4/2026 12:00:00 AM,Plus Monroe Warehouse                        ,COMPLETED,AUTO-TIE BALER (3RD SHIFT),Posted,8/5/2026 12:00:00 AM,5:54AM,,18:06:00,LBS    ,2124.000,4700.000,-2576.000,Plus Materials                                    ,,-9.4900,-9.4800,0.0000,,,8,4,
16594,8/4/2026 12:00:00 AM,Plus Monroe Warehouse                        ,COMPLETED,EXTRUDER (3RD SHIFT),Posted,8/5/2026 12:00:00 AM,5:55AM,,18:05:00,LBS    ,6838.000,6838.000,0.000,Plus Materials                                    ,,0.0000,0.0000,0.0000,,,0,0,
16600,8/4/2026 12:00:00 AM,PRN Southeast                                ,COMPLETED,BALER,Posted,8/5/2026 12:00:00 AM,5:56AM,,18:04:00,LBS    ,470.000,7000.000,-6530.000,Plus Materials                                    ,,-18.8000,4.6900,23.5000,,,1,4,
16601,8/5/2026 12:00:00 AM,Plus Monroe Warehouse                        ,COMPLETED,AUTO-TIE BALER (1ST SHIFT),Posted,8/6/2026 12:00:00 AM,5:45AM,,18:15:00,LBS    ,2903.000,4124.000,-1221.000,Plus Materials                                    ,,125.8800,125.8800,0.0000,,,4,3,
16605,8/5/2026 12:00:00 AM,Plus Monroe Warehouse                        ,COMPLETED,EXTRUDER (1ST SHIFT),Posted,8/6/2026 12:00:00 AM,5:46AM,,18:14:00,LBS    ,5500.000,5500.000,0.000,Plus Materials                                    ,,0.0000,0.0000,0.0000,,,51,0,
16606,8/5/2026 12:00:00 AM,Plus Monroe Warehouse                        ,COMPLETED,GREEN MAX (NEW) (1ST SHIFT),Posted,8/6/2026 12:00:00 AM,5:46AM,,18:14:00,LBS    ,1801.000,1801.000,0.000,Plus Materials                                    ,,0.0000,0.0000,0.0000,,,26,0,
16607,8/5/2026 12:00:00 AM,Plus Monroe Warehouse                        ,COMPLETED,GUILLOTINE (1ST SHIFT),Posted,8/6/2026 12:00:00 AM,5:46AM,,18:14:00,LBS    ,4824.000,4824.000,0.000,Plus Materials                                    ,,0.0000,0.0000,0.0000,,,0,0,
16608,8/5/2026 12:00:00 AM,Plus Monroe Warehouse                        ,COMPLETED,SHREDDER (1ST SHIFT),Posted,8/6/2026 12:00:00 AM,5:47AM,,18:13:00,LBS    ,4947.000,6964.000,-2017.000,Plus Materials                                    ,,228.8900,228.8900,0.0000,,,0,0,
16609,8/5/2026 12:00:00 AM,Monroe Processing Warehouse                  ,COMPLETED,SHREDDER/GRINDER (1ST SHIFT),Posted,8/6/2026 12:00:00 AM,5:47AM,,18:13:00,LBS    ,4932.000,4932.000,0.000,Plus Materials                                    ,,514.9813,514.9700,0.0000,,,0,0,
16611,8/5/2026 12:00:00 AM,Plus Monroe Warehouse                        ,COMPLETED,AUTO-TIE BALER (2ND SHIFT),Posted,8/6/2026 12:00:00 AM,5:47AM,,18:13:00,LBS    ,4097.000,5946.000,-1849.000,Plus Materials                                    ,,267.9500,267.9600,0.0000,,,0,0,
16615,8/5/2026 12:00:00 AM,Plus Monroe Warehouse                        ,COMPLETED,EXTRUDER (2ND SHIFT),Posted,8/6/2026 12:00:00 AM,5:48AM,,18:12:00,LBS    ,3028.000,3028.000,0.000,Plus Materials                                    ,,0.0000,0.0000,0.0000,,,0,0,
16617,8/5/2026 12:00:00 AM,Plus Monroe Warehouse                        ,COMPLETED,GUILLOTINE (2ND SHIFT),Posted,8/6/2026 12:00:00 AM,5:48AM,,18:12:00,LBS    ,1852.000,1852.000,0.000,Plus Materials                                    ,,-129.6400,-129.6400,0.0000,,,3,0,
16619,8/5/2026 12:00:00 AM,Monroe Processing Warehouse                  ,COMPLETED,SHREDDER/GRINDER (2ND SHIFT),Posted,8/6/2026 12:00:00 AM,5:48AM,,18:12:00,LBS    ,10787.000,10787.000,0.000,Plus Materials                                    ,,1126.3333,1126.3400,0.0000,,,0,0,
16621,8/5/2026 12:00:00 AM,Plus Monroe Warehouse                        ,COMPLETED,AUTO-TIE BALER (3RD SHIFT),Posted,8/6/2026 12:00:00 AM,5:49AM,,18:11:00,LBS    ,5765.000,5765.000,0.000,Plus Materials                                    ,,0.0000,0.0000,0.0000,,,0,5,
16625,8/5/2026 12:00:00 AM,Plus Monroe Warehouse                        ,COMPLETED,EXTRUDER (3RD SHIFT),Posted,8/6/2026 12:00:00 AM,5:49AM,,18:11:00,LBS    ,1526.000,1526.000,0.000,Plus Materials                                    ,,0.0000,0.0000,0.0000,,,0,0,
16627,8/5/2026 12:00:00 AM,Plus Monroe Warehouse                        ,COMPLETED,GUILLOTINE (3RD SHIFT),Posted,8/6/2026 12:00:00 AM,5:50AM,,18:10:00,LBS    ,6104.000,6104.000,0.000,Plus Materials                                    ,,0.0000,0.0000,0.0000,,,0,0,
16631,8/5/2026 12:00:00 AM,PRN Southeast                                ,COMPLETED,BALER,Posted,8/6/2026 12:00:00 AM,5:50AM,,18:10:00,LBS    ,4620.000,3164.000,1456.000,Plus Materials                                    ,,193.0500,424.0500,231.0000,,,10,2,
16632,8/6/2026 12:00:00 AM,Plus Ryder Midwest                           ,COMPLETED,BOGUS,Posted,8/6/2026 12:00:00 AM,5:30AM,,18:30:00,LBS    ,4800.000,4800.000,0.000,Plus Materials                                    ,,0.0000,0.0000,0.0000,,,0,1,
16633,8/6/2026 12:00:00 AM,Plus Monroe Warehouse                        ,COMPLETED,AUTO-TIE BALER (1ST SHIFT),Posted,8/7/2026 12:00:00 AM,5:46AM,,18:14:00,LBS    ,2075.000,2623.000,-548.000,Plus Materials                                    ,,0.0000,0.0000,0.0000,,,7,2,
16638,8/6/2026 12:00:00 AM,Plus Monroe Warehouse                        ,COMPLETED,GREEN MAX (NEW) (1ST SHIFT),Posted,8/7/2026 12:00:00 AM,5:47AM,,18:13:00,LBS    ,1389.000,1389.000,0.000,Plus Materials                                    ,,0.0000,0.0000,0.0000,,,0,0,
16639,8/6/2026 12:00:00 AM,Plus Monroe Warehouse                        ,COMPLETED,GUILLOTINE (1ST SHIFT),Posted,8/7/2026 12:00:00 AM,5:47AM,,18:13:00,LBS    ,4322.000,4322.000,0.000,Plus Materials                                    ,,0.0000,0.0000,0.0000,,,0,0,
16640,8/6/2026 12:00:00 AM,Plus Monroe Warehouse                        ,COMPLETED,SHREDDER (1ST SHIFT),Posted,8/7/2026 12:00:00 AM,5:47AM,,18:13:00,LBS    ,2175.000,4071.000,-1896.000,Plus Materials                                    ,,-10.8000,-10.8000,0.0000,,,19,0,
16641,8/6/2026 12:00:00 AM,Monroe Processing Warehouse                  ,COMPLETED,SHREDDER/GRINDER (1ST SHIFT),Posted,8/7/2026 12:00:00 AM,5:47AM,,18:13:00,LBS    ,4055.000,4055.000,0.000,Plus Materials                                    ,,423.4084,423.4100,0.0000,,,0,0,
16643,8/6/2026 12:00:00 AM,Plus Monroe Warehouse                        ,COMPLETED,AUTO-TIE BALER (2ND SHIFT),Posted,8/7/2026 12:00:00 AM,5:48AM,,18:12:00,LBS    ,4556.000,4556.000,0.000,Plus Materials                                    ,,-125.8714,-125.8600,0.0000,,,0,0,
16647,8/6/2026 12:00:00 AM,Plus Monroe Warehouse                        ,COMPLETED,EXTRUDER (2ND SHIFT),Posted,8/7/2026 12:00:00 AM,5:48AM,,18:12:00,LBS    ,3174.000,3174.000,0.000,Plus Materials                                    ,,0.0000,0.0000,0.0000,,,0,0,
16649,8/6/2026 12:00:00 AM,Plus Monroe Warehouse                        ,COMPLETED,GUILLOTINE (2ND SHIFT),Posted,8/7/2026 12:00:00 AM,5:49AM,,18:11:00,LBS    ,5185.000,5185.000,0.000,Plus Materials                                    ,,0.0000,0.0000,0.0000,,,0,0,
16651,8/6/2026 12:00:00 AM,Monroe Processing Warehouse                  ,COMPLETED,SHREDDER/GRINDER (2ND SHIFT),Posted,8/7/2026 12:00:00 AM,5:49AM,,18:11:00,LBS    ,2348.000,2348.000,0.000,Plus Materials                                    ,,244.5935,244.6000,0.0000,,,41,0,
16653,8/6/2026 12:00:00 AM,Plus Monroe Warehouse                        ,COMPLETED,AUTO-TIE BALER (3RD SHIFT),Posted,8/7/2026 12:00:00 AM,5:49AM,,18:11:00,LBS    ,5473.000,5473.000,0.000,Plus Materials                                    ,,-547.3000,-547.3000,0.0000,,,0,3,
16657,8/6/2026 12:00:00 AM,Plus Monroe Warehouse                        ,COMPLETED,EXTRUDER (3RD SHIFT),Posted,8/7/2026 12:00:00 AM,5:50AM,,18:10:00,LBS    ,4890.000,4890.000,0.000,Plus Materials                                    ,,0.0000,0.0000,0.0000,,,49,0,
16659,8/6/2026 12:00:00 AM,Plus Monroe Warehouse                        ,COMPLETED,GUILLOTINE (3RD SHIFT),Posted,8/7/2026 12:00:00 AM,5:50AM,,18:10:00,LBS    ,6245.000,6245.000,0.000,Plus Materials                                    ,,0.0000,0.0000,0.0000,,,0,0,
16664,8/7/2026 12:00:00 AM,Plus Monroe Warehouse                        ,COMPLETED,AUTO-TIE BALER (1ST SHIFT),Posted,8/10/2026 12:00:00 AM,5:50AM,,18:10:00,LBS    ,1225.000,2391.000,-1166.000,Plus Materials                                    ,,10.0000,10.0000,0.0000,,,4,2,
16668,8/7/2026 12:00:00 AM,Plus Monroe Warehouse                        ,COMPLETED,EXTRUDER (1ST SHIFT),Posted,8/10/2026 12:00:00 AM,5:51AM,,18:09:00,LBS    ,13287.000,13287.000,0.000,Plus Materials                                    ,,0.0000,0.0000,0.0000,,,0,0,
16669,8/7/2026 12:00:00 AM,Plus Monroe Warehouse                        ,COMPLETED,GREEN MAX (NEW) (1ST SHIFT),Posted,8/10/2026 12:00:00 AM,5:51AM,,18:09:00,LBS    ,1527.000,1527.000,0.000,Plus Materials                                    ,,0.0000,0.0000,0.0000,,,0,0,
16670,8/7/2026 12:00:00 AM,Plus Monroe Warehouse                        ,COMPLETED,GUILLOTINE (1ST SHIFT),Posted,8/10/2026 12:00:00 AM,5:51AM,,18:09:00,LBS    ,4604.000,4604.000,0.000,Plus Materials                                    ,,0.0000,0.0000,0.0000,,,0,0,
16671,8/7/2026 12:00:00 AM,Plus Monroe Warehouse                        ,COMPLETED,SHREDDER (1ST SHIFT),Posted,8/10/2026 12:00:00 AM,5:51AM,,18:09:00,LBS    ,1297.000,1297.000,0.000,Plus Materials                                    ,,0.0000,0.0000,0.0000,,,13,0,
16672,8/7/2026 12:00:00 AM,Monroe Processing Warehouse                  ,COMPLETED,SHREDDER/GRINDER (1ST SHIFT),Posted,8/10/2026 12:00:00 AM,5:51AM,,18:09:00,LBS    ,6073.000,6073.000,0.000,Plus Materials                                    ,,632.6310,632.6300,0.0000,,,0,0,
16674,8/7/2026 12:00:00 AM,Plus Monroe Warehouse                        ,COMPLETED,AUTO-TIE BALER (2ND SHIFT),Posted,8/10/2026 12:00:00 AM,5:51AM,,18:09:00,LBS    ,2751.000,4592.000,-1841.000,Plus Materials                                    ,,282.4900,282.4900,0.0000,,,1,0,
16678,8/7/2026 12:00:00 AM,Plus Monroe Warehouse                        ,COMPLETED,EXTRUDER (2ND SHIFT),Posted,8/10/2026 12:00:00 AM,5:52AM,,18:08:00,LBS    ,4900.000,4900.000,0.000,Plus Materials                                    ,,49.0000,49.0000,0.0000,,,25,0,
16680,8/7/2026 12:00:00 AM,Plus Monroe Warehouse                        ,COMPLETED,GUILLOTINE (2ND SHIFT),Posted,8/10/2026 12:00:00 AM,5:52AM,,18:08:00,LBS    ,4935.000,4935.000,0.000,Plus Materials                                    ,,324.7063,324.7000,0.0000,,,0,0,
16682,8/7/2026 12:00:00 AM,Monroe Processing Warehouse                  ,COMPLETED,SHREDDER/GRINDER (2ND SHIFT),Posted,8/10/2026 12:00:00 AM,5:53AM,,18:07:00,LBS    ,5928.000,5928.000,0.000,Plus Materials                                    ,,617.5257,617.5300,0.0000,,,0,0,
16688,8/7/2026 12:00:00 AM,Plus Monroe Warehouse                        ,COMPLETED,EXTRUDER (3RD SHIFT),Posted,8/10/2026 12:00:00 AM,5:54AM,,18:06:00,LBS    ,5020.000,5020.000,0.000,Plus Materials                                    ,,50.2000,50.2000,0.0000,,,51,0,
16694,8/7/2026 12:00:00 AM,PRN Southeast                                ,COMPLETED,BALER,Posted,8/10/2026 12:00:00 AM,5:55AM,,18:05:00,LBS    ,1665.000,5364.000,-3699.000,Plus Materials                                    ,,56.8400,140.0900,83.2500,,,4,3,
16695,8/7/2026 12:00:00 AM,Plus Ryder Midwest                           ,COMPLETED,BOGUS,Posted,8/7/2026 12:00:00 AM,11:53AM,,12:07:00,LBS    ,10500.000,10500.000,0.000,Plus Materials                                    ,,787.5022,787.5000,0.0000,,,25,1,
16697,8/10/2026 12:00:00 AM,Plus Monroe Warehouse                        ,COMPLETED,AUTO-TIE BALER (1ST SHIFT),Posted,8/11/2026 12:00:00 AM,5:18AM,,18:42:00,LBS    ,3113.000,5756.000,-2643.000,Plus Materials                                    ,,-6.5400,-6.5400,0.0000,,,12,5,
16701,8/10/2026 12:00:00 AM,Plus Monroe Warehouse                        ,COMPLETED,EXTRUDER (1ST SHIFT),Posted,8/11/2026 12:00:00 AM,5:19AM,,18:41:00,LBS    ,6710.000,6710.000,0.000,Plus Materials                                    ,,738.1000,738.1000,0.0000,,,0,0,
16703,8/10/2026 12:00:00 AM,Plus Monroe Warehouse                        ,COMPLETED,GUILLOTINE (1ST SHIFT),Posted,8/11/2026 12:00:00 AM,5:19AM,,18:41:00,LBS    ,7882.000,7882.000,0.000,Plus Materials                                    ,,710.2700,710.2600,0.0000,,,4,0,
16704,8/10/2026 12:00:00 AM,Plus Monroe Warehouse                        ,COMPLETED,SHREDDER (1ST SHIFT),Posted,8/11/2026 12:00:00 AM,5:20AM,,18:40:00,LBS    ,1763.000,1763.000,0.000,Plus Materials                                    ,,0.0000,0.0000,0.0000,,,0,0,
16705,8/10/2026 12:00:00 AM,Monroe Processing Warehouse                  ,COMPLETED,SHREDDER/GRINDER (1ST SHIFT),Posted,8/11/2026 12:00:00 AM,5:20AM,,18:40:00,LBS    ,3713.000,3713.000,0.000,Plus Materials                                    ,,386.7863,386.7900,0.0000,,,0,0,
16707,8/10/2026 12:00:00 AM,Plus Monroe Warehouse                        ,COMPLETED,AUTO-TIE BALER (2ND SHIFT),Posted,8/11/2026 12:00:00 AM,5:20AM,,18:40:00,LBS    ,11358.000,11358.000,0.000,Plus Materials                                    ,,0.0000,0.0000,0.0000,,,34,0,
16711,8/10/2026 12:00:00 AM,Plus Monroe Warehouse                        ,COMPLETED,EXTRUDER (2ND SHIFT),Posted,8/11/2026 12:00:00 AM,5:21AM,,18:39:00,LBS    ,4288.000,4288.000,0.000,Plus Materials                                    ,,514.5600,514.5600,0.0000,,,195,0,
16713,8/10/2026 12:00:00 AM,Plus Monroe Warehouse                        ,COMPLETED,GUILLOTINE (2ND SHIFT),Posted,8/11/2026 12:00:00 AM,5:21AM,,18:39:00,LBS    ,9267.000,9267.000,0.000,Plus Materials                                    ,,0.0000,0.0000,0.0000,,,0,0,
16715,8/10/2026 12:00:00 AM,Monroe Processing Warehouse                  ,COMPLETED,SHREDDER/GRINDER (2ND SHIFT),Posted,8/11/2026 12:00:00 AM,5:21AM,,18:39:00,LBS    ,7994.000,7994.000,0.000,Plus Materials                                    ,,832.7439,832.7400,0.0000,,,0,0,
16717,8/10/2026 12:00:00 AM,Plus Monroe Warehouse                        ,COMPLETED,AUTO-TIE BALER (3RD SHIFT),Posted,8/11/2026 12:00:00 AM,5:22AM,,18:38:00,LBS    ,8547.000,8547.000,0.000,Plus Materials                                    ,,0.0000,0.0000,0.0000,,,35,7,
16721,8/10/2026 12:00:00 AM,Plus Monroe Warehouse                        ,COMPLETED,EXTRUDER (3RD SHIFT),Posted,8/11/2026 12:00:00 AM,5:22AM,,18:38:00,LBS    ,4392.000,4392.000,0.000,Plus Materials                                    ,,527.0400,527.0400,0.0000,,,11,0,
16723,8/10/2026 12:00:00 AM,Plus Monroe Warehouse                        ,COMPLETED,GUILLOTINE (3RD SHIFT),Posted,8/11/2026 12:00:00 AM,5:23AM,,18:37:00,LBS    ,6263.000,6263.000,0.000,Plus Materials                                    ,,0.0000,0.0000,0.0000,,,0,0,
16727,8/10/2026 12:00:00 AM,PRN Southeast                                ,COMPLETED,BALER,Posted,8/11/2026 12:00:00 AM,5:23AM,,18:37:00,LBS    ,1205.000,1665.000,-460.000,Plus Materials                                    ,,44.2400,104.4900,60.2500,,,7,1,
16728,8/11/2026 12:00:00 AM,Plus Monroe Warehouse                        ,COMPLETED,AUTO-TIE BALER (1ST SHIFT),Posted,8/12/2026 12:00:00 AM,5:52AM,,18:08:00,LBS    ,7645.000,8468.000,-823.000,Plus Materials                                    ,,743.2865,743.2900,0.0000,,,18,6,
16732,8/11/2026 12:00:00 AM,Plus Monroe Warehouse                        ,COMPLETED,EXTRUDER (1ST SHIFT),Posted,8/12/2026 12:00:00 AM,5:52AM,,18:08:00,LBS    ,3316.000,3316.000,0.000,Plus Materials                                    ,,397.9200,397.9200,0.0000,,,0,0,
16734,8/11/2026 12:00:00 AM,Plus Monroe Warehouse                        ,COMPLETED,GUILLOTINE (1ST SHIFT),Posted,8/12/2026 12:00:00 AM,5:53AM,,18:07:00,LBS    ,754.000,754.000,0.000,Plus Materials                                    ,,0.0000,0.0000,0.0000,,,0,0,
16735,8/11/2026 12:00:00 AM,Plus Monroe Warehouse                        ,COMPLETED,SHREDDER (1ST SHIFT),Posted,8/12/2026 12:00:00 AM,5:53AM,,18:07:00,LBS    ,1464.000,1930.000,-466.000,Plus Materials                                    ,,131.7600,131.7500,0.0000,,,0,0,
16736,8/11/2026 12:00:00 AM,Monroe Processing Warehouse                  ,COMPLETED,SHREDDER/GRINDER (1ST SHIFT),Posted,8/12/2026 12:00:00 AM,5:53AM,,18:07:00,LBS    ,5688.000,5688.000,0.000,Plus Materials                                    ,,592.5227,592.5300,0.0000,,,0,0,
16738,8/11/2026 12:00:00 AM,Plus Monroe Warehouse                        ,COMPLETED,AUTO-TIE BALER (2ND SHIFT),Posted,8/12/2026 12:00:00 AM,5:53AM,,18:07:00,LBS    ,6590.000,8601.000,-2011.000,Plus Materials                                    ,,181.2300,181.2300,0.0000,,,26,0,
16742,8/11/2026 12:00:00 AM,Plus Monroe Warehouse                        ,COMPLETED,EXTRUDER (2ND SHIFT),Posted,8/12/2026 12:00:00 AM,5:54AM,,18:06:00,LBS    ,3887.000,3887.000,0.000,Plus Materials                                    ,,466.4400,466.4400,0.0000,,,0,0,
16744,8/11/2026 12:00:00 AM,Plus Monroe Warehouse                        ,COMPLETED,GUILLOTINE (2ND SHIFT),Posted,8/12/2026 12:00:00 AM,5:54AM,,18:06:00,LBS    ,8099.000,8099.000,0.000,Plus Materials                                    ,,351.9600,351.9900,0.0000,,,34,0,
16746,8/11/2026 12:00:00 AM,Monroe Processing Warehouse                  ,COMPLETED,SHREDDER/GRINDER (2ND SHIFT),Posted,8/12/2026 12:00:00 AM,5:54AM,,18:06:00,LBS    ,6703.000,6703.000,0.000,Plus Materials                                    ,,0.0000,0.0000,0.0000,,,0,0,
16748,8/11/2026 12:00:00 AM,Plus Monroe Warehouse                        ,COMPLETED,AUTO-TIE BALER (3RD SHIFT),Posted,8/12/2026 12:00:00 AM,5:55AM,,18:05:00,LBS    ,1215.000,1599.000,-384.000,Plus Materials                                    ,,72.9000,72.9000,0.0000,,,0,1,
16752,8/11/2026 12:00:00 AM,Plus Monroe Warehouse                        ,COMPLETED,EXTRUDER (3RD SHIFT),Posted,8/12/2026 12:00:00 AM,5:55AM,,18:05:00,LBS    ,5318.000,5318.000,0.000,Plus Materials                                    ,,638.1600,638.1600,0.0000,,,0,0,
16754,8/11/2026 12:00:00 AM,Plus Monroe Warehouse                        ,COMPLETED,GUILLOTINE (3RD SHIFT),Posted,8/12/2026 12:00:00 AM,5:56AM,,18:04:00,LBS    ,5216.000,5216.000,0.000,Plus Materials                                    ,,625.9200,625.9200,0.0000,,,195,0,
16758,8/11/2026 12:00:00 AM,PRN Southeast                                ,COMPLETED,BALER,Posted,8/12/2026 12:00:00 AM,5:56AM,,18:04:00,LBS    ,7909.000,9070.000,-1161.000,Plus Materials                                    ,,440.6700,836.1200,395.4500,,,21,4,
16759,8/12/2026 12:00:00 AM,Plus Monroe Warehouse                        ,COMPLETED,AUTO-TIE BALER (1ST SHIFT),Posted,8/13/2026 12:00:00 AM,5:30AM,,18:30:00,LBS    ,2360.000,2616.000,-256.000,Plus Materials                                    ,,141.6000,141.6000,0.0000,,,0,3,
16763,8/12/2026 12:00:00 AM,Plus Monroe Warehouse                        ,COMPLETED,EXTRUDER (1ST SHIFT),Posted,8/13/2026 12:00:00 AM,5:30AM,,18:30:00,LBS    ,8242.000,8242.000,0.000,Plus Materials                                    ,,989.0400,989.0400,0.0000,,,0,0,
16765,8/12/2026 12:00:00 AM,Plus Monroe Warehouse                        ,COMPLETED,GUILLOTINE (1ST SHIFT),Posted,8/13/2026 12:00:00 AM,5:31AM,,18:29:00,LBS    ,6000.000,6475.000,-475.000,Plus Materials                                    ,,720.0000,720.0000,0.0000,,,10,0,
16766,8/12/2026 12:00:00 AM,Plus Monroe Warehouse                        ,COMPLETED,SHREDDER (1ST SHIFT),Posted,8/13/2026 12:00:00 AM,5:31AM,,18:29:00,LBS    ,1709.000,1709.000,0.000,Plus Materials                                    ,,0.0000,0.0000,0.0000,,,50,0,
16767,8/12/2026 12:00:00 AM,Monroe Processing Warehouse                  ,COMPLETED,SHREDDER/GRINDER (1ST SHIFT),Posted,8/13/2026 12:00:00 AM,5:31AM,,18:29:00,LBS    ,5163.000,5163.000,0.000,Plus Materials                                    ,,0.0000,0.0000,0.0000,,,0,0,
16769,8/12/2026 12:00:00 AM,Plus Monroe Warehouse                        ,COMPLETED,AUTO-TIE BALER (2ND SHIFT),Posted,8/13/2026 12:00:00 AM,5:31AM,,18:29:00,LBS    ,4040.000,6334.000,-2294.000,Plus Materials                                    ,,263.5700,263.5700,0.0000,,,0,0,
16773,8/12/2026 12:00:00 AM,Plus Monroe Warehouse                        ,COMPLETED,EXTRUDER (2ND SHIFT),Posted,8/13/2026 12:00:00 AM,5:32AM,,18:28:00,LBS    ,3492.000,3492.000,0.000,Plus Materials                                    ,,419.0400,419.0400,0.0000,,,0,0,
16775,8/12/2026 12:00:00 AM,Plus Monroe Warehouse                        ,COMPLETED,GUILLOTINE (2ND SHIFT),Posted,8/13/2026 12:00:00 AM,5:33AM,,18:27:00,LBS    ,9121.000,9121.000,0.000,Plus Materials                                    ,,836.4800,836.4600,0.0000,,,47,0,
16777,8/12/2026 12:00:00 AM,Monroe Processing Warehouse                  ,COMPLETED,SHREDDER/GRINDER (2ND SHIFT),Posted,8/13/2026 12:00:00 AM,5:33AM,,18:27:00,LBS    ,5112.000,5112.000,0.000,Plus Materials                                    ,,408.9600,408.9600,0.0000,,,0,0,
16779,8/12/2026 12:00:00 AM,Plus Monroe Warehouse                        ,COMPLETED,AUTO-TIE BALER (3RD SHIFT),Posted,8/13/2026 12:00:00 AM,5:34AM,,18:26:00,LBS    ,3519.000,4366.000,-847.000,Plus Materials                                    ,,64.5300,64.5400,0.0000,,,1,3,
16783,8/12/2026 12:00:00 AM,Plus Monroe Warehouse                        ,COMPLETED,EXTRUDER (3RD SHIFT),Posted,8/13/2026 12:00:00 AM,5:35AM,,18:25:00,LBS    ,5480.000,5480.000,0.000,Plus Materials                                    ,,657.6000,657.6000,0.0000,,,0,0,
16785,8/12/2026 12:00:00 AM,Plus Monroe Warehouse                        ,COMPLETED,GUILLOTINE (3RD SHIFT),Posted,8/13/2026 12:00:00 AM,5:35AM,,18:25:00,LBS    ,5870.000,5870.000,0.000,Plus Materials                                    ,,704.4000,704.4000,0.0000,,,10,0,
16789,8/12/2026 12:00:00 AM,PRN Southeast                                ,COMPLETED,BALER,Posted,8/13/2026 12:00:00 AM,5:36AM,,18:24:00,LBS    ,5572.000,5900.000,-328.000,Plus Materials                                    ,,256.0000,534.6000,278.6000,,,9,2,
16790,8/13/2026 12:00:00 AM,Plus Ryder Midwest                           ,COMPLETED,BOGUS,Posted,8/13/2026 12:00:00 AM,5:14AM,,18:46:00,LBS    ,12099.000,12099.000,0.000,Plus Materials                                    ,,302.4750,302.4800,0.0000,,,11,1,
16791,8/13/2026 12:00:00 AM,Plus Monroe Warehouse                        ,COMPLETED,AUTO-TIE BALER (1ST SHIFT),Posted,8/14/2026 12:00:00 AM,5:50AM,,18:10:00,LBS    ,1660.000,3194.000,-1534.000,Plus Materials                                    ,,0.0000,0.0000,0.0000,,,9,3,
16795,8/13/2026 12:00:00 AM,Plus Monroe Warehouse                        ,COMPLETED,EXTRUDER (1ST SHIFT),Posted,8/14/2026 12:00:00 AM,5:51AM,,18:09:00,LBS    ,8780.000,8780.000,0.000,Plus Materials                                    ,,702.4000,702.4000,0.0000,,,0,0,
16797,8/13/2026 12:00:00 AM,Plus Monroe Warehouse                        ,COMPLETED,GUILLOTINE (1ST SHIFT),Posted,8/14/2026 12:00:00 AM,5:51AM,,18:09:00,LBS    ,10949.000,10949.000,0.000,Plus Materials                                    ,,875.9200,875.9200,0.0000,,,0,0,
16798,8/13/2026 12:00:00 AM,Plus Monroe Warehouse                        ,COMPLETED,SHREDDER (1ST SHIFT),Posted,8/14/2026 12:00:00 AM,5:51AM,,18:09:00,LBS    ,4856.000,4856.000,0.000,Plus Materials                                    ,,0.0000,0.0000,0.0000,,,36,0,
16799,8/13/2026 12:00:00 AM,Monroe Processing Warehouse                  ,COMPLETED,SHREDDER/GRINDER (1ST SHIFT),Posted,8/14/2026 12:00:00 AM,5:51AM,,18:09:00,LBS    ,4930.000,4930.000,0.000,Plus Materials                                    ,,394.4000,394.4000,0.0000,,,0,0,
16801,8/13/2026 12:00:00 AM,Plus Monroe Warehouse                        ,COMPLETED,AUTO-TIE BALER (2ND SHIFT),Posted,8/14/2026 12:00:00 AM,5:52AM,,18:08:00,LBS    ,7337.000,7337.000,0.000,Plus Materials                                    ,,1430.4257,1430.4100,0.0000,,,12,0,
16805,8/13/2026 12:00:00 AM,Plus Monroe Warehouse                        ,COMPLETED,EXTRUDER (2ND SHIFT),Posted,8/14/2026 12:00:00 AM,5:52AM,,18:08:00,LBS    ,5020.000,5020.000,0.000,Plus Materials                                    ,,100.4000,100.4000,0.0000,,,28,0,
16807,8/13/2026 12:00:00 AM,Plus Monroe Warehouse                        ,COMPLETED,GUILLOTINE (2ND SHIFT),Posted,8/14/2026 12:00:00 AM,5:53AM,,18:07:00,LBS    ,3672.000,3672.000,0.000,Plus Materials                                    ,,0.0000,0.0000,0.0000,,,0,0,
16809,8/13/2026 12:00:00 AM,Monroe Processing Warehouse                  ,COMPLETED,SHREDDER/GRINDER (2ND SHIFT),Posted,8/14/2026 12:00:00 AM,5:53AM,,18:07:00,LBS    ,3609.000,3609.000,0.000,Plus Materials                                    ,,337.7398,337.7300,0.0000,,,0,0,
16811,8/13/2026 12:00:00 AM,Plus Monroe Warehouse                        ,COMPLETED,AUTO-TIE BALER (3RD SHIFT),Posted,8/14/2026 12:00:00 AM,5:53AM,,18:07:00,LBS    ,8574.000,8547.000,27.000,Plus Materials                                    ,,2306.7390,2306.7400,0.0000,,,6,7,
16815,8/13/2026 12:00:00 AM,Plus Monroe Warehouse                        ,COMPLETED,EXTRUDER (3RD SHIFT),Posted,8/14/2026 12:00:00 AM,5:54AM,,18:06:00,LBS    ,4005.000,4005.000,0.000,Plus Materials                                    ,,320.4000,320.4000,0.0000,,,0,0,
16817,8/13/2026 12:00:00 AM,Plus Monroe Warehouse                        ,COMPLETED,GUILLOTINE (3RD SHIFT),Posted,8/14/2026 12:00:00 AM,5:55AM,,18:05:00,LBS    ,5740.000,5740.000,0.000,Plus Materials                                    ,,0.0000,0.0000,0.0000,,,46,0,
16821,8/13/2026 12:00:00 AM,PRN Southeast                                ,COMPLETED,BALER,Posted,8/14/2026 12:00:00 AM,5:56AM,,18:04:00,LBS    ,7728.000,8920.000,-1192.000,Plus Materials                                    ,,421.5500,807.9500,386.4000,,,24,5,
16827,8/14/2026 12:00:00 AM,Plus Monroe Warehouse                        ,COMPLETED,EXTRUDER (1ST SHIFT),Posted,8/16/2026 12:00:00 AM,5:47AM,,18:13:00,LBS    ,11038.000,11038.000,0.000,Plus Materials                                    ,,220.7600,220.7600,0.0000,,,12,0,
16829,8/14/2026 12:00:00 AM,Plus Monroe Warehouse                        ,COMPLETED,GUILLOTINE (1ST SHIFT),Posted,8/16/2026 12:00:00 AM,5:47AM,,18:13:00,LBS    ,12128.000,12128.000,0.000,Plus Materials                                    ,,0.0000,0.0000,0.0000,,,43,0,
16830,8/14/2026 12:00:00 AM,Plus Monroe Warehouse                        ,COMPLETED,SHREDDER (1ST SHIFT),Posted,8/16/2026 12:00:00 AM,5:47AM,,18:13:00,LBS    ,6534.000,6534.000,0.000,Plus Materials                                    ,,65.3400,65.3400,0.0000,,,36,0,
16831,8/14/2026 12:00:00 AM,Monroe Processing Warehouse                  ,COMPLETED,SHREDDER/GRINDER (1ST SHIFT),Posted,8/16/2026 12:00:00 AM,5:47AM,,18:13:00,LBS    ,6060.000,6060.000,0.000,Plus Materials                                    ,,121.2000,121.2000,0.0000,,,28,0,
16837,8/14/2026 12:00:00 AM,Plus Monroe Warehouse                        ,COMPLETED,EXTRUDER (2ND SHIFT),Posted,8/16/2026 12:00:00 AM,5:48AM,,18:12:00,LBS    ,4710.000,4710.000,0.000,Plus Materials                                    ,,94.2000,94.2000,0.0000,,,17,0,
16839,8/14/2026 12:00:00 AM,Plus Monroe Warehouse                        ,COMPLETED,GUILLOTINE (2ND SHIFT),Posted,8/16/2026 12:00:00 AM,5:49AM,,18:11:00,LBS    ,7862.000,7862.000,0.000,Plus Materials                                    ,,157.2400,157.2400,0.0000,,,16,0,
16841,8/14/2026 12:00:00 AM,Monroe Processing Warehouse                  ,COMPLETED,SHREDDER/GRINDER (2ND SHIFT),Posted,8/16/2026 12:00:00 AM,5:49AM,,18:11:00,LBS    ,4750.000,4750.000,0.000,Plus Materials                                    ,,95.0000,95.0000,0.0000,,,0,0,
16843,8/14/2026 12:00:00 AM,Plus Monroe Warehouse                        ,COMPLETED,AUTO-TIE BALER (3RD SHIFT),Posted,8/16/2026 12:00:00 AM,5:49AM,,18:11:00,LBS    ,5603.000,5603.000,0.000,Plus Materials                                    ,,0.0000,0.0000,0.0000,,,52,5,
16847,8/14/2026 12:00:00 AM,Plus Monroe Warehouse                        ,COMPLETED,EXTRUDER (3RD SHIFT),Posted,8/16/2026 12:00:00 AM,5:50AM,,18:10:00,LBS    ,4484.000,4484.000,0.000,Plus Materials                                    ,,89.6800,89.6800,0.0000,,,0,0,
16849,8/14/2026 12:00:00 AM,Plus Monroe Warehouse                        ,COMPLETED,GUILLOTINE (3RD SHIFT),Posted,8/16/2026 12:00:00 AM,5:50AM,,18:10:00,LBS    ,4223.000,4223.000,0.000,Plus Materials                                    ,,84.4600,84.4600,0.0000,,,0,0,
16853,8/14/2026 12:00:00 AM,PRN Southeast                                ,COMPLETED,BALER,Posted,8/16/2026 12:00:00 AM,5:51AM,,18:09:00,LBS    ,4868.000,7689.000,-2821.000,Plus Materials                                    ,,237.5800,480.9800,243.4000,,,11,4,
16858,8/17/2026 12:00:00 AM,Plus Monroe Warehouse                        ,COMPLETED,EXTRUDER (1ST SHIFT),Posted,8/18/2026 12:00:00 AM,1:44PM,,10:16:00,LBS    ,7572.000,7572.000,0.000,Plus Materials                                    ,,908.6400,908.6400,0.0000,,,200,0,
16860,8/17/2026 12:00:00 AM,Plus Monroe Warehouse                        ,COMPLETED,GUILLOTINE (1ST SHIFT),Posted,8/18/2026 12:00:00 AM,1:44PM,,10:16:00,LBS    ,10419.000,10419.000,0.000,Plus Materials                                    ,,1250.2800,1250.2800,0.0000,,,0,0,
16868,8/17/2026 12:00:00 AM,Plus Monroe Warehouse                        ,COMPLETED,EXTRUDER (2ND SHIFT),Posted,8/18/2026 12:00:00 AM,1:46PM,,10:14:00,LBS    ,4348.000,4348.000,0.000,Plus Materials                                    ,,521.7600,521.7600,0.0000,,,0,0,
16870,8/17/2026 12:00:00 AM,Plus Monroe Warehouse                        ,COMPLETED,GUILLOTINE (2ND SHIFT),Posted,8/18/2026 12:00:00 AM,1:46PM,,10:14:00,LBS    ,10301.000,10301.000,0.000,Plus Materials                                    ,,596.2200,596.2300,0.0000,,,12,0,
16872,8/17/2026 12:00:00 AM,Monroe Processing Warehouse                  ,COMPLETED,SHREDDER/GRINDER (2ND SHIFT),Posted,8/18/2026 12:00:00 AM,1:47PM,,10:13:00,LBS    ,5704.000,5704.000,0.000,Plus Materials                                    ,,0.0000,0.0000,0.0000,,,0,0,
16874,8/17/2026 12:00:00 AM,Plus Monroe Warehouse                        ,COMPLETED,AUTO-TIE BALER (3RD SHIFT),Posted,8/18/2026 12:00:00 AM,1:47PM,,10:13:00,LBS    ,11764.000,11764.000,0.000,Plus Materials                                    ,,0.0000,0.0000,0.0000,,,26,10,
16878,8/17/2026 12:00:00 AM,Plus Monroe Warehouse                        ,COMPLETED,EXTRUDER (3RD SHIFT),Posted,8/18/2026 12:00:00 AM,1:48PM,,10:12:00,LBS    ,3282.000,3282.000,0.000,Plus Materials                                    ,,393.8400,393.8400,0.0000,,,195,0,
16881,8/17/2026 12:00:00 AM,Plus Monroe Warehouse                        ,COMPLETED,GUILLOTINE (3RD SHIFT),Posted,8/18/2026 12:00:00 AM,1:49PM,,10:11:00,LBS    ,4655.000,4655.000,0.000,Plus Materials                                    ,,558.6000,558.6000,0.0000,,,12,0,
16885,8/17/2026 12:00:00 AM,PRN Southeast                                ,COMPLETED,BALER,Posted,8/18/2026 12:00:00 AM,1:50PM,,10:10:00,LBS    ,1931.000,2212.000,-281.000,Plus Materials                                    ,,91.6800,188.2300,96.5500,,,6,1,
16886,8/18/2026 12:00:00 AM,Plus Monroe Warehouse                        ,COMPLETED,AUTO-TIE BALER (1ST SHIFT),Posted,8/19/2026 12:00:00 AM,5:43AM,,18:17:00,LBS    ,924.000,4663.000,-3739.000,Plus Materials                                    ,,5.9200,5.9100,0.0000,,,10,4,
16890,8/18/2026 12:00:00 AM,Plus Monroe Warehouse                        ,COMPLETED,EXTRUDER (1ST SHIFT),Posted,8/19/2026 12:00:00 AM,5:44AM,,18:16:00,LBS    ,5892.000,5892.000,0.000,Plus Materials                                    ,,707.0400,707.0400,0.0000,,,0,0,
16891,8/18/2026 12:00:00 AM,Plus Monroe Warehouse                        ,COMPLETED,GREEN MAX (NEW) (1ST SHIFT),Posted,8/19/2026 12:00:00 AM,5:44AM,,18:16:00,LBS    ,1491.000,1491.000,0.000,Plus Materials                                    ,,0.0000,0.0000,0.0000,,,0,0,
16892,8/18/2026 12:00:00 AM,Plus Monroe Warehouse                        ,COMPLETED,GUILLOTINE (1ST SHIFT),Posted,8/19/2026 12:00:00 AM,5:44AM,,18:16:00,LBS    ,6518.000,6518.000,0.000,Plus Materials                                    ,,214.5400,214.5900,0.0000,,,0,0,
16894,8/18/2026 12:00:00 AM,Monroe Processing Warehouse                  ,COMPLETED,SHREDDER/GRINDER (1ST SHIFT),Posted,8/19/2026 12:00:00 AM,5:45AM,,18:15:00,LBS    ,2281.000,2281.000,0.000,Plus Materials                                    ,,0.0000,0.0000,0.0000,,,6,0,
16896,8/18/2026 12:00:00 AM,Plus Monroe Warehouse                        ,COMPLETED,AUTO-TIE BALER (2ND SHIFT),Posted,8/19/2026 12:00:00 AM,5:45AM,,18:15:00,LBS    ,1305.000,2300.000,-995.000,Plus Materials                                    ,,13.6400,13.6400,0.0000,,,0,0,
16900,8/18/2026 12:00:00 AM,Plus Monroe Warehouse                        ,COMPLETED,EXTRUDER (2ND SHIFT),Posted,8/19/2026 12:00:00 AM,5:46AM,,18:14:00,LBS    ,6860.000,6860.000,0.000,Plus Materials                                    ,,137.2000,137.2000,0.0000,,,0,0,
16902,8/18/2026 12:00:00 AM,Plus Monroe Warehouse                        ,COMPLETED,GUILLOTINE (2ND SHIFT),Posted,8/19/2026 12:00:00 AM,5:46AM,,18:14:00,LBS    ,9049.000,9049.000,0.000,Plus Materials                                    ,,180.9800,180.9800,0.0000,,,0,0,
16904,8/18/2026 12:00:00 AM,Monroe Processing Warehouse                  ,COMPLETED,SHREDDER/GRINDER (2ND SHIFT),Posted,8/19/2026 12:00:00 AM,5:46AM,,18:14:00,LBS    ,1146.000,1146.000,0.000,Plus Materials                                    ,,60.2020,60.2000,0.0000,,,6,0,
16906,8/18/2026 12:00:00 AM,Plus Monroe Warehouse                        ,COMPLETED,AUTO-TIE BALER (3RD SHIFT),Posted,8/19/2026 12:00:00 AM,5:47AM,,18:13:00,LBS    ,2641.000,6902.000,-4261.000,Plus Materials                                    ,,478.3300,478.3200,0.0000,,,0,6,
16910,8/18/2026 12:00:00 AM,Plus Monroe Warehouse                        ,COMPLETED,EXTRUDER (3RD SHIFT),Posted,8/19/2026 12:00:00 AM,5:47AM,,18:13:00,LBS    ,4646.000,4646.000,0.000,Plus Materials                                    ,,0.0000,0.0000,0.0000,,,0,0,
16912,8/18/2026 12:00:00 AM,Plus Monroe Warehouse                        ,COMPLETED,GUILLOTINE (3RD SHIFT),Posted,8/19/2026 12:00:00 AM,5:47AM,,18:13:00,LBS    ,4620.000,4620.000,0.000,Plus Materials                                    ,,92.4000,92.4000,0.0000,,,0,0,
16917,8/19/2026 12:00:00 AM,Plus Monroe Warehouse                        ,COMPLETED,AUTO-TIE BALER (1ST SHIFT),Posted,8/20/2026 12:00:00 AM,5:50AM,,18:10:00,LBS    ,1774.000,4760.000,-2986.000,Plus Materials                                    ,,0.0000,0.0000,0.0000,,,5,4,
16921,8/19/2026 12:00:00 AM,Plus Monroe Warehouse                        ,COMPLETED,EXTRUDER (1ST SHIFT),Posted,8/20/2026 12:00:00 AM,5:51AM,,18:09:00,LBS    ,8208.000,8208.000,0.000,Plus Materials                                    ,,164.1600,164.1600,0.0000,,,35,0,
16922,8/19/2026 12:00:00 AM,Plus Monroe Warehouse                        ,COMPLETED,GREEN MAX (NEW) (1ST SHIFT),Posted,8/20/2026 12:00:00 AM,5:51AM,,18:09:00,LBS    ,1875.000,1875.000,0.000,Plus Materials                                    ,,0.0000,0.0000,0.0000,,,26,0,
16923,8/19/2026 12:00:00 AM,Plus Monroe Warehouse                        ,COMPLETED,GUILLOTINE (1ST SHIFT),Posted,8/20/2026 12:00:00 AM,5:51AM,,18:09:00,LBS    ,3150.000,3150.000,0.000,Plus Materials                                    ,,63.0000,63.0000,0.0000,,,0,0,
16925,8/19/2026 12:00:00 AM,Monroe Processing Warehouse                  ,COMPLETED,SHREDDER/GRINDER (1ST SHIFT),Posted,8/20/2026 12:00:00 AM,5:51AM,,18:09:00,LBS    ,4833.000,4833.000,0.000,Plus Materials                                    ,,0.0000,0.0000,0.0000,,,0,0,
16927,8/19/2026 12:00:00 AM,Plus Monroe Warehouse                        ,COMPLETED,AUTO-TIE BALER (2ND SHIFT),Posted,8/20/2026 12:00:00 AM,5:52AM,,18:08:00,LBS    ,2611.000,3675.000,-1064.000,Plus Materials                                    ,,150.7700,150.7700,0.0000,,,0,0,
16931,8/19/2026 12:00:00 AM,Plus Monroe Warehouse                        ,COMPLETED,EXTRUDER (2ND SHIFT),Posted,8/20/2026 12:00:00 AM,5:52AM,,18:08:00,LBS    ,2466.000,2466.000,0.000,Plus Materials                                    ,,121.0977,121.1000,0.0000,,,6,0,
16933,8/19/2026 12:00:00 AM,Plus Monroe Warehouse                        ,COMPLETED,GUILLOTINE (2ND SHIFT),Posted,8/20/2026 12:00:00 AM,5:53AM,,18:07:00,LBS    ,6526.000,6526.000,0.000,Plus Materials                                    ,,0.0000,0.0000,0.0000,,,0,0,
16935,8/19/2026 12:00:00 AM,Monroe Processing Warehouse                  ,COMPLETED,SHREDDER/GRINDER (2ND SHIFT),Posted,8/20/2026 12:00:00 AM,5:53AM,,18:07:00,LBS    ,2802.000,2802.000,0.000,Plus Materials                                    ,,56.0400,56.0400,0.0000,,,0,0,
16937,8/19/2026 12:00:00 AM,Plus Monroe Warehouse                        ,COMPLETED,AUTO-TIE BALER (3RD SHIFT),Posted,8/20/2026 12:00:00 AM,5:53AM,,18:07:00,LBS    ,9498.000,10647.000,-1149.000,Plus Materials                                    ,,0.0000,0.0000,0.0000,,,0,9,
16941,8/19/2026 12:00:00 AM,Plus Monroe Warehouse                        ,COMPLETED,EXTRUDER (3RD SHIFT),Posted,8/20/2026 12:00:00 AM,5:54AM,,18:06:00,LBS    ,4662.000,4662.000,0.000,Plus Materials                                    ,,0.0000,0.0000,0.0000,,,0,0,
16943,8/19/2026 12:00:00 AM,Plus Monroe Warehouse                        ,COMPLETED,GUILLOTINE (3RD SHIFT),Posted,8/20/2026 12:00:00 AM,5:54AM,,18:06:00,LBS    ,5644.000,5644.000,0.000,Plus Materials                                    ,,0.0000,0.0000,0.0000,,,0,0,
16947,8/19/2026 12:00:00 AM,PRN Southeast                                ,COMPLETED,BALER,Posted,8/20/2026 12:00:00 AM,5:55AM,,18:05:00,LBS    ,710.000,4980.000,-4270.000,Plus Materials                                    ,,-28.4000,-26.6200,1.7800,,,1,3,
16948,8/20/2026 12:00:00 AM,Plus Monroe Warehouse                        ,COMPLETED,AUTO-TIE BALER (1ST SHIFT),Posted,8/21/2026 12:00:00 AM,5:54AM,,18:06:00,LBS    ,1000.000,3598.000,-2598.000,Plus Materials                                    ,,0.0000,0.0000,0.0000,,,5,3,
16952,8/20/2026 12:00:00 AM,Plus Monroe Warehouse                        ,COMPLETED,EXTRUDER (1ST SHIFT),Posted,8/21/2026 12:00:00 AM,5:54AM,,18:06:00,LBS    ,6852.000,6852.000,0.000,Plus Materials                                    ,,137.0400,137.0400,0.0000,,,27,0,
16954,8/20/2026 12:00:00 AM,Plus Monroe Warehouse                        ,COMPLETED,GUILLOTINE (1ST SHIFT),Posted,8/21/2026 12:00:00 AM,5:55AM,,18:05:00,LBS    ,6331.000,6331.000,0.000,Plus Materials                                    ,,316.5500,316.5500,0.0000,,,48,0,
16956,8/20/2026 12:00:00 AM,Monroe Processing Warehouse                  ,COMPLETED,SHREDDER/GRINDER (1ST SHIFT),Posted,8/21/2026 12:00:00 AM,5:55AM,,18:05:00,LBS    ,4487.000,4487.000,0.000,Plus Materials                                    ,,89.7400,89.7400,0.0000,,,0,0,
16958,8/20/2026 12:00:00 AM,Plus Monroe Warehouse                        ,COMPLETED,AUTO-TIE BALER (2ND SHIFT),Posted,8/21/2026 12:00:00 AM,5:56AM,,18:04:00,LBS    ,3395.000,3395.000,0.000,Plus Materials                                    ,,-201.6310,-201.6300,0.0000,,,50,0,
16962,8/20/2026 12:00:00 AM,Plus Monroe Warehouse                        ,COMPLETED,EXTRUDER (2ND SHIFT),Posted,8/21/2026 12:00:00 AM,5:56AM,,18:04:00,LBS    ,4269.000,4269.000,0.000,Plus Materials                                    ,,85.3800,85.3800,0.0000,,,13,0,
16964,8/20/2026 12:00:00 AM,Plus Monroe Warehouse                        ,COMPLETED,GUILLOTINE (2ND SHIFT),Posted,8/21/2026 12:00:00 AM,5:56AM,,18:04:00,LBS    ,7898.000,7898.000,0.000,Plus Materials                                    ,,157.9600,157.9600,0.0000,,,0,0,
16966,8/20/2026 12:00:00 AM,Monroe Processing Warehouse                  ,COMPLETED,SHREDDER/GRINDER (2ND SHIFT),Posted,8/21/2026 12:00:00 AM,5:57AM,,18:03:00,LBS    ,3216.000,3216.000,0.000,Plus Materials                                    ,,0.0000,0.0000,0.0000,,,0,0,
16968,8/20/2026 12:00:00 AM,Plus Monroe Warehouse                        ,COMPLETED,AUTO-TIE BALER (3RD SHIFT),Posted,8/21/2026 12:00:00 AM,5:57AM,,18:03:00,LBS    ,7386.000,8934.000,-1548.000,Plus Materials                                    ,,0.0000,0.0000,0.0000,,,52,5,
16972,8/20/2026 12:00:00 AM,Plus Monroe Warehouse                        ,COMPLETED,EXTRUDER (3RD SHIFT),Posted,8/21/2026 12:00:00 AM,5:58AM,,18:02:00,LBS    ,4350.000,4350.000,0.000,Plus Materials                                    ,,0.0000,0.0000,0.0000,,,0,0,
16974,8/20/2026 12:00:00 AM,Plus Monroe Warehouse                        ,COMPLETED,GUILLOTINE (3RD SHIFT),Posted,8/21/2026 12:00:00 AM,5:58AM,,18:02:00,LBS    ,3346.000,3346.000,0.000,Plus Materials                                    ,,0.0000,0.0000,0.0000,,,0,0,
16979,8/21/2026 12:00:00 AM,Plus Monroe Warehouse                        ,COMPLETED,AUTO-TIE BALER (1ST SHIFT),Posted,8/24/2026 12:00:00 AM,5:42AM,,18:18:00,LBS    ,1166.000,3605.000,-2439.000,Plus Materials                                    ,,9.0100,9.0100,0.0000,,,5,3,
16983,8/21/2026 12:00:00 AM,Plus Monroe Warehouse                        ,COMPLETED,EXTRUDER (1ST SHIFT),Posted,8/24/2026 12:00:00 AM,5:43AM,,18:17:00,LBS    ,5276.000,5276.000,0.000,Plus Materials                                    ,,0.0000,0.0000,0.0000,,,0,0,
16984,8/21/2026 12:00:00 AM,Plus Monroe Warehouse                        ,COMPLETED,GREEN MAX (NEW) (1ST SHIFT),Posted,8/24/2026 12:00:00 AM,5:43AM,,18:17:00,LBS    ,2392.000,2392.000,0.000,Plus Materials                                    ,,0.0000,0.0000,0.0000,,,26,0,
16985,8/21/2026 12:00:00 AM,Plus Monroe Warehouse                        ,COMPLETED,GUILLOTINE (1ST SHIFT),Posted,8/24/2026 12:00:00 AM,5:43AM,,18:17:00,LBS    ,7498.000,7498.000,0.000,Plus Materials                                    ,,0.0000,0.0000,0.0000,,,0,0,
16987,8/21/2026 12:00:00 AM,Monroe Processing Warehouse                  ,COMPLETED,SHREDDER/GRINDER (1ST SHIFT),Posted,8/24/2026 12:00:00 AM,5:43AM,,18:17:00,LBS    ,2836.000,2836.000,0.000,Plus Materials                                    ,,295.4290,295.4300,0.0000,,,0,0,
16989,8/21/2026 12:00:00 AM,Plus Monroe Warehouse                        ,COMPLETED,AUTO-TIE BALER (2ND SHIFT),Posted,8/24/2026 12:00:00 AM,5:44AM,,18:16:00,LBS    ,6580.000,7088.000,-508.000,Plus Materials                                    ,,0.0000,0.0000,0.0000,,,52,0,
16993,8/21/2026 12:00:00 AM,Plus Monroe Warehouse                        ,COMPLETED,EXTRUDER (2ND SHIFT),Posted,8/24/2026 12:00:00 AM,5:44AM,,18:16:00,LBS    ,5195.000,5195.000,0.000,Plus Materials                                    ,,103.9000,103.9000,0.0000,,,10,0,
16995,8/21/2026 12:00:00 AM,Plus Monroe Warehouse                        ,COMPLETED,GUILLOTINE (2ND SHIFT),Posted,8/24/2026 12:00:00 AM,5:45AM,,18:15:00,LBS    ,7188.000,7188.000,0.000,Plus Materials                                    ,,143.7600,143.7600,0.0000,,,0,0,
16997,8/21/2026 12:00:00 AM,Monroe Processing Warehouse                  ,COMPLETED,SHREDDER/GRINDER (2ND SHIFT),Posted,8/24/2026 12:00:00 AM,5:45AM,,18:15:00,LBS    ,3693.000,3693.000,0.000,Plus Materials                                    ,,322.5320,322.5300,0.0000,,,35,0,
16999,8/21/2026 12:00:00 AM,Plus Monroe Warehouse                        ,COMPLETED,AUTO-TIE BALER (3RD SHIFT),Posted,8/24/2026 12:00:00 AM,5:45AM,,18:15:00,LBS    ,9369.000,9369.000,0.000,Plus Materials                                    ,,0.0000,0.0000,0.0000,,,0,6,
17005,8/21/2026 12:00:00 AM,Plus Monroe Warehouse                        ,COMPLETED,GUILLOTINE (3RD SHIFT),Posted,8/24/2026 12:00:00 AM,5:47AM,,18:13:00,LBS    ,10153.000,10153.000,0.000,Plus Materials                                    ,,-710.7100,-710.7100,0.0000,,,11,0,
17009,8/21/2026 12:00:00 AM,PRN Southeast                                ,COMPLETED,BALER,Posted,8/24/2026 12:00:00 AM,5:47AM,,18:13:00,LBS    ,6327.000,7973.000,-1646.000,Plus Materials                                    ,,327.2600,453.8000,126.5400,,,22,3,
17010,8/24/2026 12:00:00 AM,Plus Monroe Warehouse                        ,COMPLETED,AUTO-TIE BALER (1ST SHIFT),Posted,8/28/2026 12:00:00 AM,5:02AM,3:11PM,10:09:00,LBS    ,26793.000,26770.000,23.000,Plus Materials                                    ,,975.5800,975.5700,0.0000,,,76,8,
17014,8/24/2026 12:00:00 AM,Plus Monroe Warehouse                        ,COMPLETED,EXTRUDER (1ST SHIFT),Posted,8/28/2026 12:00:00 AM,5:03AM,3:30PM,10:27:00,LBS    ,35836.000,35827.000,9.000,Plus Materials                                    ,,2657.4000,2657.4200,0.0000,,,3,0,
17015,8/24/2026 12:00:00 AM,Plus Monroe Warehouse                        ,COMPLETED,GREEN MAX (NEW) (1ST SHIFT),Posted,8/28/2026 12:00:00 AM,5:03AM,3:31PM,10:28:00,LBS    ,4808.000,4708.000,100.000,Plus Materials                                    ,,27.9400,27.9400,0.0000,,,0,0,
17016,8/24/2026 12:00:00 AM,Plus Monroe Warehouse                        ,COMPLETED,GUILLOTINE (1ST SHIFT),Posted,8/28/2026 12:00:00 AM,5:03AM,3:31PM,10:28:00,LBS    ,24454.000,24363.000,91.000,Plus Materials                                    ,,244.5400,244.5400,0.0000,,,37,0,
17018,8/24/2026 12:00:00 AM,Monroe Processing Warehouse                  ,COMPLETED,SHREDDER/GRINDER (1ST SHIFT),Posted,8/28/2026 12:00:00 AM,5:04AM,3:33PM,10:29:00,LBS    ,27160.000,27081.000,79.000,Plus Materials                                    ,,986.3400,986.3500,0.0000,,,45,1,
17020,8/24/2026 12:00:00 AM,Plus Monroe Warehouse                        ,COMPLETED,AUTO-TIE BALER (2ND SHIFT),Posted,9/1/2026 12:00:00 AM,5:04AM,,18:56:00,LBS    ,36502.000,36502.000,0.000,Plus Materials                                    ,,0.0000,0.0000,0.0000,,,0,0,
17024,8/24/2026 12:00:00 AM,Plus Monroe Warehouse                        ,COMPLETED,EXTRUDER (2ND SHIFT),Posted,9/1/2026 12:00:00 AM,5:05AM,,18:55:00,LBS    ,25234.000,25234.000,0.000,Plus Materials                                    ,,0.0000,0.0000,0.0000,,,0,0,
17026,8/24/2026 12:00:00 AM,Plus Monroe Warehouse                        ,COMPLETED,GUILLOTINE (2ND SHIFT),Posted,9/1/2026 12:00:00 AM,5:05AM,,18:55:00,LBS    ,32711.000,32711.000,0.000,Plus Materials                                    ,,0.0000,0.0000,0.0000,,,0,0,
17028,8/24/2026 12:00:00 AM,Plus Monroe Warehouse                        ,COMPLETED,SHREDDER/GRINDER (2ND SHIFT),Posted,9/1/2026 12:00:00 AM,5:06AM,,18:54:00,LBS    ,19146.000,19146.000,0.000,Plus Materials                                    ,,0.0000,0.0000,0.0000,,,0,0,
17030,8/24/2026 12:00:00 AM,Plus Monroe Warehouse                        ,COMPLETED,AUTO-TIE BALER (3RD SHIFT),Posted,9/1/2026 12:00:00 AM,5:06AM,,18:54:00,LBS    ,20860.000,20860.000,0.000,Plus Materials                                    ,,0.0000,0.0000,0.0000,,,0,17,
17034,8/24/2026 12:00:00 AM,Plus Monroe Warehouse                        ,COMPLETED,EXTRUDER (3RD SHIFT),Posted,9/1/2026 12:00:00 AM,5:07AM,,18:53:00,LBS    ,4836.000,4836.000,0.000,Plus Materials                                    ,,0.0000,0.0000,0.0000,,,0,0,
17036,8/24/2026 12:00:00 AM,Plus Monroe Warehouse                        ,COMPLETED,GUILLOTINE (3RD SHIFT),Posted,9/1/2026 12:00:00 AM,5:07AM,,18:53:00,LBS    ,6771.000,6771.000,0.000,Plus Materials                                    ,,0.0000,0.0000,0.0000,,,0,0,
17041,8/28/2026 12:00:00 AM,Plus Monroe Warehouse                        ,COMPLETED,AUTO-TIE BALER (1ST SHIFT),Posted,9/2/2026 12:00:00 AM,3:12PM,,08:48:00,LBS    ,7025.000,7025.000,0.000,Plus Materials                                    ,,0.0000,0.0000,0.0000,,,0,0,
17042,8/28/2026 12:00:00 AM,Plus Monroe Warehouse                        ,COMPLETED,EXTRUDER (1ST SHIFT),Posted,9/2/2026 12:00:00 AM,3:54PM,,08:06:00,LBS    ,19462.000,19462.000,0.000,Plus Materials                                    ,,0.0000,0.0000,0.0000,,,0,2,
15847,6/30/2026 12:00:00 AM,Plus Monroe Warehouse                        ,COMPLETED,GUILLOTINE (3RD SHIFT),Posted,7/1/2026 12:00:00 AM,6:00AM,,18:00:00,LBS    ,7505.000,7505.000,0.000,Plus Materials                                    ,,750.5000,750.5000,0.0000,,,0,0,
15851,6/30/2026 12:00:00 AM,PRN Southeast                                ,COMPLETED,BALER,Posted,7/1/2026 12:00:00 AM,6:00AM,,18:00:00,LBS    ,10021.000,14775.000,-4754.000,Plus Materials                                    ,,567.4900,1068.5500,501.0500,,,38,9,
15852,6/30/2026 12:00:00 AM,Plus Ryder Midwest                           ,COMPLETED,BOGUS,Posted,6/30/2026 12:00:00 AM,2:35PM,,09:25:00,LBS    ,12978.000,12978.000,0.000,Plus Materials                                    ,,973.3500,973.3500,0.0000,,,24,1,
15853,7/1/2026 12:00:00 AM,Plus Monroe Warehouse                        ,COMPLETED,AUTO-TIE BALER (1ST SHIFT),Posted,7/2/2026 12:00:00 AM,5:48AM,,18:12:00,LBS    ,2290.000,2290.000,0.000,Plus Materials                                    ,,-0.1500,-0.1500,0.0000,,,13,2,
15857,7/1/2026 12:00:00 AM,Plus Monroe Warehouse                        ,COMPLETED,EXTRUDER (1ST SHIFT),Posted,7/2/2026 12:00:00 AM,5:49AM,,18:11:00,LBS    ,9787.000,9787.000,0.000,Plus Materials                                    ,,978.7000,978.7000,0.0000,,,0,0,
15858,7/1/2026 12:00:00 AM,Plus Monroe Warehouse                        ,COMPLETED,GREEN MAX (NEW) (1ST SHIFT),Posted,7/2/2026 12:00:00 AM,5:49AM,,18:11:00,LBS    ,2206.000,2206.000,0.000,Plus Materials                                    ,,100.2308,100.2300,0.0000,,,27,0,
15859,7/1/2026 12:00:00 AM,Plus Monroe Warehouse                        ,COMPLETED,GUILLOTINE (1ST SHIFT),Posted,7/2/2026 12:00:00 AM,5:49AM,,18:11:00,LBS    ,6025.000,6825.000,-800.000,Plus Materials                                    ,,180.7500,180.7600,0.0000,,,10,0,
15861,7/1/2026 12:00:00 AM,Monroe Processing Warehouse                  ,COMPLETED,SHREDDER/GRINDER (1ST SHIFT),Posted,7/2/2026 12:00:00 AM,5:49AM,,18:11:00,LBS    ,5303.000,5303.000,0.000,Plus Materials                                    ,,0.0000,0.0000,0.0000,,,0,0,
15863,7/1/2026 12:00:00 AM,Plus Monroe Warehouse                        ,COMPLETED,AUTO-TIE BALER (2ND SHIFT),Posted,7/2/2026 12:00:00 AM,5:50AM,,18:10:00,LBS    ,2347.000,2347.000,0.000,Plus Materials                                    ,,0.0000,0.0000,0.0000,,,52,0,
15867,7/1/2026 12:00:00 AM,Plus Monroe Warehouse                        ,COMPLETED,EXTRUDER (2ND SHIFT),Posted,7/2/2026 12:00:00 AM,5:50AM,,18:10:00,LBS    ,4940.000,4940.000,0.000,Plus Materials                                    ,,148.2000,148.2000,0.0000,,,0,0,
15869,7/1/2026 12:00:00 AM,Plus Monroe Warehouse                        ,COMPLETED,GUILLOTINE (2ND SHIFT),Posted,7/2/2026 12:00:00 AM,5:51AM,,18:09:00,LBS    ,9209.000,9209.000,0.000,Plus Materials                                    ,,228.7889,228.7900,0.0000,,,0,0,
15871,7/1/2026 12:00:00 AM,Monroe Processing Warehouse                  ,COMPLETED,SHREDDER/GRINDER (2ND SHIFT),Posted,7/2/2026 12:00:00 AM,5:51AM,,18:09:00,LBS    ,3316.000,3316.000,0.000,Plus Materials                                    ,,33.1600,33.1600,0.0000,,,36,0,
15877,7/1/2026 12:00:00 AM,Plus Monroe Warehouse                        ,COMPLETED,EXTRUDER (3RD SHIFT),Posted,7/2/2026 12:00:00 AM,5:52AM,,18:08:00,LBS    ,5208.000,5208.000,0.000,Plus Materials                                    ,,357.3800,357.3800,0.0000,,,0,0,
15879,7/1/2026 12:00:00 AM,Plus Monroe Warehouse                        ,COMPLETED,GUILLOTINE (3RD SHIFT),Posted,7/2/2026 12:00:00 AM,5:52AM,,18:08:00,LBS    ,5393.000,5393.000,0.000,Plus Materials                                    ,,199.1700,199.1600,0.0000,,,0,0,
15883,7/1/2026 12:00:00 AM,PRN Southeast                                ,COMPLETED,BALER,Posted,7/2/2026 12:00:00 AM,5:53AM,,18:07:00,LBS    ,2800.000,1470.000,1330.000,Plus Materials                                    ,,128.7500,268.7500,140.0000,,,11,1,
15884,7/2/2026 12:00:00 AM,Plus Monroe Warehouse                        ,COMPLETED,AUTO-TIE BALER (1ST SHIFT),Posted,7/6/2026 12:00:00 AM,5:48AM,,18:12:00,LBS    ,6514.000,6514.000,0.000,Plus Materials                                    ,,0.0000,0.0000,0.0000,,,52,6,
15888,7/2/2026 12:00:00 AM,Plus Monroe Warehouse                        ,COMPLETED,EXTRUDER (1ST SHIFT),Posted,7/6/2026 12:00:00 AM,5:48AM,,18:12:00,LBS    ,7855.000,7855.000,0.000,Plus Materials                                    ,,281.9263,281.9400,0.0000,,,0,0,
15889,7/2/2026 12:00:00 AM,Plus Monroe Warehouse                        ,COMPLETED,GREEN MAX (NEW) (1ST SHIFT),Posted,7/6/2026 12:00:00 AM,5:48AM,,18:12:00,LBS    ,1892.000,1892.000,0.000,Plus Materials                                    ,,0.0000,0.0000,0.0000,,,0,0,
15890,7/2/2026 12:00:00 AM,Plus Monroe Warehouse                        ,COMPLETED,GUILLOTINE (1ST SHIFT),Posted,7/6/2026 12:00:00 AM,5:49AM,,18:11:00,LBS    ,11567.000,11567.000,0.000,Plus Materials                                    ,,975.8388,975.8300,0.0000,,,1,1,
15891,7/2/2026 12:00:00 AM,Plus Monroe Warehouse                        ,COMPLETED,SHREDDER (1ST SHIFT),Posted,7/6/2026 12:00:00 AM,5:49AM,,18:11:00,LBS    ,1185.000,1185.000,0.000,Plus Materials                                    ,,0.0000,0.0000,0.0000,,,0,0,
15892,7/2/2026 12:00:00 AM,Monroe Processing Warehouse                  ,COMPLETED,SHREDDER/GRINDER (1ST SHIFT),Posted,7/6/2026 12:00:00 AM,5:49AM,,18:11:00,LBS    ,3691.000,3691.000,0.000,Plus Materials                                    ,,36.9100,36.9100,0.0000,,,0,0,
15898,7/2/2026 12:00:00 AM,Plus Monroe Warehouse                        ,COMPLETED,EXTRUDER (2ND SHIFT),Posted,7/6/2026 12:00:00 AM,5:50AM,,18:10:00,LBS    ,4786.000,4786.000,0.000,Plus Materials                                    ,,373.2000,373.1900,0.0000,,,0,0,
15900,7/2/2026 12:00:00 AM,Plus Monroe Warehouse                        ,COMPLETED,GUILLOTINE (2ND SHIFT),Posted,7/6/2026 12:00:00 AM,5:50AM,,18:10:00,LBS    ,9635.000,9635.000,0.000,Plus Materials                                    ,,1045.9671,1045.9700,0.0000,,,0,0,
15902,7/2/2026 12:00:00 AM,Monroe Processing Warehouse                  ,COMPLETED,SHREDDER/GRINDER (2ND SHIFT),Posted,7/6/2026 12:00:00 AM,5:51AM,,18:09:00,LBS    ,5575.000,5575.000,0.000,Plus Materials                                    ,,587.0606,587.0700,0.0000,,,0,0,
15908,7/2/2026 12:00:00 AM,Plus Monroe Warehouse                        ,COMPLETED,EXTRUDER (3RD SHIFT),Posted,7/6/2026 12:00:00 AM,5:52AM,,18:08:00,LBS    ,6908.000,6908.000,0.000,Plus Materials                                    ,,464.8800,464.8800,0.0000,,,7,0,
15910,7/2/2026 12:00:00 AM,Plus Monroe Warehouse                        ,COMPLETED,GUILLOTINE (3RD SHIFT),Posted,7/6/2026 12:00:00 AM,5:52AM,,18:08:00,LBS    ,5920.000,5920.000,0.000,Plus Materials                                    ,,452.2800,452.2800,0.0000,,,0,0,
15914,7/2/2026 12:00:00 AM,PRN Southeast                                ,COMPLETED,BALER,Posted,7/6/2026 12:00:00 AM,5:53AM,,18:07:00,LBS    ,3005.000,2470.000,535.000,Plus Materials                                    ,,172.7600,323.0100,150.2500,,,9,1,
15915,7/6/2026 12:00:00 AM,Plus Monroe Warehouse                        ,COMPLETED,AUTO-TIE BALER (1ST SHIFT),Posted,7/7/2026 12:00:00 AM,5:12AM,,18:48:00,LBS    ,7787.000,7787.000,0.000,Plus Materials                                    ,,0.0000,0.0000,0.0000,,,0,7,
15919,7/6/2026 12:00:00 AM,Plus Monroe Warehouse                        ,COMPLETED,EXTRUDER (1ST SHIFT),Posted,7/7/2026 12:00:00 AM,5:13AM,,18:47:00,LBS    ,9546.000,9546.000,0.000,Plus Materials                                    ,,432.8100,432.8100,0.0000,,,0,0,
15920,7/6/2026 12:00:00 AM,Plus Monroe Warehouse                        ,COMPLETED,GREEN MAX (NEW) (1ST SHIFT),Posted,7/7/2026 12:00:00 AM,5:13AM,,18:47:00,LBS    ,638.000,638.000,0.000,Plus Materials                                    ,,0.0000,0.0000,0.0000,,,1,0,
15921,7/6/2026 12:00:00 AM,Plus Monroe Warehouse                        ,COMPLETED,GUILLOTINE (1ST SHIFT),Posted,7/7/2026 12:00:00 AM,5:13AM,,18:47:00,LBS    ,6220.000,6220.000,0.000,Plus Materials                                    ,,704.5324,704.5400,0.0000,,,0,0,
15922,7/6/2026 12:00:00 AM,Plus Monroe Warehouse                        ,COMPLETED,SHREDDER (1ST SHIFT),Posted,7/7/2026 12:00:00 AM,5:13AM,,18:47:00,LBS    ,6615.000,6615.000,0.000,Plus Materials                                    ,,0.0000,0.0000,0.0000,,,47,0,
15923,7/6/2026 12:00:00 AM,Monroe Processing Warehouse                  ,COMPLETED,SHREDDER/GRINDER (1ST SHIFT),Posted,7/7/2026 12:00:00 AM,5:13AM,,18:47:00,LBS    ,6678.000,6678.000,0.000,Plus Materials                                    ,,703.2092,703.2100,0.0000,,,0,0,
15925,7/6/2026 12:00:00 AM,Plus Monroe Warehouse                        ,COMPLETED,AUTO-TIE BALER (2ND SHIFT),Posted,7/7/2026 12:00:00 AM,5:14AM,,18:46:00,LBS    ,6110.000,6110.000,0.000,Plus Materials                                    ,,0.0000,0.0000,0.0000,,,52,0,
15929,7/6/2026 12:00:00 AM,Plus Monroe Warehouse                        ,COMPLETED,EXTRUDER (2ND SHIFT),Posted,7/7/2026 12:00:00 AM,5:14AM,,18:46:00,LBS    ,6574.000,6574.000,0.000,Plus Materials                                    ,,478.3220,478.3200,0.0000,,,0,0,
15931,7/6/2026 12:00:00 AM,Plus Monroe Warehouse                        ,COMPLETED,GUILLOTINE (2ND SHIFT),Posted,7/7/2026 12:00:00 AM,5:15AM,,18:45:00,LBS    ,10319.000,10319.000,0.000,Plus Materials                                    ,,611.2833,611.3000,0.0000,,,0,0,
15933,7/6/2026 12:00:00 AM,Monroe Processing Warehouse                  ,COMPLETED,SHREDDER/GRINDER (2ND SHIFT),Posted,7/7/2026 12:00:00 AM,5:15AM,,18:45:00,LBS    ,3118.000,3118.000,0.000,Plus Materials                                    ,,328.3326,328.3400,0.0000,,,0,0,
15939,7/6/2026 12:00:00 AM,Plus Monroe Warehouse                        ,COMPLETED,EXTRUDER (3RD SHIFT),Posted,7/7/2026 12:00:00 AM,5:16AM,,18:44:00,LBS    ,6670.000,6670.000,0.000,Plus Materials                                    ,,1312.4700,1312.4700,0.0000,,,0,0,
15941,7/6/2026 12:00:00 AM,Plus Monroe Warehouse                        ,COMPLETED,GUILLOTINE (3RD SHIFT),Posted,7/7/2026 12:00:00 AM,5:16AM,,18:44:00,LBS    ,5594.000,5594.000,0.000,Plus Materials                                    ,,587.3700,587.3800,0.0000,,,0,0,
15945,7/6/2026 12:00:00 AM,PRN Southeast                                ,COMPLETED,BALER,Posted,7/7/2026 12:00:00 AM,5:17AM,,18:43:00,LBS    ,3465.000,1944.000,1521.000,Plus Materials                                    ,,195.0600,368.3100,173.2500,,,13,1,
15946,7/7/2026 12:00:00 AM,Plus Monroe Warehouse                        ,COMPLETED,AUTO-TIE BALER (1ST SHIFT),Posted,7/8/2026 12:00:00 AM,5:47AM,,18:13:00,LBS    ,8342.000,8342.000,0.000,Plus Materials                                    ,,0.0000,0.0000,0.0000,,,52,7,
15950,7/7/2026 12:00:00 AM,Plus Monroe Warehouse                        ,COMPLETED,EXTRUDER (1ST SHIFT),Posted,7/8/2026 12:00:00 AM,5:48AM,,18:12:00,LBS    ,7452.000,7452.000,0.000,Plus Materials                                    ,,156.5400,156.5400,0.0000,,,0,0,
15952,7/7/2026 12:00:00 AM,Plus Monroe Warehouse                        ,COMPLETED,GUILLOTINE (1ST SHIFT),Posted,7/8/2026 12:00:00 AM,5:48AM,,18:12:00,LBS    ,9416.000,9416.000,0.000,Plus Materials                                    ,,368.3963,368.3900,0.0000,,,0,0,
15953,7/7/2026 12:00:00 AM,Plus Monroe Warehouse                        ,COMPLETED,SHREDDER (1ST SHIFT),Posted,7/8/2026 12:00:00 AM,5:48AM,,18:12:00,LBS    ,7634.000,7634.000,0.000,Plus Materials                                    ,,76.3400,76.3400,0.0000,,,48,0,
15954,7/7/2026 12:00:00 AM,Monroe Processing Warehouse                  ,COMPLETED,SHREDDER/GRINDER (1ST SHIFT),Posted,7/8/2026 12:00:00 AM,5:49AM,,18:11:00,LBS    ,1818.000,1818.000,0.000,Plus Materials                                    ,,194.5531,194.5600,0.0000,,,0,0,
15956,7/7/2026 12:00:00 AM,Plus Monroe Warehouse                        ,COMPLETED,AUTO-TIE BALER (2ND SHIFT),Posted,7/8/2026 12:00:00 AM,5:49AM,,18:11:00,LBS    ,1037.000,1037.000,0.000,Plus Materials                                    ,,36.1275,36.1300,0.0000,,,1,0,
15960,7/7/2026 12:00:00 AM,Plus Monroe Warehouse                        ,COMPLETED,EXTRUDER (2ND SHIFT),Posted,7/8/2026 12:00:00 AM,5:50AM,,18:10:00,LBS    ,4724.000,4724.000,0.000,Plus Materials                                    ,,330.6800,330.6800,0.0000,,,0,0,
15962,7/7/2026 12:00:00 AM,Plus Monroe Warehouse                        ,COMPLETED,GUILLOTINE (2ND SHIFT),Posted,7/8/2026 12:00:00 AM,5:50AM,,18:10:00,LBS    ,11297.000,11297.000,0.000,Plus Materials                                    ,,580.4839,580.5000,0.0000,,,0,0,
15964,7/7/2026 12:00:00 AM,Monroe Processing Warehouse                  ,COMPLETED,SHREDDER/GRINDER (2ND SHIFT),Posted,7/8/2026 12:00:00 AM,5:51AM,,18:09:00,LBS    ,2190.000,2190.000,0.000,Plus Materials                                    ,,230.6109,230.6100,0.0000,,,0,0,
15970,7/7/2026 12:00:00 AM,Plus Monroe Warehouse                        ,COMPLETED,EXTRUDER (3RD SHIFT),Posted,7/8/2026 12:00:00 AM,5:52AM,,18:08:00,LBS    ,6570.000,6570.000,0.000,Plus Materials                                    ,,208.0307,208.0300,0.0000,,,4,0,
15972,7/7/2026 12:00:00 AM,Plus Monroe Warehouse                        ,COMPLETED,GUILLOTINE (3RD SHIFT),Posted,7/8/2026 12:00:00 AM,5:52AM,,18:08:00,LBS    ,6499.000,6499.000,0.000,Plus Materials                                    ,,366.1651,366.1700,0.0000,,,0,0,
15976,7/7/2026 12:00:00 AM,PRN Southeast                                ,COMPLETED,BALER,Posted,7/8/2026 12:00:00 AM,5:53AM,,18:07:00,LBS    ,5745.000,6049.000,-304.000,Plus Materials                                    ,,323.4900,610.7400,287.2500,,,20,3,
15977,7/8/2026 12:00:00 AM,Plus Monroe Warehouse                        ,COMPLETED,AUTO-TIE BALER (1ST SHIFT),Posted,7/9/2026 12:00:00 AM,5:47AM,,18:13:00,LBS    ,2005.000,2005.000,0.000,Plus Materials                                    ,,46.3078,46.3000,0.0000,,,0,2,
15981,7/8/2026 12:00:00 AM,Plus Monroe Warehouse                        ,COMPLETED,EXTRUDER (1ST SHIFT),Posted,7/9/2026 12:00:00 AM,5:48AM,,18:12:00,LBS    ,8622.000,8622.000,0.000,Plus Materials                                    ,,578.0200,578.0200,0.0000,,,0,0,
15983,7/8/2026 12:00:00 AM,Plus Monroe Warehouse                        ,COMPLETED,GUILLOTINE (1ST SHIFT),Posted,7/9/2026 12:00:00 AM,5:48AM,,18:12:00,LBS    ,7310.000,7310.000,0.000,Plus Materials                                    ,,73.1000,73.1000,0.0000,,,0,0,
15984,7/8/2026 12:00:00 AM,Plus Monroe Warehouse                        ,COMPLETED,SHREDDER (1ST SHIFT),Posted,7/9/2026 12:00:00 AM,5:48AM,,18:12:00,LBS    ,7327.000,7327.000,0.000,Plus Materials                                    ,,531.4300,531.4300,0.0000,,,33,0,
15985,7/8/2026 12:00:00 AM,Monroe Processing Warehouse                  ,COMPLETED,SHREDDER/GRINDER (1ST SHIFT),Posted,7/9/2026 12:00:00 AM,5:49AM,,18:11:00,LBS    ,8935.000,8935.000,0.000,Plus Materials                                    ,,940.8720,940.8800,0.0000,,,0,0,
15991,7/8/2026 12:00:00 AM,Plus Monroe Warehouse                        ,COMPLETED,EXTRUDER (2ND SHIFT),Posted,7/9/2026 12:00:00 AM,5:50AM,,18:10:00,LBS    ,5022.000,5022.000,0.000,Plus Materials                                    ,,50.2200,50.2200,0.0000,,,0,0,
15993,7/8/2026 12:00:00 AM,Plus Monroe Warehouse                        ,COMPLETED,GUILLOTINE (2ND SHIFT),Posted,7/9/2026 12:00:00 AM,5:50AM,,18:10:00,LBS    ,8203.000,8203.000,0.000,Plus Materials                                    ,,816.3595,816.3600,0.0000,,,0,0,
15995,7/8/2026 12:00:00 AM,Monroe Processing Warehouse                  ,COMPLETED,SHREDDER/GRINDER (2ND SHIFT),Posted,7/9/2026 12:00:00 AM,5:50AM,,18:10:00,LBS    ,4419.000,4419.000,0.000,Plus Materials                                    ,,459.8911,459.9000,0.0000,,,44,0,
16001,7/8/2026 12:00:00 AM,Plus Monroe Warehouse                        ,COMPLETED,EXTRUDER (3RD SHIFT),Posted,7/9/2026 12:00:00 AM,5:51AM,,18:09:00,LBS    ,1628.000,1628.000,0.000,Plus Materials                                    ,,16.2800,16.2800,0.0000,,,0,0,
16003,7/8/2026 12:00:00 AM,Plus Monroe Warehouse                        ,COMPLETED,GUILLOTINE (3RD SHIFT),Posted,7/9/2026 12:00:00 AM,5:52AM,,18:08:00,LBS    ,8043.000,8043.000,0.000,Plus Materials                                    ,,382.3650,382.3700,0.0000,,,0,0,
16008,7/8/2026 12:00:00 AM,PRN Southeast                                ,COMPLETED,BALER,Posted,7/9/2026 12:00:00 AM,5:14AM,,18:46:00,LBS    ,7108.000,7425.000,-317.000,Plus Materials                                    ,,353.4600,708.8600,355.4000,,,19,4,
16009,7/9/2026 12:00:00 AM,Plus Monroe Warehouse                        ,COMPLETED,AUTO-TIE BALER (1ST SHIFT),Posted,7/10/2026 12:00:00 AM,5:50AM,,18:10:00,LBS    ,3629.000,3629.000,0.000,Plus Materials                                    ,,181.8816,181.8800,0.0000,,,0,0,
16013,7/9/2026 12:00:00 AM,Plus Monroe Warehouse                        ,COMPLETED,EXTRUDER (1ST SHIFT),Posted,7/10/2026 12:00:00 AM,5:51AM,,18:09:00,LBS    ,7376.000,7376.000,0.000,Plus Materials                                    ,,885.1200,885.1200,0.0000,,,8,0,
16015,7/9/2026 12:00:00 AM,Plus Monroe Warehouse                        ,COMPLETED,GUILLOTINE (1ST SHIFT),Posted,7/10/2026 12:00:00 AM,5:51AM,,18:09:00,LBS    ,3123.000,3123.000,0.000,Plus Materials                                    ,,374.7600,374.7600,0.0000,,,12,0,
16016,7/9/2026 12:00:00 AM,Plus Monroe Warehouse                        ,COMPLETED,SHREDDER (1ST SHIFT),Posted,7/10/2026 12:00:00 AM,5:51AM,,18:09:00,LBS    ,6704.000,6704.000,0.000,Plus Materials                                    ,,273.2517,273.2500,0.0000,,,24,0,
16017,7/9/2026 12:00:00 AM,Monroe Processing Warehouse                  ,COMPLETED,SHREDDER/GRINDER (1ST SHIFT),Posted,7/10/2026 12:00:00 AM,5:51AM,,18:09:00,LBS    ,7959.000,7959.000,0.000,Plus Materials                                    ,,447.4026,447.4000,0.0000,,,32,0,
16019,7/9/2026 12:00:00 AM,Plus Monroe Warehouse                        ,COMPLETED,AUTO-TIE BALER (2ND SHIFT),Posted,7/10/2026 12:00:00 AM,5:52AM,,18:08:00,LBS    ,6524.000,6524.000,0.000,Plus Materials                                    ,,48.2863,48.2800,0.0000,,,62,0,
16023,7/9/2026 12:00:00 AM,Plus Monroe Warehouse                        ,COMPLETED,EXTRUDER (2ND SHIFT),Posted,7/10/2026 12:00:00 AM,5:52AM,,18:08:00,LBS    ,6670.000,6670.000,0.000,Plus Materials                                    ,,356.5600,356.5600,0.0000,,,3,0,
16025,7/9/2026 12:00:00 AM,Plus Monroe Warehouse                        ,COMPLETED,GUILLOTINE (2ND SHIFT),Posted,7/10/2026 12:00:00 AM,5:53AM,,18:07:00,LBS    ,5441.000,5441.000,0.000,Plus Materials                                    ,,652.9200,652.9200,0.0000,,,200,0,
16027,7/9/2026 12:00:00 AM,Monroe Processing Warehouse                  ,COMPLETED,SHREDDER/GRINDER (2ND SHIFT),Posted,7/10/2026 12:00:00 AM,5:53AM,,18:07:00,LBS    ,4056.000,4056.000,0.000,Plus Materials                                    ,,0.0000,0.0000,0.0000,,,0,0,
16033,7/9/2026 12:00:00 AM,Plus Monroe Warehouse                        ,COMPLETED,EXTRUDER (3RD SHIFT),Posted,7/10/2026 12:00:00 AM,5:54AM,,18:06:00,LBS    ,4934.000,4934.000,0.000,Plus Materials                                    ,,592.0800,592.0800,0.0000,,,0,0,
16039,7/9/2026 12:00:00 AM,PRN Southeast                                ,COMPLETED,BALER,Posted,7/10/2026 12:00:00 AM,5:55AM,,18:05:00,LBS    ,2230.000,3920.000,-1690.000,Plus Materials                                    ,,113.1700,224.6700,111.5000,,,8,2,
16040,7/10/2026 12:00:00 AM,Plus Monroe Warehouse                        ,COMPLETED,AUTO-TIE BALER (1ST SHIFT),Posted,7/13/2026 12:00:00 AM,5:46AM,,18:14:00,LBS    ,11476.000,11476.000,0.000,Plus Materials                                    ,,158.7970,158.7900,0.0000,,,0,10,
16044,7/10/2026 12:00:00 AM,Plus Monroe Warehouse                        ,COMPLETED,EXTRUDER (1ST SHIFT),Posted,7/13/2026 12:00:00 AM,5:46AM,,18:14:00,LBS    ,15188.000,15188.000,0.000,Plus Materials                                    ,,1794.5800,1794.5800,0.0000,,,0,0,
16046,7/10/2026 12:00:00 AM,Plus Monroe Warehouse                        ,COMPLETED,GUILLOTINE (1ST SHIFT),Posted,7/13/2026 12:00:00 AM,5:47AM,,18:13:00,LBS    ,9564.000,9564.000,0.000,Plus Materials                                    ,,-61.9034,-61.9100,0.0000,,,12,0,
16047,7/10/2026 12:00:00 AM,Plus Monroe Warehouse                        ,COMPLETED,SHREDDER (1ST SHIFT),Posted,7/13/2026 12:00:00 AM,5:47AM,,18:13:00,LBS    ,2396.000,2396.000,0.000,Plus Materials                                    ,,24.8774,24.8800,0.0000,,,18,0,
16048,7/10/2026 12:00:00 AM,Monroe Processing Warehouse                  ,COMPLETED,SHREDDER/GRINDER (1ST SHIFT),Posted,7/13/2026 12:00:00 AM,5:47AM,,18:13:00,LBS    ,5523.000,5523.000,0.000,Plus Materials                                    ,,0.0000,0.0000,0.0000,,,44,0,
16050,7/10/2026 12:00:00 AM,Plus Monroe Warehouse                        ,COMPLETED,AUTO-TIE BALER (2ND SHIFT),Posted,7/13/2026 12:00:00 AM,5:47AM,,18:13:00,LBS    ,8185.000,8185.000,0.000,Plus Materials                                    ,,85.5349,85.5400,0.0000,,,35,0,
16054,7/10/2026 12:00:00 AM,Plus Monroe Warehouse                        ,COMPLETED,EXTRUDER (2ND SHIFT),Posted,7/13/2026 12:00:00 AM,5:48AM,,18:12:00,LBS    ,4760.000,4760.000,0.000,Plus Materials                                    ,,40.5759,40.5800,0.0000,,,0,0,
16056,7/10/2026 12:00:00 AM,Plus Monroe Warehouse                        ,COMPLETED,GUILLOTINE (2ND SHIFT),Posted,7/13/2026 12:00:00 AM,5:48AM,,18:12:00,LBS    ,8170.000,8170.000,0.000,Plus Materials                                    ,,228.7723,228.7600,0.0000,,,0,0,
16058,7/10/2026 12:00:00 AM,Monroe Processing Warehouse                  ,COMPLETED,SHREDDER/GRINDER (2ND SHIFT),Posted,7/13/2026 12:00:00 AM,5:49AM,,18:11:00,LBS    ,5975.000,5975.000,0.000,Plus Materials                                    ,,0.0000,0.0000,0.0000,,,0,0,
16064,7/10/2026 12:00:00 AM,Plus Monroe Warehouse                        ,COMPLETED,EXTRUDER (3RD SHIFT),Posted,7/13/2026 12:00:00 AM,5:50AM,,18:10:00,LBS    ,5406.000,5406.000,0.000,Plus Materials                                    ,,78.1858,78.1800,0.0000,,,0,0,
16066,7/10/2026 12:00:00 AM,Plus Monroe Warehouse                        ,COMPLETED,GUILLOTINE (3RD SHIFT),Posted,7/13/2026 12:00:00 AM,5:50AM,,18:10:00,LBS    ,6647.000,6647.000,0.000,Plus Materials                                    ,,218.5600,218.5700,0.0000,,,0,0,
16070,7/10/2026 12:00:00 AM,PRN Southeast                                ,COMPLETED,BALER,Posted,7/13/2026 12:00:00 AM,5:51AM,,18:09:00,LBS    ,4765.000,5907.000,-1142.000,Plus Materials                                    ,,266.3700,504.6200,238.2500,,,18,3,
16071,7/13/2026 12:00:00 AM,Plus Monroe Warehouse                        ,COMPLETED,AUTO-TIE BALER (1ST SHIFT),Posted,7/14/2026 12:00:00 AM,5:00AM,,19:00:00,LBS    ,3809.000,3809.000,0.000,Plus Materials                                    ,,204.7839,204.7800,0.0000,,,0,4,
16075,7/13/2026 12:00:00 AM,Plus Monroe Warehouse                        ,COMPLETED,EXTRUDER (1ST SHIFT),Posted,7/14/2026 12:00:00 AM,5:01AM,,18:59:00,LBS    ,8556.000,8556.000,0.000,Plus Materials                                    ,,427.8000,427.8000,0.0000,,,0,0,
16077,7/13/2026 12:00:00 AM,Plus Monroe Warehouse                        ,COMPLETED,GUILLOTINE (1ST SHIFT),Posted,7/14/2026 12:00:00 AM,5:01AM,,18:59:00,LBS    ,6126.000,6126.000,0.000,Plus Materials                                    ,,413.9500,413.9400,0.0000,,,0,0,
16078,7/13/2026 12:00:00 AM,Plus Monroe Warehouse                        ,COMPLETED,SHREDDER (1ST SHIFT),Posted,7/14/2026 12:00:00 AM,5:01AM,,18:59:00,LBS    ,5195.000,5195.000,0.000,Plus Materials                                    ,,122.4114,122.4100,0.0000,,,34,0,
16079,7/13/2026 12:00:00 AM,Monroe Processing Warehouse                  ,COMPLETED,SHREDDER/GRINDER (1ST SHIFT),Posted,7/14/2026 12:00:00 AM,5:01AM,,18:59:00,LBS    ,5986.000,5986.000,0.000,Plus Materials                                    ,,388.7013,388.7000,0.0000,,,26,0,
16081,7/13/2026 12:00:00 AM,Plus Monroe Warehouse                        ,COMPLETED,AUTO-TIE BALER (2ND SHIFT),Posted,7/14/2026 12:00:00 AM,5:02AM,,18:58:00,LBS    ,3198.000,3198.000,0.000,Plus Materials                                    ,,0.0000,0.0000,0.0000,,,35,0,
16085,7/13/2026 12:00:00 AM,Plus Monroe Warehouse                        ,COMPLETED,EXTRUDER (2ND SHIFT),Posted,7/14/2026 12:00:00 AM,5:02AM,,18:58:00,LBS    ,5094.000,5094.000,0.000,Plus Materials                                    ,,254.7000,254.7000,0.0000,,,0,0,
16087,7/13/2026 12:00:00 AM,Plus Monroe Warehouse                        ,COMPLETED,GUILLOTINE (2ND SHIFT),Posted,7/14/2026 12:00:00 AM,5:02AM,,18:58:00,LBS    ,6536.000,6536.000,0.000,Plus Materials                                    ,,638.3800,638.3700,0.0000,,,6,0,
16089,7/13/2026 12:00:00 AM,Monroe Processing Warehouse                  ,COMPLETED,SHREDDER/GRINDER (2ND SHIFT),Posted,7/14/2026 12:00:00 AM,5:03AM,,18:57:00,LBS    ,5999.000,5999.000,0.000,Plus Materials                                    ,,0.0000,0.0000,0.0000,,,40,0,
16091,7/13/2026 12:00:00 AM,Plus Monroe Warehouse                        ,COMPLETED,AUTO-TIE BALER (3RD SHIFT),Posted,7/14/2026 12:00:00 AM,5:03AM,,18:57:00,LBS    ,11474.000,11474.000,0.000,Plus Materials                                    ,,771.9569,771.9500,0.0000,,,2,9,
16095,7/13/2026 12:00:00 AM,Plus Monroe Warehouse                        ,COMPLETED,EXTRUDER (3RD SHIFT),Posted,7/14/2026 12:00:00 AM,5:04AM,,18:56:00,LBS    ,5286.000,5286.000,0.000,Plus Materials                                    ,,100.6040,100.6100,0.0000,,,0,0,
16101,7/13/2026 12:00:00 AM,PRN Southeast                                ,COMPLETED,BALER,Posted,7/14/2026 12:00:00 AM,5:05AM,8:13AM,03:08:00,LBS    ,750.000,8471.000,-7721.000,Plus Materials                                    ,,57.8300,57.8200,0.0000,,,1,8,
16102,7/14/2026 12:00:00 AM,Plus Monroe Warehouse                        ,COMPLETED,AUTO-TIE BALER (1ST SHIFT),Posted,7/15/2026 12:00:00 AM,5:47AM,,18:13:00,LBS    ,6267.000,6267.000,0.000,Plus Materials                                    ,,127.0750,127.0800,0.0000,,,31,4,
16106,7/14/2026 12:00:00 AM,Plus Monroe Warehouse                        ,COMPLETED,EXTRUDER (1ST SHIFT),Posted,7/15/2026 12:00:00 AM,5:47AM,,18:13:00,LBS    ,7690.000,7690.000,0.000,Plus Materials                                    ,,76.9000,76.9000,0.0000,,,30,0,
16108,7/14/2026 12:00:00 AM,Plus Monroe Warehouse                        ,COMPLETED,GUILLOTINE (1ST SHIFT),Posted,7/15/2026 12:00:00 AM,5:48AM,,18:12:00,LBS    ,1826.000,1826.000,0.000,Plus Materials                                    ,,-127.8200,-127.8200,0.0000,,,4,0,
16109,7/14/2026 12:00:00 AM,Plus Monroe Warehouse                        ,COMPLETED,SHREDDER (1ST SHIFT),Posted,7/15/2026 12:00:00 AM,5:48AM,,18:12:00,LBS    ,3916.000,3916.000,0.000,Plus Materials                                    ,,383.4399,383.4400,0.0000,,,11,0,
16110,7/14/2026 12:00:00 AM,Monroe Processing Warehouse                  ,COMPLETED,SHREDDER/GRINDER (1ST SHIFT),Posted,7/15/2026 12:00:00 AM,5:48AM,,18:12:00,LBS    ,6086.000,6086.000,0.000,Plus Materials                                    ,,60.8600,60.8600,0.0000,,,0,0,
16112,7/14/2026 12:00:00 AM,Plus Monroe Warehouse                        ,COMPLETED,AUTO-TIE BALER (2ND SHIFT),Posted,7/15/2026 12:00:00 AM,5:48AM,,18:12:00,LBS    ,4249.000,4249.000,0.000,Plus Materials                                    ,,-424.9000,-424.9000,0.0000,,,1,0,
16116,7/14/2026 12:00:00 AM,Plus Monroe Warehouse                        ,COMPLETED,EXTRUDER (2ND SHIFT),Posted,7/15/2026 12:00:00 AM,5:49AM,,18:11:00,LBS    ,1568.000,1568.000,0.000,Plus Materials                                    ,,51.5577,51.5600,0.0000,,,0,0,
16120,7/14/2026 12:00:00 AM,Monroe Processing Warehouse                  ,COMPLETED,SHREDDER/GRINDER (2ND SHIFT),Posted,7/15/2026 12:00:00 AM,5:50AM,,18:10:00,LBS    ,3359.000,3359.000,0.000,Plus Materials                                    ,,33.5900,33.5900,0.0000,,,0,0,
16122,7/14/2026 12:00:00 AM,Plus Monroe Warehouse                        ,COMPLETED,AUTO-TIE BALER (3RD SHIFT),Posted,7/15/2026 12:00:00 AM,5:50AM,,18:10:00,LBS    ,6835.000,6835.000,0.000,Plus Materials                                    ,,341.7500,341.7500,0.0000,,,19,5,
16126,7/14/2026 12:00:00 AM,Plus Monroe Warehouse                        ,COMPLETED,EXTRUDER (3RD SHIFT),Posted,7/15/2026 12:00:00 AM,5:51AM,,18:09:00,LBS    ,3470.000,3470.000,0.000,Plus Materials                                    ,,34.7000,34.7000,0.0000,,,0,0,
16128,7/14/2026 12:00:00 AM,Plus Monroe Warehouse                        ,COMPLETED,GUILLOTINE (3RD SHIFT),Posted,7/15/2026 12:00:00 AM,5:51AM,,18:09:00,LBS    ,2010.000,2010.000,0.000,Plus Materials                                    ,,20.1000,20.1000,0.0000,,,0,0,
16132,7/14/2026 12:00:00 AM,PRN Southeast                                ,COMPLETED,BALER,Posted,7/15/2026 12:00:00 AM,5:52AM,,18:08:00,LBS    ,2850.000,4052.000,-1202.000,Plus Materials                                    ,,133.3900,275.8900,142.5000,,,17,2,
16137,7/15/2026 12:00:00 AM,Plus Monroe Warehouse                        ,COMPLETED,EXTRUDER (1ST SHIFT),Posted,7/16/2026 12:00:00 AM,5:51AM,,18:09:00,LBS    ,6812.000,6812.000,0.000,Plus Materials                                    ,,204.3600,204.3600,0.0000,,,5,0,
16139,7/15/2026 12:00:00 AM,Plus Monroe Warehouse                        ,COMPLETED,GUILLOTINE (1ST SHIFT),Posted,7/16/2026 12:00:00 AM,5:51AM,,18:09:00,LBS    ,2259.000,2259.000,0.000,Plus Materials                                    ,,-158.1300,-158.1300,0.0000,,,0,0,
16140,7/15/2026 12:00:00 AM,Plus Monroe Warehouse                        ,COMPLETED,SHREDDER (1ST SHIFT),Posted,7/16/2026 12:00:00 AM,5:52AM,,18:08:00,LBS    ,1309.000,1309.000,0.000,Plus Materials                                    ,,32.4649,32.4700,0.0000,,,20,0,
16141,7/15/2026 12:00:00 AM,Monroe Processing Warehouse                  ,COMPLETED,SHREDDER/GRINDER (1ST SHIFT),Posted,7/16/2026 12:00:00 AM,5:52AM,,18:08:00,LBS    ,714.000,714.000,0.000,Plus Materials                                    ,,0.0000,0.0000,0.0000,,,0,0,
16143,7/15/2026 12:00:00 AM,Plus Monroe Warehouse                        ,COMPLETED,AUTO-TIE BALER (2ND SHIFT),Posted,7/16/2026 12:00:00 AM,5:52AM,,18:08:00,LBS    ,8978.000,8978.000,0.000,Plus Materials                                    ,,2114.9437,2114.9400,0.0000,,,0,0,
16147,7/15/2026 12:00:00 AM,Plus Monroe Warehouse                        ,COMPLETED,EXTRUDER (2ND SHIFT),Posted,7/16/2026 12:00:00 AM,5:53AM,,18:07:00,LBS    ,4761.000,4761.000,0.000,Plus Materials                                    ,,65.8600,65.8600,0.0000,,,0,0,
16149,7/15/2026 12:00:00 AM,Plus Monroe Warehouse                        ,COMPLETED,GUILLOTINE (2ND SHIFT),Posted,7/16/2026 12:00:00 AM,5:53AM,,18:07:00,LBS    ,3418.000,3418.000,0.000,Plus Materials                                    ,,-115.3400,-115.3400,0.0000,,,3,0,
16151,7/15/2026 12:00:00 AM,Monroe Processing Warehouse                  ,COMPLETED,SHREDDER/GRINDER (2ND SHIFT),Posted,7/16/2026 12:00:00 AM,5:53AM,,18:07:00,LBS    ,1583.000,1583.000,0.000,Plus Materials                                    ,,0.0000,0.0000,0.0000,,,0,0,
16153,7/15/2026 12:00:00 AM,Plus Monroe Warehouse                        ,COMPLETED,AUTO-TIE BALER (3RD SHIFT),Posted,7/16/2026 12:00:00 AM,5:54AM,,18:06:00,LBS    ,8277.000,8277.000,0.000,Plus Materials                                    ,,0.0000,0.0000,0.0000,,,0,7,
16157,7/15/2026 12:00:00 AM,Plus Monroe Warehouse                        ,COMPLETED,EXTRUDER (3RD SHIFT),Posted,7/16/2026 12:00:00 AM,5:54AM,,18:06:00,LBS    ,4928.000,4928.000,0.000,Plus Materials                                    ,,264.8843,264.8800,0.0000,,,0,0,
16159,7/15/2026 12:00:00 AM,Plus Monroe Warehouse                        ,COMPLETED,GUILLOTINE (3RD SHIFT),Posted,7/16/2026 12:00:00 AM,5:55AM,,18:05:00,LBS    ,3676.000,3676.000,0.000,Plus Materials                                    ,,36.7600,36.7600,0.0000,,,36,0,
16163,7/15/2026 12:00:00 AM,PRN Southeast                                ,COMPLETED,BALER,Posted,7/16/2026 12:00:00 AM,5:55AM,,18:05:00,LBS    ,4412.000,11741.000,-7329.000,Plus Materials                                    ,,157.3600,377.9700,220.6000,,,15,6,
16164,7/16/2026 12:00:00 AM,Plus Monroe Warehouse                        ,COMPLETED,AUTO-TIE BALER (1ST SHIFT),Posted,7/17/2026 12:00:00 AM,5:48AM,,18:12:00,LBS    ,3278.000,3278.000,0.000,Plus Materials                                    ,,0.0000,0.0000,0.0000,,,13,3,
16168,7/16/2026 12:00:00 AM,Plus Monroe Warehouse                        ,COMPLETED,EXTRUDER (1ST SHIFT),Posted,7/17/2026 12:00:00 AM,5:49AM,,18:11:00,LBS    ,6071.000,6071.000,0.000,Plus Materials                                    ,,303.5500,303.5500,0.0000,,,0,0,
16170,7/16/2026 12:00:00 AM,Plus Monroe Warehouse                        ,COMPLETED,GUILLOTINE (1ST SHIFT),Posted,7/17/2026 12:00:00 AM,5:49AM,,18:11:00,LBS    ,3754.000,3754.000,0.000,Plus Materials                                    ,,-262.7800,-262.7800,0.0000,,,8,0,
16171,7/16/2026 12:00:00 AM,Plus Monroe Warehouse                        ,COMPLETED,SHREDDER (1ST SHIFT),Posted,7/17/2026 12:00:00 AM,5:49AM,,18:11:00,LBS    ,1236.000,1236.000,0.000,Plus Materials                                    ,,23.8463,23.8500,0.0000,,,0,0,
16172,7/16/2026 12:00:00 AM,Monroe Processing Warehouse                  ,COMPLETED,SHREDDER/GRINDER (1ST SHIFT),Posted,7/17/2026 12:00:00 AM,5:49AM,,18:11:00,LBS    ,8096.000,8096.000,0.000,Plus Materials                                    ,,80.9600,80.9600,0.0000,,,0,0,
16174,7/16/2026 12:00:00 AM,Plus Monroe Warehouse                        ,COMPLETED,AUTO-TIE BALER (2ND SHIFT),Posted,7/17/2026 12:00:00 AM,5:50AM,,18:10:00,LBS    ,7169.000,7169.000,0.000,Plus Materials                                    ,,0.0000,0.0000,0.0000,,,31,0,
16178,7/16/2026 12:00:00 AM,Plus Monroe Warehouse                        ,COMPLETED,EXTRUDER (2ND SHIFT),Posted,7/17/2026 12:00:00 AM,5:50AM,,18:10:00,LBS    ,3210.000,3210.000,0.000,Plus Materials                                    ,,225.1313,225.1400,0.0000,,,0,0,
16180,7/16/2026 12:00:00 AM,Plus Monroe Warehouse                        ,COMPLETED,GUILLOTINE (2ND SHIFT),Posted,7/17/2026 12:00:00 AM,5:51AM,,18:09:00,LBS    ,8984.000,8984.000,0.000,Plus Materials                                    ,,351.4200,351.4300,0.0000,,,0,0,
16182,7/16/2026 12:00:00 AM,Monroe Processing Warehouse                  ,COMPLETED,SHREDDER/GRINDER (2ND SHIFT),Posted,7/17/2026 12:00:00 AM,5:51AM,,18:09:00,LBS    ,5959.000,5959.000,0.000,Plus Materials                                    ,,59.5900,59.5900,0.0000,,,0,0,
16184,7/16/2026 12:00:00 AM,Plus Monroe Warehouse                        ,COMPLETED,AUTO-TIE BALER (3RD SHIFT),Posted,7/17/2026 12:00:00 AM,5:51AM,,18:09:00,LBS    ,7027.000,7027.000,0.000,Plus Materials                                    ,,41.8959,41.9000,0.0000,,,0,6,
16188,7/16/2026 12:00:00 AM,Plus Monroe Warehouse                        ,COMPLETED,EXTRUDER (3RD SHIFT),Posted,7/17/2026 12:00:00 AM,5:52AM,,18:08:00,LBS    ,5196.000,5196.000,0.000,Plus Materials                                    ,,259.8000,259.8000,0.0000,,,0,0,
16190,7/16/2026 12:00:00 AM,Plus Monroe Warehouse                        ,COMPLETED,GUILLOTINE (3RD SHIFT),Posted,7/17/2026 12:00:00 AM,5:52AM,,18:08:00,LBS    ,5367.000,5367.000,0.000,Plus Materials                                    ,,53.1500,53.1500,0.0000,,,0,0,
16195,7/17/2026 12:00:00 AM,Plus Monroe Warehouse                        ,COMPLETED,AUTO-TIE BALER (1ST SHIFT),Posted,7/20/2026 12:00:00 AM,5:54AM,,18:06:00,LBS    ,2563.000,2563.000,0.000,Plus Materials                                    ,,0.0000,0.0000,0.0000,,,13,2,
16199,7/17/2026 12:00:00 AM,Plus Monroe Warehouse                        ,COMPLETED,EXTRUDER (1ST SHIFT),Posted,7/20/2026 12:00:00 AM,5:55AM,,18:05:00,LBS    ,14585.000,14585.000,0.000,Plus Materials                                    ,,0.0000,0.0000,0.0000,,,0,0,
16201,7/17/2026 12:00:00 AM,Plus Monroe Warehouse                        ,COMPLETED,GUILLOTINE (1ST SHIFT),Posted,7/20/2026 12:00:00 AM,5:55AM,,18:05:00,LBS    ,11633.000,11633.000,0.000,Plus Materials                                    ,,1744.9500,1744.9500,0.0000,,,14,0,
16202,7/17/2026 12:00:00 AM,Plus Monroe Warehouse                        ,COMPLETED,SHREDDER (1ST SHIFT),Posted,7/20/2026 12:00:00 AM,5:56AM,,18:04:00,LBS    ,1965.000,1965.000,0.000,Plus Materials                                    ,,56.0571,56.0500,0.0000,,,16,0,
16203,7/17/2026 12:00:00 AM,Monroe Processing Warehouse                  ,COMPLETED,SHREDDER/GRINDER (1ST SHIFT),Posted,7/20/2026 12:00:00 AM,5:56AM,,18:04:00,LBS    ,6575.000,6575.000,0.000,Plus Materials                                    ,,348.9795,348.9800,0.0000,,,10,0,
16205,7/17/2026 12:00:00 AM,Plus Monroe Warehouse                        ,COMPLETED,AUTO-TIE BALER (2ND SHIFT),Posted,7/20/2026 12:00:00 AM,5:56AM,,18:04:00,LBS    ,7759.000,7759.000,0.000,Plus Materials                                    ,,21.5600,21.5600,0.0000,,,4,0,
16209,7/17/2026 12:00:00 AM,Plus Monroe Warehouse                        ,COMPLETED,EXTRUDER (2ND SHIFT),Posted,7/20/2026 12:00:00 AM,5:57AM,,18:03:00,LBS    ,3356.000,3356.000,0.000,Plus Materials                                    ,,33.5600,33.5600,0.0000,,,12,0,
16211,7/17/2026 12:00:00 AM,Plus Monroe Warehouse                        ,COMPLETED,GUILLOTINE (2ND SHIFT),Posted,7/20/2026 12:00:00 AM,5:57AM,,18:03:00,LBS    ,8048.000,8048.000,0.000,Plus Materials                                    ,,0.0000,0.0000,0.0000,,,6,0,
16215,7/17/2026 12:00:00 AM,Plus Monroe Warehouse                        ,COMPLETED,AUTO-TIE BALER (3RD SHIFT),Posted,7/20/2026 12:00:00 AM,5:58AM,,18:02:00,LBS    ,4995.000,4995.000,0.000,Plus Materials                                    ,,0.0000,0.0000,0.0000,,,5,4,
16219,7/17/2026 12:00:00 AM,Plus Monroe Warehouse                        ,COMPLETED,EXTRUDER (3RD SHIFT),Posted,7/20/2026 12:00:00 AM,6:14AM,,17:46:00,LBS    ,5412.000,5412.000,0.000,Plus Materials                                    ,,811.8000,811.8000,0.0000,,,35,0,
16221,7/17/2026 12:00:00 AM,Plus Monroe Warehouse                        ,COMPLETED,GUILLOTINE (3RD SHIFT),Posted,7/20/2026 12:00:00 AM,6:15AM,,17:45:00,LBS    ,6295.000,6295.000,0.000,Plus Materials                                    ,,944.2500,944.2500,0.0000,,,0,0,
16225,7/17/2026 12:00:00 AM,PRN Southeast                                ,COMPLETED,BALER,Posted,7/20/2026 12:00:00 AM,6:15AM,,17:45:00,LBS    ,4542.000,6990.000,-2448.000,Plus Materials                                    ,,170.6100,397.7200,227.1000,,,18,5,
16226,7/20/2026 12:00:00 AM,Plus Monroe Warehouse                        ,COMPLETED,AUTO-TIE BALER (1ST SHIFT),Posted,7/21/2026 12:00:00 AM,4:56AM,,19:04:00,LBS    ,3333.000,3333.000,0.000,Plus Materials                                    ,,8.3350,8.3400,0.0000,,,13,3,
16230,7/20/2026 12:00:00 AM,Plus Monroe Warehouse                        ,COMPLETED,EXTRUDER (1ST SHIFT),Posted,7/21/2026 12:00:00 AM,4:57AM,,19:03:00,LBS    ,10656.000,10656.000,0.000,Plus Materials                                    ,,1598.4000,1598.4000,0.0000,,,0,0,
16232,7/20/2026 12:00:00 AM,Plus Monroe Warehouse                        ,COMPLETED,GUILLOTINE (1ST SHIFT),Posted,7/21/2026 12:00:00 AM,4:57AM,,19:03:00,LBS    ,8922.000,8922.000,0.000,Plus Materials                                    ,,89.2200,89.2200,0.0000,,,0,0,
16233,7/20/2026 12:00:00 AM,Plus Monroe Warehouse                        ,COMPLETED,SHREDDER (1ST SHIFT),Posted,7/21/2026 12:00:00 AM,4:57AM,,19:03:00,LBS    ,1409.000,1409.000,0.000,Plus Materials                                    ,,63.1430,63.1400,0.0000,,,19,0,
16234,7/20/2026 12:00:00 AM,Monroe Processing Warehouse                  ,COMPLETED,SHREDDER/GRINDER (1ST SHIFT),Posted,7/21/2026 12:00:00 AM,4:57AM,,19:03:00,LBS    ,2662.000,2662.000,0.000,Plus Materials                                    ,,266.2000,266.2000,0.0000,,,55,0,
16236,7/20/2026 12:00:00 AM,Plus Monroe Warehouse                        ,COMPLETED,AUTO-TIE BALER (2ND SHIFT),Posted,7/21/2026 12:00:00 AM,4:58AM,,19:02:00,LBS    ,3066.000,3066.000,0.000,Plus Materials                                    ,,0.0000,0.0000,0.0000,,,0,0,
16240,7/20/2026 12:00:00 AM,Plus Monroe Warehouse                        ,COMPLETED,EXTRUDER (2ND SHIFT),Posted,7/21/2026 12:00:00 AM,4:58AM,,19:02:00,LBS    ,4636.000,4636.000,0.000,Plus Materials                                    ,,0.0000,0.0000,0.0000,,,10,0,
16242,7/20/2026 12:00:00 AM,Plus Monroe Warehouse                        ,COMPLETED,GUILLOTINE (2ND SHIFT),Posted,7/21/2026 12:00:00 AM,4:59AM,,19:01:00,LBS    ,9210.000,9210.000,0.000,Plus Materials                                    ,,816.2084,816.2000,0.0000,,,46,0,
16244,7/20/2026 12:00:00 AM,Monroe Processing Warehouse                  ,COMPLETED,SHREDDER/GRINDER (2ND SHIFT),Posted,7/21/2026 12:00:00 AM,4:59AM,,19:01:00,LBS    ,5282.000,5282.000,0.000,Plus Materials                                    ,,263.2449,263.2300,0.0000,,,5,0,
16246,7/20/2026 12:00:00 AM,Plus Monroe Warehouse                        ,COMPLETED,AUTO-TIE BALER (3RD SHIFT),Posted,7/21/2026 12:00:00 AM,4:59AM,,19:01:00,LBS    ,9116.000,9116.000,0.000,Plus Materials                                    ,,0.0000,0.0000,0.0000,,,52,8,
16250,7/20/2026 12:00:00 AM,Plus Monroe Warehouse                        ,COMPLETED,EXTRUDER (3RD SHIFT),Posted,7/21/2026 12:00:00 AM,5:00AM,,19:00:00,LBS    ,5556.000,5556.000,0.000,Plus Materials                                    ,,833.4000,833.4000,0.0000,,,0,0,
16252,7/20/2026 12:00:00 AM,Plus Monroe Warehouse                        ,COMPLETED,GUILLOTINE (3RD SHIFT),Posted,7/21/2026 12:00:00 AM,5:00AM,,19:00:00,LBS    ,6420.000,6420.000,0.000,Plus Materials                                    ,,963.0000,963.0000,0.0000,,,0,0,
16256,7/20/2026 12:00:00 AM,PRN Southeast                                ,COMPLETED,BALER,Posted,7/21/2026 12:00:00 AM,5:01AM,,18:59:00,LBS    ,2145.000,1840.000,305.000,Plus Materials                                    ,,79.2900,186.5400,107.2500,,,9,1,
16257,7/21/2026 12:00:00 AM,Plus Monroe Warehouse                        ,COMPLETED,AUTO-TIE BALER (1ST SHIFT),Posted,7/22/2026 12:00:00 AM,5:51AM,,18:09:00,LBS    ,5887.000,5887.000,0.000,Plus Materials                                    ,,0.0000,0.0000,0.0000,,,13,5,
16261,7/21/2026 12:00:00 AM,Plus Monroe Warehouse                        ,COMPLETED,EXTRUDER (1ST SHIFT),Posted,7/22/2026 12:00:00 AM,5:52AM,,18:08:00,LBS    ,9154.000,9154.000,0.000,Plus Materials                                    ,,1373.1000,1373.1000,0.0000,,,0,0,
16263,7/21/2026 12:00:00 AM,Plus Monroe Warehouse                        ,COMPLETED,GUILLOTINE (1ST SHIFT),Posted,7/22/2026 12:00:00 AM,5:52AM,,18:08:00,LBS    ,7650.000,7650.000,0.000,Plus Materials                                    ,,677.9576,677.9600,0.0000,,,0,0,
16264,7/21/2026 12:00:00 AM,Plus Monroe Warehouse                        ,COMPLETED,SHREDDER (1ST SHIFT),Posted,7/22/2026 12:00:00 AM,5:52AM,,18:08:00,LBS    ,1539.000,1539.000,0.000,Plus Materials                                    ,,46.2131,46.2300,0.0000,,,17,0,
16265,7/21/2026 12:00:00 AM,Monroe Processing Warehouse                  ,COMPLETED,SHREDDER/GRINDER (1ST SHIFT),Posted,7/22/2026 12:00:00 AM,5:52AM,,18:08:00,LBS    ,6960.000,6960.000,0.000,Plus Materials                                    ,,616.8073,616.8000,0.0000,,,0,0,
16267,7/21/2026 12:00:00 AM,Plus Monroe Warehouse                        ,COMPLETED,AUTO-TIE BALER (2ND SHIFT),Posted,7/22/2026 12:00:00 AM,5:53AM,,18:07:00,LBS    ,1405.000,1405.000,0.000,Plus Materials                                    ,,0.0000,0.0000,0.0000,,,0,0,
16271,7/21/2026 12:00:00 AM,Plus Monroe Warehouse                        ,COMPLETED,EXTRUDER (2ND SHIFT),Posted,7/22/2026 12:00:00 AM,5:53AM,,18:07:00,LBS    ,5788.000,5788.000,0.000,Plus Materials                                    ,,0.0000,0.0000,0.0000,,,21,0,
16273,7/21/2026 12:00:00 AM,Plus Monroe Warehouse                        ,COMPLETED,GUILLOTINE (2ND SHIFT),Posted,7/22/2026 12:00:00 AM,5:53AM,,18:07:00,LBS    ,11090.000,11090.000,0.000,Plus Materials                                    ,,673.5319,673.5200,0.0000,,,13,0,
16275,7/21/2026 12:00:00 AM,Monroe Processing Warehouse                  ,COMPLETED,SHREDDER/GRINDER (2ND SHIFT),Posted,7/22/2026 12:00:00 AM,5:54AM,,18:06:00,LBS    ,6828.000,6828.000,0.000,Plus Materials                                    ,,0.0000,0.0000,0.0000,,,1,0,
16277,7/21/2026 12:00:00 AM,Plus Monroe Warehouse                        ,COMPLETED,AUTO-TIE BALER (3RD SHIFT),Posted,7/22/2026 12:00:00 AM,5:54AM,,18:06:00,LBS    ,1044.000,1044.000,0.000,Plus Materials                                    ,,70.0150,70.0200,0.0000,,,0,1,
16281,7/21/2026 12:00:00 AM,Plus Monroe Warehouse                        ,COMPLETED,EXTRUDER (3RD SHIFT),Posted,7/22/2026 12:00:00 AM,5:55AM,,18:05:00,LBS    ,6343.000,6343.000,0.000,Plus Materials                                    ,,634.3000,634.3000,0.0000,,,18,0,
16283,7/21/2026 12:00:00 AM,Plus Monroe Warehouse                        ,COMPLETED,GUILLOTINE (3RD SHIFT),Posted,7/22/2026 12:00:00 AM,5:55AM,,18:05:00,LBS    ,7066.000,7066.000,0.000,Plus Materials                                    ,,706.6000,706.6000,0.0000,,,0,0,
16288,7/22/2026 12:00:00 AM,Plus Monroe Warehouse                        ,COMPLETED,AUTO-TIE BALER (1ST SHIFT),Posted,7/23/2026 12:00:00 AM,5:50AM,,18:10:00,LBS    ,4569.000,4569.000,0.000,Plus Materials                                    ,,75.5000,75.5000,0.0000,,,21,3,
16292,7/22/2026 12:00:00 AM,Plus Monroe Warehouse                        ,COMPLETED,EXTRUDER (1ST SHIFT),Posted,7/23/2026 12:00:00 AM,5:51AM,,18:09:00,LBS    ,7489.000,7489.000,0.000,Plus Materials                                    ,,898.6800,898.6800,0.0000,,,200,0,
16294,7/22/2026 12:00:00 AM,Plus Monroe Warehouse                        ,COMPLETED,GUILLOTINE (1ST SHIFT),Posted,7/23/2026 12:00:00 AM,5:51AM,,18:09:00,LBS    ,9899.000,9899.000,0.000,Plus Materials                                    ,,811.9741,811.9700,0.0000,,,21,0,
16295,7/22/2026 12:00:00 AM,Plus Monroe Warehouse                        ,COMPLETED,SHREDDER (1ST SHIFT),Posted,7/23/2026 12:00:00 AM,5:51AM,,18:09:00,LBS    ,1539.000,1539.000,0.000,Plus Materials                                    ,,30.9100,30.9100,0.0000,,,18,0,
16296,7/22/2026 12:00:00 AM,Monroe Processing Warehouse                  ,COMPLETED,SHREDDER/GRINDER (1ST SHIFT),Posted,7/23/2026 12:00:00 AM,5:52AM,,18:08:00,LBS    ,6857.000,6857.000,0.000,Plus Materials                                    ,,0.0000,0.0000,0.0000,,,0,0,
16298,7/22/2026 12:00:00 AM,Plus Monroe Warehouse                        ,COMPLETED,AUTO-TIE BALER (2ND SHIFT),Posted,7/23/2026 12:00:00 AM,5:52AM,,18:08:00,LBS    ,7624.000,7624.000,0.000,Plus Materials                                    ,,142.6461,142.6500,0.0000,,,52,0,
16302,7/22/2026 12:00:00 AM,Plus Monroe Warehouse                        ,COMPLETED,EXTRUDER (2ND SHIFT),Posted,7/23/2026 12:00:00 AM,5:52AM,,18:08:00,LBS    ,6094.000,6094.000,0.000,Plus Materials                                    ,,731.2800,731.2800,0.0000,,,8,0,
16304,7/22/2026 12:00:00 AM,Plus Monroe Warehouse                        ,COMPLETED,GUILLOTINE (2ND SHIFT),Posted,7/23/2026 12:00:00 AM,5:53AM,,18:07:00,LBS    ,9727.000,9727.000,0.000,Plus Materials                                    ,,491.7600,491.7500,0.0000,,,0,0,
16306,7/22/2026 12:00:00 AM,Monroe Processing Warehouse                  ,COMPLETED,SHREDDER/GRINDER (2ND SHIFT),Posted,7/23/2026 12:00:00 AM,5:53AM,,18:07:00,LBS    ,4676.000,4676.000,0.000,Plus Materials                                    ,,231.7457,231.7400,0.0000,,,3,0,
16308,7/22/2026 12:00:00 AM,Plus Monroe Warehouse                        ,COMPLETED,AUTO-TIE BALER (3RD SHIFT),Posted,7/23/2026 12:00:00 AM,5:53AM,,18:07:00,LBS    ,7260.000,7260.000,0.000,Plus Materials                                    ,,795.7748,795.7800,0.0000,,,0,6,
16312,7/22/2026 12:00:00 AM,Plus Monroe Warehouse                        ,COMPLETED,EXTRUDER (3RD SHIFT),Posted,7/23/2026 12:00:00 AM,5:54AM,,18:06:00,LBS    ,4532.000,4532.000,0.000,Plus Materials                                    ,,543.8400,543.8400,0.0000,,,0,0,
16314,7/22/2026 12:00:00 AM,Plus Monroe Warehouse                        ,COMPLETED,GUILLOTINE (3RD SHIFT),Posted,7/23/2026 12:00:00 AM,5:54AM,,18:06:00,LBS    ,6189.000,6189.000,0.000,Plus Materials                                    ,,742.6800,742.6800,0.0000,,,0,0,
16318,7/22/2026 12:00:00 AM,PRN Southeast                                ,COMPLETED,BALER,Posted,7/23/2026 12:00:00 AM,5:55AM,,18:05:00,LBS    ,2013.000,2730.000,-717.000,Plus Materials                                    ,,76.3700,177.0200,100.6500,,,6,2,
16319,7/23/2026 12:00:00 AM,Plus Monroe Warehouse                        ,COMPLETED,AUTO-TIE BALER (1ST SHIFT),Posted,7/24/2026 12:00:00 AM,5:44AM,,18:16:00,LBS    ,7881.000,7881.000,0.000,Plus Materials                                    ,,788.1000,788.1000,0.0000,,,28,6,
16323,7/23/2026 12:00:00 AM,Plus Monroe Warehouse                        ,COMPLETED,EXTRUDER (1ST SHIFT),Posted,7/24/2026 12:00:00 AM,5:44AM,,18:16:00,LBS    ,8329.000,8329.000,0.000,Plus Materials                                    ,,45.1000,45.1100,0.0000,,,6,0,
16325,7/23/2026 12:00:00 AM,Plus Monroe Warehouse                        ,COMPLETED,GUILLOTINE (1ST SHIFT),Posted,7/24/2026 12:00:00 AM,5:44AM,,18:16:00,LBS    ,9323.000,9323.000,0.000,Plus Materials                                    ,,0.0000,0.0000,0.0000,,,13,0,
16326,7/23/2026 12:00:00 AM,Plus Monroe Warehouse                        ,COMPLETED,SHREDDER (1ST SHIFT),Posted,7/24/2026 12:00:00 AM,5:45AM,,18:15:00,LBS    ,791.000,791.000,0.000,Plus Materials                                    ,,49.6923,49.6900,0.0000,,,19,0,
16327,7/23/2026 12:00:00 AM,Monroe Processing Warehouse                  ,COMPLETED,SHREDDER/GRINDER (1ST SHIFT),Posted,7/24/2026 12:00:00 AM,5:45AM,,18:15:00,LBS    ,4473.000,4473.000,0.000,Plus Materials                                    ,,230.4398,230.4500,0.0000,,,2,0,
16329,7/23/2026 12:00:00 AM,Plus Monroe Warehouse                        ,COMPLETED,AUTO-TIE BALER (2ND SHIFT),Posted,7/24/2026 12:00:00 AM,5:45AM,,18:15:00,LBS    ,7263.000,7263.000,0.000,Plus Materials                                    ,,1947.0109,1947.0200,0.0000,,,9,0,
16333,7/23/2026 12:00:00 AM,Plus Monroe Warehouse                        ,COMPLETED,EXTRUDER (2ND SHIFT),Posted,7/24/2026 12:00:00 AM,5:46AM,,18:14:00,LBS    ,4944.000,4944.000,0.000,Plus Materials                                    ,,741.6000,741.6000,0.0000,,,0,0,
16335,7/23/2026 12:00:00 AM,Plus Monroe Warehouse                        ,COMPLETED,GUILLOTINE (2ND SHIFT),Posted,7/24/2026 12:00:00 AM,5:46AM,,18:14:00,LBS    ,9592.000,9592.000,0.000,Plus Materials                                    ,,217.5276,217.5300,0.0000,,,16,0,
16337,7/23/2026 12:00:00 AM,Monroe Processing Warehouse                  ,COMPLETED,SHREDDER/GRINDER (2ND SHIFT),Posted,7/24/2026 12:00:00 AM,5:47AM,,18:13:00,LBS    ,2788.000,2788.000,0.000,Plus Materials                                    ,,127.9234,127.9200,0.0000,,,4,0,
16339,7/23/2026 12:00:00 AM,Plus Monroe Warehouse                        ,COMPLETED,AUTO-TIE BALER (3RD SHIFT),Posted,7/24/2026 12:00:00 AM,5:47AM,,18:13:00,LBS    ,8157.000,8157.000,0.000,Plus Materials                                    ,,2186.6680,2186.6700,0.0000,,,0,6,
16343,7/23/2026 12:00:00 AM,Plus Monroe Warehouse                        ,COMPLETED,EXTRUDER (3RD SHIFT),Posted,7/24/2026 12:00:00 AM,5:47AM,,18:13:00,LBS    ,3494.000,3494.000,0.000,Plus Materials                                    ,,34.9400,34.9400,0.0000,,,21,0,
16345,7/23/2026 12:00:00 AM,Plus Monroe Warehouse                        ,COMPLETED,GUILLOTINE (3RD SHIFT),Posted,7/24/2026 12:00:00 AM,5:48AM,,18:12:00,LBS    ,10584.000,10584.000,0.000,Plus Materials                                    ,,179.9500,179.9800,0.0000,,,12,0,
16349,7/23/2026 12:00:00 AM,PRN Southeast                                ,COMPLETED,BALER,Posted,7/24/2026 12:00:00 AM,5:48AM,,18:12:00,LBS    ,5060.000,4975.000,85.000,Plus Materials                                    ,,285.9900,538.9900,253.0000,,,18,3,
16350,7/24/2026 12:00:00 AM,Plus Monroe Warehouse                        ,COMPLETED,AUTO-TIE BALER (1ST SHIFT),Posted,7/27/2026 12:00:00 AM,5:52AM,,18:08:00,LBS    ,5737.000,5737.000,0.000,Plus Materials                                    ,,0.0000,0.0000,0.0000,,,52,5,
16354,7/24/2026 12:00:00 AM,Plus Monroe Warehouse                        ,COMPLETED,EXTRUDER (1ST SHIFT),Posted,7/27/2026 12:00:00 AM,5:53AM,,18:07:00,LBS    ,11968.000,11968.000,0.000,Plus Materials                                    ,,0.0000,0.0000,0.0000,,,42,0,
16356,7/24/2026 12:00:00 AM,Plus Monroe Warehouse                        ,COMPLETED,GUILLOTINE (1ST SHIFT),Posted,7/27/2026 12:00:00 AM,5:53AM,,18:07:00,LBS    ,12047.000,12047.000,0.000,Plus Materials                                    ,,753.0019,752.9900,0.0000,,,67,0,
16358,7/24/2026 12:00:00 AM,Monroe Processing Warehouse                  ,COMPLETED,SHREDDER/GRINDER (1ST SHIFT),Posted,7/27/2026 12:00:00 AM,5:53AM,,18:07:00,LBS    ,5906.000,5906.000,0.000,Plus Materials                                    ,,552.7131,552.7100,0.0000,,,0,0,
16360,7/24/2026 12:00:00 AM,Plus Monroe Warehouse                        ,COMPLETED,AUTO-TIE BALER (2ND SHIFT),Posted,7/27/2026 12:00:00 AM,5:53AM,,18:07:00,LBS    ,10879.000,10879.000,0.000,Plus Materials                                    ,,0.0000,0.0000,0.0000,,,16,0,
16364,7/24/2026 12:00:00 AM,Plus Monroe Warehouse                        ,COMPLETED,EXTRUDER (2ND SHIFT),Posted,7/27/2026 12:00:00 AM,5:54AM,,18:06:00,LBS    ,4794.000,4794.000,0.000,Plus Materials                                    ,,368.4000,368.4000,0.0000,,,5,0,
16366,7/24/2026 12:00:00 AM,Plus Monroe Warehouse                        ,COMPLETED,GUILLOTINE (2ND SHIFT),Posted,7/27/2026 12:00:00 AM,5:54AM,,18:06:00,LBS    ,8534.000,8534.000,0.000,Plus Materials                                    ,,177.0692,177.0600,0.0000,,,26,0,
16368,7/24/2026 12:00:00 AM,Monroe Processing Warehouse                  ,COMPLETED,SHREDDER/GRINDER (2ND SHIFT),Posted,7/27/2026 12:00:00 AM,5:55AM,,18:05:00,LBS    ,1934.000,1934.000,0.000,Plus Materials                                    ,,101.4768,101.4800,0.0000,,,6,0,
16370,7/24/2026 12:00:00 AM,Plus Monroe Warehouse                        ,COMPLETED,AUTO-TIE BALER (3RD SHIFT),Posted,7/27/2026 12:00:00 AM,5:55AM,,18:05:00,LBS    ,7407.000,7407.000,0.000,Plus Materials                                    ,,436.0717,436.0600,0.0000,,,52,6,
16374,7/24/2026 12:00:00 AM,Plus Monroe Warehouse                        ,COMPLETED,EXTRUDER (3RD SHIFT),Posted,7/27/2026 12:00:00 AM,5:56AM,,18:04:00,LBS    ,5035.000,5035.000,0.000,Plus Materials                                    ,,0.0000,0.0000,0.0000,,,14,0,
16380,7/24/2026 12:00:00 AM,PRN Southeast                                ,COMPLETED,BALER,Posted,7/27/2026 12:00:00 AM,5:57AM,,18:03:00,LBS    ,4999.000,7865.000,-2866.000,Plus Materials                                    ,,285.6600,535.6100,249.9500,,,17,5,
16381,7/27/2026 12:00:00 AM,Plus Monroe Warehouse                        ,COMPLETED,AUTO-TIE BALER (1ST SHIFT),Posted,7/28/2026 12:00:00 AM,4:56AM,,19:04:00,LBS    ,3689.000,3689.000,0.000,Plus Materials                                    ,,0.0000,0.0000,0.0000,,,16,3,
16385,7/27/2026 12:00:00 AM,Plus Monroe Warehouse                        ,COMPLETED,EXTRUDER (1ST SHIFT),Posted,7/28/2026 12:00:00 AM,4:56AM,,19:04:00,LBS    ,6165.000,6165.000,0.000,Plus Materials                                    ,,22.7500,22.7500,0.0000,,,30,0,
16387,7/27/2026 12:00:00 AM,Plus Monroe Warehouse                        ,COMPLETED,GUILLOTINE (1ST SHIFT),Posted,7/28/2026 12:00:00 AM,4:57AM,,19:03:00,LBS    ,7238.000,7238.000,0.000,Plus Materials                                    ,,677.3704,677.3600,0.0000,,,0,0,
16389,7/27/2026 12:00:00 AM,Monroe Processing Warehouse                  ,COMPLETED,SHREDDER/GRINDER (1ST SHIFT),Posted,7/28/2026 12:00:00 AM,4:57AM,,19:03:00,LBS    ,4963.000,4963.000,0.000,Plus Materials                                    ,,0.0000,0.0000,0.0000,,,0,0,
16391,7/27/2026 12:00:00 AM,Plus Monroe Warehouse                        ,COMPLETED,AUTO-TIE BALER (2ND SHIFT),Posted,7/28/2026 12:00:00 AM,4:57AM,,19:03:00,LBS    ,6251.000,6251.000,0.000,Plus Materials                                    ,,512.5000,512.5000,0.0000,,,0,5780,
16395,7/27/2026 12:00:00 AM,Plus Monroe Warehouse                        ,COMPLETED,EXTRUDER (2ND SHIFT),Posted,7/28/2026 12:00:00 AM,4:58AM,,19:02:00,LBS    ,4366.000,4366.000,0.000,Plus Materials                                    ,,213.1000,213.1000,0.0000,,,3,0,
16397,7/27/2026 12:00:00 AM,Plus Monroe Warehouse                        ,COMPLETED,GUILLOTINE (2ND SHIFT),Posted,7/28/2026 12:00:00 AM,4:58AM,,19:02:00,LBS    ,9403.000,9403.000,0.000,Plus Materials                                    ,,0.0000,0.0000,0.0000,,,30,0,
16399,7/27/2026 12:00:00 AM,Monroe Processing Warehouse                  ,COMPLETED,SHREDDER/GRINDER (2ND SHIFT),Posted,7/28/2026 12:00:00 AM,4:59AM,,19:01:00,LBS    ,4237.000,4237.000,0.000,Plus Materials                                    ,,0.0000,0.0000,0.0000,,,1,0,
16401,7/27/2026 12:00:00 AM,Plus Monroe Warehouse                        ,COMPLETED,AUTO-TIE BALER (3RD SHIFT),Posted,7/28/2026 12:00:00 AM,4:59AM,,19:01:00,LBS    ,5852.000,5852.000,0.000,Plus Materials                                    ,,0.0000,0.0000,0.0000,,,35,45,
16405,7/27/2026 12:00:00 AM,Plus Monroe Warehouse                        ,COMPLETED,EXTRUDER (3RD SHIFT),Posted,7/28/2026 12:00:00 AM,5:00AM,,19:00:00,LBS    ,3572.000,3572.000,0.000,Plus Materials                                    ,,0.0000,0.0000,0.0000,,,0,0,
16407,7/27/2026 12:00:00 AM,Plus Monroe Warehouse                        ,COMPLETED,GUILLOTINE (3RD SHIFT),Posted,7/28/2026 12:00:00 AM,5:00AM,,19:00:00,LBS    ,5151.000,5151.000,0.000,Plus Materials                                    ,,0.0000,0.0000,0.0000,,,0,0,
16411,7/27/2026 12:00:00 AM,PRN Southeast                                ,COMPLETED,BALER,Posted,7/28/2026 12:00:00 AM,5:01AM,,18:59:00,LBS    ,1300.000,1895.000,-595.000,Plus Materials                                    ,,71.2100,136.2100,65.0000,,,4,1,
16412,7/27/2026 12:00:00 AM,PRN Southeast                                ,COMPLETED,BALER,Posted,7/28/2026 12:00:00 AM,5:09AM,,18:51:00,LBS    ,2015.000,2390.000,-375.000,Plus Materials                                    ,,88.2300,188.9800,100.7500,,,8,2,
16417,7/28/2026 12:00:00 AM,Plus Monroe Warehouse                        ,COMPLETED,EXTRUDER (1ST SHIFT),Posted,7/29/2026 12:00:00 AM,5:46AM,,18:14:00,LBS    ,6562.000,6562.000,0.000,Plus Materials                                    ,,0.0000,0.0000,0.0000,,,0,0,
16419,7/28/2026 12:00:00 AM,Plus Monroe Warehouse                        ,COMPLETED,GUILLOTINE (1ST SHIFT),Posted,7/29/2026 12:00:00 AM,5:47AM,,18:13:00,LBS    ,4885.000,4885.000,0.000,Plus Materials                                    ,,0.0000,0.0000,0.0000,,,48,0,
16420,7/28/2026 12:00:00 AM,Plus Monroe Warehouse                        ,COMPLETED,SHREDDER (1ST SHIFT),Posted,7/29/2026 12:00:00 AM,5:47AM,,18:13:00,LBS    ,595.000,595.000,0.000,Plus Materials                                    ,,0.0000,0.0000,0.0000,,,0,0,
16421,7/28/2026 12:00:00 AM,Monroe Processing Warehouse                  ,COMPLETED,SHREDDER/GRINDER (1ST SHIFT),Posted,7/29/2026 12:00:00 AM,5:47AM,,18:13:00,LBS    ,3213.000,3213.000,0.000,Plus Materials                                    ,,0.0000,0.0000,0.0000,,,0,0,
16427,7/28/2026 12:00:00 AM,Plus Monroe Warehouse                        ,COMPLETED,EXTRUDER (2ND SHIFT),Posted,7/29/2026 12:00:00 AM,5:48AM,,18:12:00,LBS    ,5688.000,5688.000,0.000,Plus Materials                                    ,,0.0000,0.0000,0.0000,,,0,0,
16429,7/28/2026 12:00:00 AM,Plus Monroe Warehouse                        ,COMPLETED,GUILLOTINE (2ND SHIFT),Posted,7/29/2026 12:00:00 AM,5:48AM,,18:12:00,LBS    ,7346.000,7346.000,0.000,Plus Materials                                    ,,0.0000,0.0000,0.0000,,,0,0,
16431,7/28/2026 12:00:00 AM,Monroe Processing Warehouse                  ,COMPLETED,SHREDDER/GRINDER (2ND SHIFT),Posted,7/29/2026 12:00:00 AM,5:49AM,,18:11:00,LBS    ,3807.000,3807.000,0.000,Plus Materials                                    ,,0.0000,0.0000,0.0000,,,0,0,
16437,7/28/2026 12:00:00 AM,Plus Monroe Warehouse                        ,COMPLETED,EXTRUDER (3RD SHIFT),Posted,7/29/2026 12:00:00 AM,5:49AM,,18:11:00,LBS    ,5318.000,5318.000,0.000,Plus Materials                                    ,,0.0000,0.0000,0.0000,,,0,0,
16441,7/28/2026 12:00:00 AM,Monroe Processing Warehouse                  ,COMPLETED,SHREDDER/GRINDER (3RD SHIFT),Posted,7/29/2026 12:00:00 AM,5:50AM,,18:10:00,LBS    ,1696.000,1696.000,0.000,Plus Materials                                    ,,179.3806,179.3800,0.0000,,,0,0,
16443,7/28/2026 12:00:00 AM,PRN Southeast                                ,COMPLETED,BALER,Posted,7/29/2026 12:00:00 AM,6:29AM,,17:31:00,LBS    ,5290.000,6690.000,-1400.000,Plus Materials                                    ,,301.5400,566.0400,264.5000,,,20,3,
16448,7/29/2026 12:00:00 AM,Plus Monroe Warehouse                        ,COMPLETED,EXTRUDER (1ST SHIFT),Posted,7/30/2026 12:00:00 AM,5:51AM,,18:09:00,LBS    ,2700.000,2700.000,0.000,Plus Materials                                    ,,0.0000,0.0000,0.0000,,,0,0,
15223,6/3/2026 12:00:00 AM,Plus Monroe Warehouse                        ,COMPLETED,AUTO-TIE BALER (1ST SHIFT),Posted,6/4/2026 12:00:00 AM,5:58AM,,18:02:00,LBS    ,5239.000,5239.000,0.000,Plus Materials                                    ,,-0.9160,-0.9200,0.0000,,,0,4,
15227,6/3/2026 12:00:00 AM,Plus Monroe Warehouse                        ,COMPLETED,EXTRUDER (1ST SHIFT),Posted,6/4/2026 12:00:00 AM,5:59AM,,18:01:00,LBS    ,10925.000,10925.000,0.000,Plus Materials                                    ,,1615.9942,1615.9900,0.0000,,,38,0,
15229,6/3/2026 12:00:00 AM,Plus Monroe Warehouse                        ,COMPLETED,GUILLOTINE (1ST SHIFT),Posted,6/4/2026 12:00:00 AM,5:59AM,,18:01:00,LBS    ,11540.000,11540.000,0.000,Plus Materials                                    ,,1508.5846,1508.5800,0.0000,,,5,0,
15230,6/3/2026 12:00:00 AM,Plus Monroe Warehouse                        ,COMPLETED,SHREDDER (1ST SHIFT),Posted,6/4/2026 12:00:00 AM,5:59AM,,18:01:00,LBS    ,1567.000,1567.000,0.000,Plus Materials                                    ,,0.0000,0.0000,0.0000,,,0,0,
15231,6/3/2026 12:00:00 AM,Monroe Processing Warehouse                  ,COMPLETED,SHREDDER/GRINDER (1ST SHIFT),Posted,6/4/2026 12:00:00 AM,5:59AM,,18:01:00,LBS    ,1578.000,1578.000,0.000,Plus Materials                                    ,,157.8000,157.8000,0.0000,,,0,0,
15233,6/3/2026 12:00:00 AM,Plus Monroe Warehouse                        ,COMPLETED,AUTO-TIE BALER (2ND SHIFT),Posted,6/4/2026 12:00:00 AM,6:00AM,,18:00:00,LBS    ,5559.000,5559.000,0.000,Plus Materials                                    ,,-212.9465,-212.9400,0.0000,,,53,0,
15237,6/3/2026 12:00:00 AM,Plus Monroe Warehouse                        ,COMPLETED,EXTRUDER (2ND SHIFT),Posted,6/4/2026 12:00:00 AM,6:01AM,,17:59:00,LBS    ,6480.000,6480.000,0.000,Plus Materials                                    ,,958.5018,958.5100,0.0000,,,0,0,
15239,6/3/2026 12:00:00 AM,Plus Monroe Warehouse                        ,COMPLETED,GUILLOTINE (2ND SHIFT),Posted,6/4/2026 12:00:00 AM,6:01AM,,17:59:00,LBS    ,9293.000,9293.000,0.000,Plus Materials                                    ,,1207.2192,1207.2100,0.0000,,,0,0,
15241,6/3/2026 12:00:00 AM,Monroe Processing Warehouse                  ,COMPLETED,SHREDDER/GRINDER (2ND SHIFT),Posted,6/4/2026 12:00:00 AM,6:01AM,,17:59:00,LBS    ,2469.000,2469.000,0.000,Plus Materials                                    ,,246.9000,246.9000,0.0000,,,0,0,
15247,6/3/2026 12:00:00 AM,Plus Monroe Warehouse                        ,COMPLETED,EXTRUDER (3RD SHIFT),Posted,6/4/2026 12:00:00 AM,6:03AM,,17:57:00,LBS    ,6588.000,6588.000,0.000,Plus Materials                                    ,,974.4770,974.4800,0.0000,,,0,0,
15249,6/3/2026 12:00:00 AM,Plus Monroe Warehouse                        ,COMPLETED,GUILLOTINE (3RD SHIFT),Posted,6/4/2026 12:00:00 AM,6:03AM,,17:57:00,LBS    ,6759.000,6759.000,0.000,Plus Materials                                    ,,1004.5224,1004.5300,0.0000,,,35,0,
15254,6/4/2026 12:00:00 AM,Plus Monroe Warehouse                        ,COMPLETED,AUTO-TIE BALER (1ST SHIFT),Posted,6/5/2026 12:00:00 AM,5:52AM,,18:08:00,LBS    ,4585.000,4585.000,0.000,Plus Materials                                    ,,-13.0100,-13.0000,0.0000,,,14,4,
15258,6/4/2026 12:00:00 AM,Plus Monroe Warehouse                        ,COMPLETED,EXTRUDER (1ST SHIFT),Posted,6/5/2026 12:00:00 AM,5:53AM,,18:07:00,LBS    ,7926.000,7926.000,0.000,Plus Materials                                    ,,1177.9626,1177.9700,0.0000,,,0,0,
15259,6/4/2026 12:00:00 AM,Plus Monroe Warehouse                        ,COMPLETED,GREEN MAX (NEW) (1ST SHIFT),Posted,6/5/2026 12:00:00 AM,5:53AM,,18:07:00,LBS    ,541.000,541.000,0.000,Plus Materials                                    ,,0.0000,0.0000,0.0000,,,0,0,
15260,6/4/2026 12:00:00 AM,Plus Monroe Warehouse                        ,COMPLETED,GUILLOTINE (1ST SHIFT),Posted,6/5/2026 12:00:00 AM,5:53AM,,18:07:00,LBS    ,6166.000,6166.000,0.000,Plus Materials                                    ,,616.6000,616.6000,0.0000,,,0,0,
15261,6/4/2026 12:00:00 AM,Plus Monroe Warehouse                        ,COMPLETED,SHREDDER (1ST SHIFT),Posted,6/5/2026 12:00:00 AM,5:53AM,,18:07:00,LBS    ,1428.000,1428.000,0.000,Plus Materials                                    ,,161.4486,161.4500,0.0000,,,0,0,
15262,6/4/2026 12:00:00 AM,Monroe Processing Warehouse                  ,COMPLETED,SHREDDER/GRINDER (1ST SHIFT),Posted,6/5/2026 12:00:00 AM,5:53AM,,18:07:00,LBS    ,5089.000,5089.000,0.000,Plus Materials                                    ,,508.9000,508.9000,0.0000,,,0,0,
15264,6/4/2026 12:00:00 AM,Plus Monroe Warehouse                        ,COMPLETED,AUTO-TIE BALER (2ND SHIFT),Posted,6/5/2026 12:00:00 AM,5:54AM,,18:06:00,LBS    ,5796.000,5796.000,0.000,Plus Materials                                    ,,0.0000,0.0000,0.0000,,,3,0,
15268,6/4/2026 12:00:00 AM,Plus Monroe Warehouse                        ,COMPLETED,EXTRUDER (2ND SHIFT),Posted,6/5/2026 12:00:00 AM,5:54AM,,18:06:00,LBS    ,2838.000,2838.000,0.000,Plus Materials                                    ,,283.8000,283.8000,0.0000,,,0,0,
15270,6/4/2026 12:00:00 AM,Plus Monroe Warehouse                        ,COMPLETED,GUILLOTINE (2ND SHIFT),Posted,6/5/2026 12:00:00 AM,5:55AM,,18:05:00,LBS    ,8853.000,8853.000,0.000,Plus Materials                                    ,,1193.3573,1193.3400,0.0000,,,0,0,
15272,6/4/2026 12:00:00 AM,Monroe Processing Warehouse                  ,COMPLETED,SHREDDER/GRINDER (2ND SHIFT),Posted,6/5/2026 12:00:00 AM,5:55AM,,18:05:00,LBS    ,2415.000,2415.000,0.000,Plus Materials                                    ,,241.5000,241.5000,0.0000,,,0,0,
15278,6/4/2026 12:00:00 AM,Plus Monroe Warehouse                        ,COMPLETED,EXTRUDER (3RD SHIFT),Posted,6/5/2026 12:00:00 AM,5:56AM,,18:04:00,LBS    ,6154.000,6154.000,0.000,Plus Materials                                    ,,914.6076,914.6000,0.0000,,,0,0,
15280,6/4/2026 12:00:00 AM,Plus Monroe Warehouse                        ,COMPLETED,GUILLOTINE (3RD SHIFT),Posted,6/5/2026 12:00:00 AM,5:57AM,,18:03:00,LBS    ,6805.000,6805.000,0.000,Plus Materials                                    ,,1011.3578,1011.3600,0.0000,,,0,0,
15285,6/4/2026 12:00:00 AM,Plus Ryder Midwest                           ,COMPLETED,BOGUS,Posted,6/4/2026 12:00:00 AM,6:05AM,,17:55:00,LBS    ,8913.000,8913.000,0.000,Plus Materials                                    ,,780.7837,780.7800,0.0000,,,17,1,
15286,6/4/2026 12:00:00 AM,Plus Ryder Midwest                           ,COMPLETED,BOGUS,Posted,6/4/2026 12:00:00 AM,2:26PM,,09:34:00,LBS    ,22733.000,22733.000,0.000,Plus Materials                                    ,,2500.6300,2500.6300,0.0000,,,14,1,
15287,6/4/2026 12:00:00 AM,Plus Ryder Midwest                           ,COMPLETED,BOGUS,Posted,6/4/2026 12:00:00 AM,2:30PM,,09:30:00,LBS    ,7941.000,7941.000,0.000,Plus Materials                                    ,,615.4275,615.4300,0.0000,,,34,1,
15288,6/5/2026 12:00:00 AM,Plus Monroe Warehouse                        ,COMPLETED,AUTO-TIE BALER (1ST SHIFT),Posted,6/8/2026 12:00:00 AM,5:46AM,,18:14:00,LBS    ,4549.000,4549.000,0.000,Plus Materials                                    ,,0.0000,0.0000,0.0000,,,16,4,
15292,6/5/2026 12:00:00 AM,Plus Monroe Warehouse                        ,COMPLETED,EXTRUDER (1ST SHIFT),Posted,6/8/2026 12:00:00 AM,5:47AM,,18:13:00,LBS    ,7265.000,7265.000,0.000,Plus Materials                                    ,,1158.5662,1158.5800,0.0000,,,25,0,
15293,6/5/2026 12:00:00 AM,Plus Monroe Warehouse                        ,COMPLETED,GREEN MAX (NEW) (1ST SHIFT),Posted,6/8/2026 12:00:00 AM,5:47AM,,18:13:00,LBS    ,527.000,527.000,0.000,Plus Materials                                    ,,0.0000,0.0000,0.0000,,,0,0,
15294,6/5/2026 12:00:00 AM,Plus Monroe Warehouse                        ,COMPLETED,GUILLOTINE (1ST SHIFT),Posted,6/8/2026 12:00:00 AM,5:47AM,,18:13:00,LBS    ,7318.000,7318.000,0.000,Plus Materials                                    ,,731.8000,731.8000,0.0000,,,0,0,
15295,6/5/2026 12:00:00 AM,Plus Monroe Warehouse                        ,COMPLETED,SHREDDER (1ST SHIFT),Posted,6/8/2026 12:00:00 AM,5:47AM,,18:13:00,LBS    ,878.000,878.000,0.000,Plus Materials                                    ,,32.0843,32.0800,0.0000,,,0,0,
15296,6/5/2026 12:00:00 AM,Monroe Processing Warehouse                  ,COMPLETED,SHREDDER/GRINDER (1ST SHIFT),Posted,6/8/2026 12:00:00 AM,5:47AM,,18:13:00,LBS    ,4402.000,4402.000,0.000,Plus Materials                                    ,,440.2000,440.2000,0.0000,,,0,0,
15298,6/5/2026 12:00:00 AM,Plus Monroe Warehouse                        ,COMPLETED,AUTO-TIE BALER (2ND SHIFT),Posted,6/8/2026 12:00:00 AM,5:48AM,,18:12:00,LBS    ,2165.000,2165.000,0.000,Plus Materials                                    ,,0.0000,0.0000,0.0000,,,3,0,
15302,6/5/2026 12:00:00 AM,Plus Monroe Warehouse                        ,COMPLETED,EXTRUDER (2ND SHIFT),Posted,6/8/2026 12:00:00 AM,5:48AM,,18:12:00,LBS    ,3202.000,3202.000,0.000,Plus Materials                                    ,,128.0800,128.0800,0.0000,,,0,0,
15304,6/5/2026 12:00:00 AM,Plus Monroe Warehouse                        ,COMPLETED,GUILLOTINE (2ND SHIFT),Posted,6/8/2026 12:00:00 AM,5:49AM,,18:11:00,LBS    ,8327.000,8327.000,0.000,Plus Materials                                    ,,491.6400,491.6200,0.0000,,,12,0,
15312,6/5/2026 12:00:00 AM,Plus Monroe Warehouse                        ,COMPLETED,EXTRUDER (3RD SHIFT),Posted,6/8/2026 12:00:00 AM,5:50AM,,18:10:00,LBS    ,5003.000,5003.000,0.000,Plus Materials                                    ,,600.3600,600.3600,0.0000,,,200,0,
15314,6/5/2026 12:00:00 AM,Plus Monroe Warehouse                        ,COMPLETED,GUILLOTINE (3RD SHIFT),Posted,6/8/2026 12:00:00 AM,5:51AM,,18:09:00,LBS    ,6261.000,6261.000,0.000,Plus Materials                                    ,,751.3200,751.3200,0.0000,,,0,0,
15319,6/8/2026 12:00:00 AM,Plus Monroe Warehouse                        ,COMPLETED,AUTO-TIE BALER (1ST SHIFT),Posted,6/9/2026 12:00:00 AM,5:07AM,,18:53:00,LBS    ,6310.000,6310.000,0.000,Plus Materials                                    ,,0.0000,0.0000,0.0000,,,63,6,
15323,6/8/2026 12:00:00 AM,Plus Monroe Warehouse                        ,COMPLETED,EXTRUDER (1ST SHIFT),Posted,6/9/2026 12:00:00 AM,5:08AM,,18:52:00,LBS    ,6434.000,6434.000,0.000,Plus Materials                                    ,,772.0800,772.0800,0.0000,,,0,0,
15325,6/8/2026 12:00:00 AM,Plus Monroe Warehouse                        ,COMPLETED,GUILLOTINE (1ST SHIFT),Posted,6/9/2026 12:00:00 AM,5:08AM,,18:52:00,LBS    ,5139.000,5139.000,0.000,Plus Materials                                    ,,288.6296,288.6300,0.0000,,,0,1,
15326,6/8/2026 12:00:00 AM,Plus Monroe Warehouse                        ,COMPLETED,SHREDDER (1ST SHIFT),Posted,6/9/2026 12:00:00 AM,5:08AM,,18:52:00,LBS    ,2534.000,2534.000,0.000,Plus Materials                                    ,,253.4000,253.4000,0.0000,,,0,0,
15327,6/8/2026 12:00:00 AM,Monroe Processing Warehouse                  ,COMPLETED,SHREDDER/GRINDER (1ST SHIFT),Posted,6/9/2026 12:00:00 AM,5:09AM,,18:51:00,LBS    ,4749.000,4749.000,0.000,Plus Materials                                    ,,327.3000,327.3000,0.0000,,,0,0,
15329,6/8/2026 12:00:00 AM,Plus Monroe Warehouse                        ,COMPLETED,AUTO-TIE BALER (2ND SHIFT),Posted,6/9/2026 12:00:00 AM,5:09AM,,18:51:00,LBS    ,8225.000,8542.000,-317.000,Plus Materials                                    ,,0.0000,0.0000,0.0000,,,0,0,
15333,6/8/2026 12:00:00 AM,Plus Monroe Warehouse                        ,COMPLETED,EXTRUDER (2ND SHIFT),Posted,6/9/2026 12:00:00 AM,5:10AM,,18:50:00,LBS    ,6333.000,6333.000,0.000,Plus Materials                                    ,,1009.9370,1009.9500,0.0000,,,0,0,
15335,6/8/2026 12:00:00 AM,Plus Monroe Warehouse                        ,COMPLETED,GUILLOTINE (2ND SHIFT),Posted,6/9/2026 12:00:00 AM,5:10AM,,18:50:00,LBS    ,9425.000,9425.000,0.000,Plus Materials                                    ,,1503.0288,1503.0300,0.0000,,,0,0,
15343,6/8/2026 12:00:00 AM,Plus Monroe Warehouse                        ,COMPLETED,EXTRUDER (3RD SHIFT),Posted,6/9/2026 12:00:00 AM,5:11AM,,18:49:00,LBS    ,5032.000,5032.000,0.000,Plus Materials                                    ,,743.2696,743.2700,0.0000,,,0,0,
15345,6/8/2026 12:00:00 AM,Plus Monroe Warehouse                        ,COMPLETED,GUILLOTINE (3RD SHIFT),Posted,6/9/2026 12:00:00 AM,5:12AM,,18:48:00,LBS    ,6447.000,6447.000,0.000,Plus Materials                                    ,,1028.1185,1028.1100,0.0000,,,0,0,
15349,6/8/2026 12:00:00 AM,PRN Southeast                                ,COMPLETED,BALER,Posted,6/9/2026 12:00:00 AM,5:12AM,,18:48:00,LBS    ,5463.000,9090.000,-3627.000,Plus Materials                                    ,,255.7000,528.8500,273.1500,,,25,6,
15350,6/9/2026 12:00:00 AM,Plus Monroe Warehouse                        ,COMPLETED,AUTO-TIE BALER (1ST SHIFT),Posted,6/10/2026 12:00:00 AM,5:52AM,,18:08:00,LBS    ,2664.000,2664.000,0.000,Plus Materials                                    ,,106.5600,106.5600,0.0000,,,8,2,
15354,6/9/2026 12:00:00 AM,Plus Monroe Warehouse                        ,COMPLETED,EXTRUDER (1ST SHIFT),Posted,6/10/2026 12:00:00 AM,5:53AM,,18:07:00,LBS    ,8518.000,8518.000,0.000,Plus Materials                                    ,,1423.9084,1423.9100,0.0000,,,24,0,
15355,6/9/2026 12:00:00 AM,Plus Monroe Warehouse                        ,COMPLETED,GREEN MAX (NEW) (1ST SHIFT),Posted,6/10/2026 12:00:00 AM,5:53AM,,18:07:00,LBS    ,700.000,700.000,0.000,Plus Materials                                    ,,0.0000,0.0000,0.0000,,,0,0,
15356,6/9/2026 12:00:00 AM,Plus Monroe Warehouse                        ,COMPLETED,GUILLOTINE (1ST SHIFT),Posted,6/10/2026 12:00:00 AM,5:53AM,,18:07:00,LBS    ,5920.000,5920.000,0.000,Plus Materials                                    ,,989.6141,989.6200,0.0000,,,0,0,
15357,6/9/2026 12:00:00 AM,Plus Monroe Warehouse                        ,COMPLETED,SHREDDER (1ST SHIFT),Posted,6/10/2026 12:00:00 AM,5:53AM,,18:07:00,LBS    ,3559.000,3559.000,0.000,Plus Materials                                    ,,413.3456,413.3400,0.0000,,,6,0,
15358,6/9/2026 12:00:00 AM,Monroe Processing Warehouse                  ,COMPLETED,SHREDDER/GRINDER (1ST SHIFT),Posted,6/10/2026 12:00:00 AM,5:53AM,,18:07:00,LBS    ,5039.000,5039.000,0.000,Plus Materials                                    ,,0.0000,0.0000,0.0000,,,0,0,
15360,6/9/2026 12:00:00 AM,Plus Monroe Warehouse                        ,COMPLETED,AUTO-TIE BALER (2ND SHIFT),Posted,6/10/2026 12:00:00 AM,5:54AM,,18:06:00,LBS    ,2192.000,2192.000,0.000,Plus Materials                                    ,,237.6853,237.6900,0.0000,,,1,0,
15364,6/9/2026 12:00:00 AM,Plus Monroe Warehouse                        ,COMPLETED,EXTRUDER (2ND SHIFT),Posted,6/10/2026 12:00:00 AM,5:54AM,,18:06:00,LBS    ,6472.000,6472.000,0.000,Plus Materials                                    ,,1081.8912,1081.9000,0.0000,,,0,0,
15366,6/9/2026 12:00:00 AM,Plus Monroe Warehouse                        ,COMPLETED,GUILLOTINE (2ND SHIFT),Posted,6/10/2026 12:00:00 AM,5:55AM,,18:05:00,LBS    ,8730.000,8730.000,0.000,Plus Materials                                    ,,87.3000,87.3000,0.0000,,,40,0,
15368,6/9/2026 12:00:00 AM,Monroe Processing Warehouse                  ,COMPLETED,SHREDDER/GRINDER (2ND SHIFT),Posted,6/10/2026 12:00:00 AM,5:55AM,,18:05:00,LBS    ,8472.000,8472.000,0.000,Plus Materials                                    ,,423.6000,423.6000,0.0000,,,0,0,
15374,6/9/2026 12:00:00 AM,Plus Monroe Warehouse                        ,COMPLETED,EXTRUDER (3RD SHIFT),Posted,6/10/2026 12:00:00 AM,5:56AM,,18:04:00,LBS    ,6356.000,6356.000,0.000,Plus Materials                                    ,,762.7200,762.7200,0.0000,,,10,0,
15380,6/9/2026 12:00:00 AM,PRN Southeast                                ,COMPLETED,BALER,Posted,6/10/2026 12:00:00 AM,5:57AM,,18:03:00,LBS    ,819.000,7465.000,-6646.000,Plus Materials                                    ,,31.7000,72.6400,40.9500,,,3,6,
15381,6/9/2026 12:00:00 AM,Plus Ryder Midwest                           ,COMPLETED,BOGUS,Posted,6/9/2026 12:00:00 AM,11:55AM,,12:05:00,LBS    ,3626.000,3626.000,0.000,Plus Materials                                    ,,688.9400,688.9400,0.0000,,,39,1,
15382,6/9/2026 12:00:00 AM,Plus Ryder Midwest                           ,COMPLETED,BOGUS,Posted,6/9/2026 12:00:00 AM,11:56AM,,12:04:00,LBS    ,1730.000,1730.000,0.000,Plus Materials                                    ,,306.6979,306.7000,0.0000,,,19,1,
15383,6/10/2026 12:00:00 AM,Plus Monroe Warehouse                        ,COMPLETED,AUTO-TIE BALER (1ST SHIFT),Posted,6/11/2026 12:00:00 AM,5:49AM,,18:11:00,LBS    ,3284.000,3284.000,0.000,Plus Materials                                    ,,449.0203,449.0200,0.0000,,,0,2,
15387,6/10/2026 12:00:00 AM,Plus Monroe Warehouse                        ,COMPLETED,EXTRUDER (1ST SHIFT),Posted,6/11/2026 12:00:00 AM,5:49AM,,18:11:00,LBS    ,8900.000,8900.000,0.000,Plus Materials                                    ,,89.0000,89.0000,0.0000,,,137,0,
15388,6/10/2026 12:00:00 AM,Plus Monroe Warehouse                        ,COMPLETED,GREEN MAX (NEW) (1ST SHIFT),Posted,6/11/2026 12:00:00 AM,5:49AM,,18:11:00,LBS    ,745.000,745.000,0.000,Plus Materials                                    ,,0.0000,0.0000,0.0000,,,0,0,
15389,6/10/2026 12:00:00 AM,Plus Monroe Warehouse                        ,COMPLETED,GUILLOTINE (1ST SHIFT),Posted,6/11/2026 12:00:00 AM,5:50AM,,18:10:00,LBS    ,2057.000,2057.000,0.000,Plus Materials                                    ,,215.9850,215.9900,0.0000,,,0,0,
15390,6/10/2026 12:00:00 AM,Plus Monroe Warehouse                        ,COMPLETED,SHREDDER (1ST SHIFT),Posted,6/11/2026 12:00:00 AM,5:50AM,,18:10:00,LBS    ,997.000,997.000,0.000,Plus Materials                                    ,,6.8369,6.8400,0.0000,,,0,0,
15391,6/10/2026 12:00:00 AM,Monroe Processing Warehouse                  ,COMPLETED,SHREDDER/GRINDER (1ST SHIFT),Posted,6/11/2026 12:00:00 AM,5:50AM,,18:10:00,LBS    ,5960.000,5960.000,0.000,Plus Materials                                    ,,298.0000,298.0000,0.0000,,,15,0,
15393,6/10/2026 12:00:00 AM,Plus Monroe Warehouse                        ,COMPLETED,AUTO-TIE BALER (2ND SHIFT),Posted,6/11/2026 12:00:00 AM,5:50AM,,18:10:00,LBS    ,4526.000,4526.000,0.000,Plus Materials                                    ,,0.0000,0.0000,0.0000,,,48,0,
15397,6/10/2026 12:00:00 AM,Plus Monroe Warehouse                        ,COMPLETED,EXTRUDER (2ND SHIFT),Posted,6/11/2026 12:00:00 AM,5:51AM,,18:09:00,LBS    ,6347.000,6347.000,0.000,Plus Materials                                    ,,63.4700,63.4700,0.0000,,,1,0,
15399,6/10/2026 12:00:00 AM,Plus Monroe Warehouse                        ,COMPLETED,GUILLOTINE (2ND SHIFT),Posted,6/11/2026 12:00:00 AM,5:51AM,,18:09:00,LBS    ,10138.000,10138.000,0.000,Plus Materials                                    ,,1604.5874,1604.5800,0.0000,,,0,0,
15401,6/10/2026 12:00:00 AM,Monroe Processing Warehouse                  ,COMPLETED,SHREDDER/GRINDER (2ND SHIFT),Posted,6/11/2026 12:00:00 AM,5:52AM,,18:08:00,LBS    ,4822.000,4822.000,0.000,Plus Materials                                    ,,241.1000,241.1000,0.0000,,,0,0,
15407,6/10/2026 12:00:00 AM,Plus Monroe Warehouse                        ,COMPLETED,EXTRUDER (3RD SHIFT),Posted,6/11/2026 12:00:00 AM,5:52AM,,18:08:00,LBS    ,6713.000,6713.000,0.000,Plus Materials                                    ,,805.5600,805.5600,0.0000,,,10,0,
15409,6/10/2026 12:00:00 AM,Plus Monroe Warehouse                        ,COMPLETED,GUILLOTINE (3RD SHIFT),Posted,6/11/2026 12:00:00 AM,5:53AM,,18:07:00,LBS    ,6297.000,6297.000,0.000,Plus Materials                                    ,,62.9700,62.9700,0.0000,,,1,0,
15414,6/11/2026 12:00:00 AM,Plus Monroe Warehouse                        ,COMPLETED,AUTO-TIE BALER (1ST SHIFT),Posted,6/12/2026 12:00:00 AM,5:51AM,,18:09:00,LBS    ,6373.000,6373.000,0.000,Plus Materials                                    ,,0.0000,0.0000,0.0000,,,47,6,
15418,6/11/2026 12:00:00 AM,Plus Monroe Warehouse                        ,COMPLETED,EXTRUDER (1ST SHIFT),Posted,6/12/2026 12:00:00 AM,5:51AM,,18:09:00,LBS    ,7071.000,7071.000,0.000,Plus Materials                                    ,,1052.2887,1052.2800,0.0000,,,0,0,
15419,6/11/2026 12:00:00 AM,Plus Monroe Warehouse                        ,COMPLETED,GREEN MAX (NEW) (1ST SHIFT),Posted,6/12/2026 12:00:00 AM,5:51AM,,18:09:00,LBS    ,700.000,700.000,0.000,Plus Materials                                    ,,0.0000,0.0000,0.0000,,,1,0,
15420,6/11/2026 12:00:00 AM,Plus Monroe Warehouse                        ,COMPLETED,GUILLOTINE (1ST SHIFT),Posted,6/12/2026 12:00:00 AM,5:52AM,,18:08:00,LBS    ,8230.000,8230.000,0.000,Plus Materials                                    ,,82.3000,82.3000,0.0000,,,0,0,
15421,6/11/2026 12:00:00 AM,Plus Monroe Warehouse                        ,COMPLETED,SHREDDER (1ST SHIFT),Posted,6/12/2026 12:00:00 AM,5:52AM,,18:08:00,LBS    ,2179.000,2179.000,0.000,Plus Materials                                    ,,77.7078,77.7100,0.0000,,,0,0,
15422,6/11/2026 12:00:00 AM,Monroe Processing Warehouse                  ,COMPLETED,SHREDDER/GRINDER (1ST SHIFT),Posted,6/12/2026 12:00:00 AM,5:52AM,,18:08:00,LBS    ,7251.000,7251.000,0.000,Plus Materials                                    ,,766.9294,766.9300,0.0000,,,0,0,
15424,6/11/2026 12:00:00 AM,Plus Monroe Warehouse                        ,COMPLETED,AUTO-TIE BALER (2ND SHIFT),Posted,6/12/2026 12:00:00 AM,5:52AM,,18:08:00,LBS    ,6337.000,6337.000,0.000,Plus Materials                                    ,,0.0000,0.0000,0.0000,,,0,0,
15428,6/11/2026 12:00:00 AM,Plus Monroe Warehouse                        ,COMPLETED,EXTRUDER (2ND SHIFT),Posted,6/12/2026 12:00:00 AM,5:53AM,,18:07:00,LBS    ,6452.000,6452.000,0.000,Plus Materials                                    ,,574.5900,574.5900,0.0000,,,3,0,
15430,6/11/2026 12:00:00 AM,Plus Monroe Warehouse                        ,COMPLETED,GUILLOTINE (2ND SHIFT),Posted,6/12/2026 12:00:00 AM,5:53AM,,18:07:00,LBS    ,9643.000,9643.000,0.000,Plus Materials                                    ,,1039.8300,1039.8300,0.0000,,,0,0,
15432,6/11/2026 12:00:00 AM,Monroe Processing Warehouse                  ,COMPLETED,SHREDDER/GRINDER (2ND SHIFT),Posted,6/12/2026 12:00:00 AM,5:54AM,,18:06:00,LBS    ,6697.000,6697.000,0.000,Plus Materials                                    ,,708.3333,708.3400,0.0000,,,0,0,
15438,6/11/2026 12:00:00 AM,Plus Monroe Warehouse                        ,COMPLETED,EXTRUDER (3RD SHIFT),Posted,6/12/2026 12:00:00 AM,5:54AM,,18:06:00,LBS    ,6324.000,6324.000,0.000,Plus Materials                                    ,,0.0000,0.0000,0.0000,,,12,0,
15440,6/11/2026 12:00:00 AM,Plus Monroe Warehouse                        ,COMPLETED,GUILLOTINE (3RD SHIFT),Posted,6/12/2026 12:00:00 AM,5:55AM,,18:05:00,LBS    ,8108.000,8108.000,0.000,Plus Materials                                    ,,81.0800,81.0800,0.0000,,,0,0,
15444,6/11/2026 12:00:00 AM,PRN Southeast                                ,COMPLETED,BALER,Posted,6/12/2026 12:00:00 AM,5:55AM,,18:05:00,LBS    ,918.000,2740.000,-1822.000,Plus Materials                                    ,,52.1500,98.0500,45.9000,,,2,2,
15449,6/12/2026 12:00:00 AM,Plus Monroe Warehouse                        ,COMPLETED,EXTRUDER (1ST SHIFT),Posted,6/15/2026 12:00:00 AM,5:50AM,,18:10:00,LBS    ,9030.000,9030.000,0.000,Plus Materials                                    ,,993.3000,993.3000,0.0000,,,39,0,
15450,6/12/2026 12:00:00 AM,Plus Monroe Warehouse                        ,COMPLETED,GREEN MAX (NEW) (1ST SHIFT),Posted,6/15/2026 12:00:00 AM,5:50AM,,18:10:00,LBS    ,1012.000,1012.000,0.000,Plus Materials                                    ,,52.7098,52.7100,0.0000,,,0,0,
15451,6/12/2026 12:00:00 AM,Plus Monroe Warehouse                        ,COMPLETED,GUILLOTINE (1ST SHIFT),Posted,6/15/2026 12:00:00 AM,5:50AM,,18:10:00,LBS    ,9042.000,9042.000,0.000,Plus Materials                                    ,,994.6200,994.6200,0.0000,,,0,0,
15453,6/12/2026 12:00:00 AM,Monroe Processing Warehouse                  ,COMPLETED,SHREDDER/GRINDER (1ST SHIFT),Posted,6/15/2026 12:00:00 AM,5:51AM,,18:09:00,LBS    ,6008.000,6008.000,0.000,Plus Materials                                    ,,635.4602,635.4600,0.0000,,,0,0,
15455,6/12/2026 12:00:00 AM,Plus Monroe Warehouse                        ,COMPLETED,AUTO-TIE BALER (2ND SHIFT),Posted,6/15/2026 12:00:00 AM,5:51AM,,18:09:00,LBS    ,8030.000,8030.000,0.000,Plus Materials                                    ,,0.0000,0.0000,0.0000,,,85,0,
15461,6/12/2026 12:00:00 AM,Plus Monroe Warehouse                        ,COMPLETED,GUILLOTINE (2ND SHIFT),Posted,6/15/2026 12:00:00 AM,5:52AM,,18:08:00,LBS    ,10185.000,10185.000,0.000,Plus Materials                                    ,,1120.3500,1120.3500,0.0000,,,0,0,
15462,6/12/2026 12:00:00 AM,Plus Monroe Warehouse                        ,COMPLETED,SHREDDER/GRINDER (2ND SHIFT),Posted,6/15/2026 12:00:00 AM,5:52AM,,18:08:00,LBS    ,5671.000,5671.000,0.000,Plus Materials                                    ,,599.8161,599.8300,0.0000,,,0,0,
15471,6/12/2026 12:00:00 AM,Plus Monroe Warehouse                        ,COMPLETED,GUILLOTINE (3RD SHIFT),Posted,6/15/2026 12:00:00 AM,5:54AM,,18:06:00,LBS    ,14879.000,14879.000,0.000,Plus Materials                                    ,,1636.6900,1636.6900,0.0000,,,51,0,
15476,6/15/2026 12:00:00 AM,Plus Monroe Warehouse                        ,COMPLETED,AUTO-TIE BALER (1ST SHIFT),Posted,6/16/2026 12:00:00 AM,4:54AM,,19:06:00,LBS    ,4557.000,4557.000,0.000,Plus Materials                                    ,,0.0000,0.0000,0.0000,,,9,4,
15481,6/15/2026 12:00:00 AM,Plus Monroe Warehouse                        ,COMPLETED,GREEN MAX (NEW) (1ST SHIFT),Posted,6/16/2026 12:00:00 AM,4:55AM,,19:05:00,LBS    ,1949.000,1949.000,0.000,Plus Materials                                    ,,0.0000,0.0000,0.0000,,,0,0,
15482,6/15/2026 12:00:00 AM,Plus Monroe Warehouse                        ,COMPLETED,GUILLOTINE (1ST SHIFT),Posted,6/16/2026 12:00:00 AM,4:55AM,,19:05:00,LBS    ,8533.000,8533.000,0.000,Plus Materials                                    ,,-85.5100,-85.5100,0.0000,,,12,0,
15484,6/15/2026 12:00:00 AM,Monroe Processing Warehouse                  ,COMPLETED,SHREDDER/GRINDER (1ST SHIFT),Posted,6/16/2026 12:00:00 AM,4:55AM,,19:05:00,LBS    ,5553.000,5553.000,0.000,Plus Materials                                    ,,584.7433,584.7300,0.0000,,,33,0,
15486,6/15/2026 12:00:00 AM,Plus Monroe Warehouse                        ,COMPLETED,AUTO-TIE BALER (2ND SHIFT),Posted,6/16/2026 12:00:00 AM,4:56AM,,19:04:00,LBS    ,1435.000,4619.000,-3184.000,Plus Materials                                    ,,0.0000,0.0000,0.0000,,,8,0,
15492,6/15/2026 12:00:00 AM,Plus Monroe Warehouse                        ,COMPLETED,GUILLOTINE (2ND SHIFT),Posted,6/16/2026 12:00:00 AM,4:57AM,,19:03:00,LBS    ,8849.000,8849.000,0.000,Plus Materials                                    ,,815.0858,815.0900,0.0000,,,0,0,
15493,6/15/2026 12:00:00 AM,Plus Monroe Warehouse                        ,COMPLETED,SHREDDER/GRINDER (2ND SHIFT),Posted,6/16/2026 12:00:00 AM,4:57AM,,19:03:00,LBS    ,7144.000,7144.000,0.000,Plus Materials                                    ,,357.2000,357.2000,0.0000,,,0,0,
15502,6/15/2026 12:00:00 AM,Plus Monroe Warehouse                        ,COMPLETED,GUILLOTINE (3RD SHIFT),Posted,6/16/2026 12:00:00 AM,4:58AM,,19:02:00,LBS    ,10207.000,10207.000,0.000,Plus Materials                                    ,,510.3500,510.3500,0.0000,,,20,0,
15504,6/15/2026 12:00:00 AM,Monroe Processing Warehouse                  ,COMPLETED,SHREDDER/GRINDER (3RD SHIFT),Posted,6/16/2026 12:00:00 AM,4:58AM,,19:02:00,LBS    ,5302.000,5302.000,0.000,Plus Materials                                    ,,265.1000,265.1000,0.0000,,,0,0,
15507,6/16/2026 12:00:00 AM,Plus Monroe Warehouse                        ,COMPLETED,AUTO-TIE BALER (1ST SHIFT),Posted,6/17/2026 12:00:00 AM,5:44AM,,18:16:00,LBS    ,8120.000,8436.000,-316.000,Plus Materials                                    ,,0.0000,0.0000,0.0000,,,38,7,
15511,6/16/2026 12:00:00 AM,Plus Monroe Warehouse                        ,COMPLETED,EXTRUDER (1ST SHIFT),Posted,6/17/2026 12:00:00 AM,5:45AM,,18:15:00,LBS    ,3100.000,3100.000,0.000,Plus Materials                                    ,,372.0000,372.0000,0.0000,,,0,0,
15512,6/16/2026 12:00:00 AM,Plus Monroe Warehouse                        ,COMPLETED,GREEN MAX (NEW) (1ST SHIFT),Posted,6/17/2026 12:00:00 AM,5:45AM,,18:15:00,LBS    ,807.000,807.000,0.000,Plus Materials                                    ,,0.0000,0.0000,0.0000,,,0,0,
15513,6/16/2026 12:00:00 AM,Plus Monroe Warehouse                        ,COMPLETED,GUILLOTINE (1ST SHIFT),Posted,6/17/2026 12:00:00 AM,5:45AM,,18:15:00,LBS    ,2423.000,2423.000,0.000,Plus Materials                                    ,,331.2963,331.3000,0.0000,,,0,0,
15515,6/16/2026 12:00:00 AM,Monroe Processing Warehouse                  ,COMPLETED,SHREDDER/GRINDER (1ST SHIFT),Posted,6/17/2026 12:00:00 AM,5:46AM,,18:14:00,LBS    ,6802.000,6802.000,0.000,Plus Materials                                    ,,408.1200,408.1200,0.0000,,,55,0,
15517,6/16/2026 12:00:00 AM,Plus Monroe Warehouse                        ,COMPLETED,AUTO-TIE BALER (2ND SHIFT),Posted,6/17/2026 12:00:00 AM,5:46AM,,18:14:00,LBS    ,2168.000,3517.000,-1349.000,Plus Materials                                    ,,0.0000,0.0000,0.0000,,,2,0,
15521,6/16/2026 12:00:00 AM,Plus Monroe Warehouse                        ,COMPLETED,EXTRUDER (2ND SHIFT),Posted,6/17/2026 12:00:00 AM,5:47AM,,18:13:00,LBS    ,8001.000,8001.000,0.000,Plus Materials                                    ,,960.1200,960.1200,0.0000,,,10,0,
15523,6/16/2026 12:00:00 AM,Plus Monroe Warehouse                        ,COMPLETED,GUILLOTINE (2ND SHIFT),Posted,6/17/2026 12:00:00 AM,5:47AM,,18:13:00,LBS    ,8944.000,8944.000,0.000,Plus Materials                                    ,,536.6400,536.6400,0.0000,,,0,0,
15525,6/16/2026 12:00:00 AM,Monroe Processing Warehouse                  ,COMPLETED,SHREDDER/GRINDER (2ND SHIFT),Posted,6/17/2026 12:00:00 AM,5:47AM,,18:13:00,LBS    ,7386.000,7386.000,0.000,Plus Materials                                    ,,443.1600,443.1600,0.0000,,,60,0,
15531,6/16/2026 12:00:00 AM,Plus Monroe Warehouse                        ,COMPLETED,EXTRUDER (3RD SHIFT),Posted,6/17/2026 12:00:00 AM,5:48AM,,18:12:00,LBS    ,5930.000,5930.000,0.000,Plus Materials                                    ,,652.3000,652.3000,0.0000,,,0,0,
15533,6/16/2026 12:00:00 AM,Plus Monroe Warehouse                        ,COMPLETED,GUILLOTINE (3RD SHIFT),Posted,6/17/2026 12:00:00 AM,5:49AM,,18:11:00,LBS    ,6556.000,6556.000,0.000,Plus Materials                                    ,,721.1600,721.1600,0.0000,,,0,0,
15537,6/16/2026 12:00:00 AM,PRN Southeast                                ,COMPLETED,BALER,Posted,6/17/2026 12:00:00 AM,5:50AM,,18:10:00,LBS    ,1277.000,2635.000,-1358.000,Plus Materials                                    ,,0.0000,63.8500,63.8500,,,8,2,
15538,6/17/2026 12:00:00 AM,PRN Southeast                                ,COMPLETED,BALER,Posted,6/18/2026 12:00:00 AM,5:35AM,,18:25:00,LBS    ,3353.000,4566.000,-1213.000,Plus Materials                                    ,,164.4000,332.0500,167.6500,,,14,2,
15539,6/17/2026 12:00:00 AM,Plus Monroe Warehouse                        ,COMPLETED,AUTO-TIE BALER (1ST SHIFT),Posted,6/18/2026 12:00:00 AM,5:55AM,,18:05:00,LBS    ,8005.000,8005.000,0.000,Plus Materials                                    ,,182.9173,182.9300,0.0000,,,23,7,
15543,6/17/2026 12:00:00 AM,Plus Monroe Warehouse                        ,COMPLETED,EXTRUDER (1ST SHIFT),Posted,6/18/2026 12:00:00 AM,5:56AM,,18:04:00,LBS    ,7256.000,7256.000,0.000,Plus Materials                                    ,,870.7200,870.7200,0.0000,,,198,0,
15544,6/17/2026 12:00:00 AM,Plus Monroe Warehouse                        ,COMPLETED,GREEN MAX (NEW) (1ST SHIFT),Posted,6/18/2026 12:00:00 AM,5:56AM,,18:04:00,LBS    ,814.000,814.000,0.000,Plus Materials                                    ,,0.0000,0.0000,0.0000,,,0,0,
15545,6/17/2026 12:00:00 AM,Plus Monroe Warehouse                        ,COMPLETED,GUILLOTINE (1ST SHIFT),Posted,6/18/2026 12:00:00 AM,5:56AM,,18:04:00,LBS    ,5710.000,5710.000,0.000,Plus Materials                                    ,,316.9259,316.9000,0.0000,,,1,0,
15547,6/17/2026 12:00:00 AM,Monroe Processing Warehouse                  ,COMPLETED,SHREDDER/GRINDER (1ST SHIFT),Posted,6/18/2026 12:00:00 AM,5:57AM,,18:03:00,LBS    ,5453.000,5453.000,0.000,Plus Materials                                    ,,327.1800,327.1800,0.0000,,,0,0,
15549,6/17/2026 12:00:00 AM,Plus Monroe Warehouse                        ,COMPLETED,AUTO-TIE BALER (2ND SHIFT),Posted,6/18/2026 12:00:00 AM,5:57AM,,18:03:00,LBS    ,4630.000,4630.000,0.000,Plus Materials                                    ,,64.0683,64.0700,0.0000,,,36,0,
15553,6/17/2026 12:00:00 AM,Plus Monroe Warehouse                        ,COMPLETED,EXTRUDER (2ND SHIFT),Posted,6/18/2026 12:00:00 AM,5:58AM,,18:02:00,LBS    ,3253.000,3253.000,0.000,Plus Materials                                    ,,32.5300,32.5300,0.0000,,,3,0,
15557,6/17/2026 12:00:00 AM,Monroe Processing Warehouse                  ,COMPLETED,SHREDDER/GRINDER (2ND SHIFT),Posted,6/18/2026 12:00:00 AM,5:59AM,5:58PM,11:59:00,LBS    ,4315.000,4315.000,0.000,Plus Materials                                    ,,215.7500,215.7500,0.0000,,,0,0,
15563,6/17/2026 12:00:00 AM,Plus Monroe Warehouse                        ,COMPLETED,EXTRUDER (3RD SHIFT),Posted,6/18/2026 12:00:00 AM,6:00AM,,18:00:00,LBS    ,5070.000,5070.000,0.000,Plus Materials                                    ,,412.0500,412.0500,0.0000,,,0,0,
15565,6/17/2026 12:00:00 AM,Plus Monroe Warehouse                        ,COMPLETED,GUILLOTINE (3RD SHIFT),Posted,6/18/2026 12:00:00 AM,6:00AM,,18:00:00,LBS    ,8132.000,8132.000,0.000,Plus Materials                                    ,,975.8400,975.8400,0.0000,,,0,0,
15569,6/17/2026 12:00:00 AM,Plus Monroe Warehouse                        ,COMPLETED,GUILLOTINE (2ND SHIFT),Posted,6/18/2026 12:00:00 AM,4:40AM,,19:20:00,LBS    ,2591.000,2592.000,-1.000,Plus Materials                                    ,,310.9200,310.9200,0.0000,,,0,1,
15570,6/18/2026 12:00:00 AM,Plus Monroe Warehouse                        ,COMPLETED,AUTO-TIE BALER (1ST SHIFT),Posted,6/19/2026 12:00:00 AM,5:43AM,,18:17:00,LBS    ,4636.000,4636.000,0.000,Plus Materials                                    ,,0.0000,0.0000,0.0000,,,48,4,
15574,6/18/2026 12:00:00 AM,Plus Monroe Warehouse                        ,COMPLETED,EXTRUDER (1ST SHIFT),Posted,6/19/2026 12:00:00 AM,5:44AM,,18:16:00,LBS    ,8093.000,8093.000,0.000,Plus Materials                                    ,,80.9300,80.9300,0.0000,,,0,0,
15575,6/18/2026 12:00:00 AM,Plus Monroe Warehouse                        ,COMPLETED,GREEN MAX (NEW) (1ST SHIFT),Posted,6/19/2026 12:00:00 AM,5:44AM,,18:16:00,LBS    ,2106.000,2106.000,0.000,Plus Materials                                    ,,87.8974,87.9000,0.0000,,,0,0,
15576,6/18/2026 12:00:00 AM,Plus Monroe Warehouse                        ,COMPLETED,GUILLOTINE (1ST SHIFT),Posted,6/19/2026 12:00:00 AM,5:44AM,,18:16:00,LBS    ,12569.000,12569.000,0.000,Plus Materials                                    ,,1084.1400,1084.1700,0.0000,,,11,0,
15578,6/18/2026 12:00:00 AM,Monroe Processing Warehouse                  ,COMPLETED,SHREDDER/GRINDER (1ST SHIFT),Posted,6/19/2026 12:00:00 AM,5:45AM,,18:15:00,LBS    ,5908.000,5908.000,0.000,Plus Materials                                    ,,354.4800,354.4800,0.0000,,,0,0,
15580,6/18/2026 12:00:00 AM,Plus Monroe Warehouse                        ,COMPLETED,AUTO-TIE BALER (2ND SHIFT),Posted,6/19/2026 12:00:00 AM,5:45AM,,18:15:00,LBS    ,6563.000,6563.000,0.000,Plus Materials                                    ,,-13.4180,-13.4200,0.0000,,,17,0,
15584,6/18/2026 12:00:00 AM,Plus Monroe Warehouse                        ,COMPLETED,EXTRUDER (2ND SHIFT),Posted,6/19/2026 12:00:00 AM,5:46AM,,18:14:00,LBS    ,5572.000,5572.000,0.000,Plus Materials                                    ,,563.9900,563.9900,0.0000,,,0,0,
15586,6/18/2026 12:00:00 AM,Plus Monroe Warehouse                        ,COMPLETED,GUILLOTINE (2ND SHIFT),Posted,6/19/2026 12:00:00 AM,5:46AM,,18:14:00,LBS    ,9509.000,9509.000,0.000,Plus Materials                                    ,,673.3800,673.3700,0.0000,,,65,0,
15588,6/18/2026 12:00:00 AM,Monroe Processing Warehouse                  ,COMPLETED,SHREDDER/GRINDER (2ND SHIFT),Posted,6/19/2026 12:00:00 AM,5:46AM,,18:14:00,LBS    ,2962.000,2962.000,0.000,Plus Materials                                    ,,148.1000,148.1000,0.0000,,,0,0,
15594,6/18/2026 12:00:00 AM,Plus Monroe Warehouse                        ,COMPLETED,EXTRUDER (3RD SHIFT),Posted,6/19/2026 12:00:00 AM,5:47AM,,18:13:00,LBS    ,6322.000,6322.000,0.000,Plus Materials                                    ,,0.0000,0.0000,0.0000,,,0,0,
15596,6/18/2026 12:00:00 AM,Plus Monroe Warehouse                        ,COMPLETED,GUILLOTINE (3RD SHIFT),Posted,6/19/2026 12:00:00 AM,5:48AM,,18:12:00,LBS    ,7762.000,7762.000,0.000,Plus Materials                                    ,,465.7200,465.7200,0.0000,,,0,0,
15600,6/18/2026 12:00:00 AM,PRN Southeast                                ,COMPLETED,BALER,Posted,6/19/2026 12:00:00 AM,5:48AM,,18:12:00,LBS    ,2470.000,3240.000,-770.000,Plus Materials                                    ,,12.2000,135.7000,123.5000,,,2,2,
15601,6/19/2026 12:00:00 AM,Plus Monroe Warehouse                        ,COMPLETED,AUTO-TIE BALER (1ST SHIFT),Posted,6/22/2026 12:00:00 AM,5:49AM,,18:11:00,LBS    ,6366.000,6366.000,0.000,Plus Materials                                    ,,-199.3069,-199.3100,0.0000,,,0,4,
15605,6/19/2026 12:00:00 AM,Plus Monroe Warehouse                        ,COMPLETED,EXTRUDER (1ST SHIFT),Posted,6/22/2026 12:00:00 AM,5:50AM,,18:10:00,LBS    ,15698.000,15698.000,0.000,Plus Materials                                    ,,0.0000,0.0000,0.0000,,,12,1,
15606,6/19/2026 12:00:00 AM,Plus Monroe Warehouse                        ,COMPLETED,GREEN MAX (NEW) (1ST SHIFT),Posted,6/22/2026 12:00:00 AM,5:50AM,,18:10:00,LBS    ,1139.000,1139.000,0.000,Plus Materials                                    ,,0.0000,0.0000,0.0000,,,0,0,
15607,6/19/2026 12:00:00 AM,Plus Monroe Warehouse                        ,COMPLETED,GUILLOTINE (1ST SHIFT),Posted,6/22/2026 12:00:00 AM,5:50AM,,18:10:00,LBS    ,15182.000,15182.000,0.000,Plus Materials                                    ,,0.0000,0.0000,0.0000,,,48,1,
15609,6/19/2026 12:00:00 AM,Monroe Processing Warehouse                  ,COMPLETED,SHREDDER/GRINDER (1ST SHIFT),Posted,6/22/2026 12:00:00 AM,5:50AM,,18:10:00,LBS    ,6204.000,6204.000,0.000,Plus Materials                                    ,,372.2400,372.2400,0.0000,,,0,0,
15611,6/19/2026 12:00:00 AM,Plus Monroe Warehouse                        ,COMPLETED,AUTO-TIE BALER (2ND SHIFT),Posted,6/22/2026 12:00:00 AM,5:51AM,,18:09:00,LBS    ,4619.000,4619.000,0.000,Plus Materials                                    ,,0.0000,0.0000,0.0000,,,0,0,
15615,6/19/2026 12:00:00 AM,Plus Monroe Warehouse                        ,COMPLETED,EXTRUDER (2ND SHIFT),Posted,6/22/2026 12:00:00 AM,5:52AM,,18:08:00,LBS    ,4808.000,4808.000,0.000,Plus Materials                                    ,,0.0000,0.0000,0.0000,,,0,0,
15617,6/19/2026 12:00:00 AM,Plus Monroe Warehouse                        ,COMPLETED,GUILLOTINE (2ND SHIFT),Posted,6/22/2026 12:00:00 AM,5:52AM,,18:08:00,LBS    ,10099.000,10099.000,0.000,Plus Materials                                    ,,220.2000,220.2000,0.0000,,,70,0,
15619,6/19/2026 12:00:00 AM,Monroe Processing Warehouse                  ,COMPLETED,SHREDDER/GRINDER (2ND SHIFT),Posted,6/22/2026 12:00:00 AM,5:52AM,,18:08:00,LBS    ,1965.000,1965.000,0.000,Plus Materials                                    ,,117.9000,117.9000,0.0000,,,0,0,
15625,6/19/2026 12:00:00 AM,Plus Monroe Warehouse                        ,COMPLETED,EXTRUDER (3RD SHIFT),Posted,6/22/2026 12:00:00 AM,5:53AM,,18:07:00,LBS    ,5172.000,5172.000,0.000,Plus Materials                                    ,,0.0000,0.0000,0.0000,,,0,0,
15627,6/19/2026 12:00:00 AM,Plus Monroe Warehouse                        ,COMPLETED,GUILLOTINE (3RD SHIFT),Posted,6/22/2026 12:00:00 AM,5:53AM,,18:07:00,LBS    ,8261.000,8261.000,0.000,Plus Materials                                    ,,495.6600,495.6600,0.0000,,,0,0,
15631,6/19/2026 12:00:00 AM,PRN Southeast                                ,COMPLETED,BALER,Posted,6/22/2026 12:00:00 AM,5:54AM,,18:06:00,LBS    ,7330.000,9406.000,-2076.000,Plus Materials                                    ,,417.4200,783.9200,366.5000,,,33,5,
15632,6/22/2026 12:00:00 AM,Plus Monroe Warehouse                        ,COMPLETED,AUTO-TIE BALER (1ST SHIFT),Posted,6/23/2026 12:00:00 AM,5:04AM,,18:56:00,LBS    ,6036.000,6036.000,0.000,Plus Materials                                    ,,0.0000,0.0000,0.0000,,,52,5,
15636,6/22/2026 12:00:00 AM,Plus Monroe Warehouse                        ,COMPLETED,EXTRUDER (1ST SHIFT),Posted,6/23/2026 12:00:00 AM,5:05AM,,18:55:00,LBS    ,9100.000,9100.000,0.000,Plus Materials                                    ,,91.0000,91.0000,0.0000,,,1,0,
15637,6/22/2026 12:00:00 AM,Plus Monroe Warehouse                        ,COMPLETED,GREEN MAX (NEW) (1ST SHIFT),Posted,6/23/2026 12:00:00 AM,5:05AM,,18:55:00,LBS    ,812.000,812.000,0.000,Plus Materials                                    ,,14.7320,14.7300,0.0000,,,0,0,
15638,6/22/2026 12:00:00 AM,Plus Monroe Warehouse                        ,COMPLETED,GUILLOTINE (1ST SHIFT),Posted,6/23/2026 12:00:00 AM,5:05AM,,18:55:00,LBS    ,10140.000,10140.000,0.000,Plus Materials                                    ,,912.6000,912.6000,0.0000,,,49,0,
15640,6/22/2026 12:00:00 AM,Monroe Processing Warehouse                  ,COMPLETED,SHREDDER/GRINDER (1ST SHIFT),Posted,6/23/2026 12:00:00 AM,5:06AM,,18:54:00,LBS    ,7516.000,7516.000,0.000,Plus Materials                                    ,,450.9600,450.9600,0.0000,,,0,0,
15642,6/22/2026 12:00:00 AM,Plus Monroe Warehouse                        ,COMPLETED,AUTO-TIE BALER (2ND SHIFT),Posted,6/23/2026 12:00:00 AM,5:06AM,,18:54:00,LBS    ,4540.000,4540.000,0.000,Plus Materials                                    ,,62.8227,62.8200,0.0000,,,0,0,
15646,6/22/2026 12:00:00 AM,Plus Monroe Warehouse                        ,COMPLETED,EXTRUDER (2ND SHIFT),Posted,6/23/2026 12:00:00 AM,5:07AM,,18:53:00,LBS    ,6256.000,6256.000,0.000,Plus Materials                                    ,,62.5600,62.5600,0.0000,,,0,0,
15648,6/22/2026 12:00:00 AM,Plus Monroe Warehouse                        ,COMPLETED,GUILLOTINE (2ND SHIFT),Posted,6/23/2026 12:00:00 AM,5:07AM,,18:53:00,LBS    ,10080.000,10080.000,0.000,Plus Materials                                    ,,171.5807,171.5800,0.0000,,,0,0,
15651,6/22/2026 12:00:00 AM,Monroe Processing Warehouse                  ,COMPLETED,SHREDDER/GRINDER (2ND SHIFT),Posted,6/23/2026 12:00:00 AM,5:08AM,,18:52:00,LBS    ,5220.000,5220.000,0.000,Plus Materials                                    ,,313.2000,313.2000,0.0000,,,60,1,
15657,6/22/2026 12:00:00 AM,Plus Monroe Warehouse                        ,COMPLETED,EXTRUDER (3RD SHIFT),Posted,6/23/2026 12:00:00 AM,5:09AM,,18:51:00,LBS    ,6466.000,6466.000,0.000,Plus Materials                                    ,,581.9400,581.9400,0.0000,,,0,0,
15659,6/22/2026 12:00:00 AM,Plus Monroe Warehouse                        ,COMPLETED,GUILLOTINE (3RD SHIFT),Posted,6/23/2026 12:00:00 AM,5:10AM,,18:50:00,LBS    ,9032.000,9032.000,0.000,Plus Materials                                    ,,812.8800,812.8800,0.0000,,,0,0,
15664,6/23/2026 12:00:00 AM,Plus Monroe Warehouse                        ,COMPLETED,AUTO-TIE BALER (1ST SHIFT),Posted,6/24/2026 12:00:00 AM,5:45AM,,18:15:00,LBS    ,7326.000,7326.000,0.000,Plus Materials                                    ,,101.3748,101.3700,0.0000,,,0,6,
15668,6/23/2026 12:00:00 AM,Plus Monroe Warehouse                        ,COMPLETED,EXTRUDER (1ST SHIFT),Posted,6/24/2026 12:00:00 AM,5:45AM,,18:15:00,LBS    ,10002.000,10002.000,0.000,Plus Materials                                    ,,900.1800,900.1800,0.0000,,,0,0,
15669,6/23/2026 12:00:00 AM,Plus Monroe Warehouse                        ,COMPLETED,GREEN MAX (NEW) (1ST SHIFT),Posted,6/24/2026 12:00:00 AM,5:45AM,,18:15:00,LBS    ,2247.000,2247.000,0.000,Plus Materials                                    ,,0.0000,0.0000,0.0000,,,52,0,
15670,6/23/2026 12:00:00 AM,Plus Monroe Warehouse                        ,COMPLETED,GUILLOTINE (1ST SHIFT),Posted,6/24/2026 12:00:00 AM,5:46AM,,18:14:00,LBS    ,10971.000,10971.000,0.000,Plus Materials                                    ,,109.7100,109.7100,0.0000,,,1,0,
15672,6/23/2026 12:00:00 AM,Monroe Processing Warehouse                  ,COMPLETED,SHREDDER/GRINDER (1ST SHIFT),Posted,6/24/2026 12:00:00 AM,5:46AM,,18:14:00,LBS    ,5766.000,5766.000,0.000,Plus Materials                                    ,,345.9600,345.9600,0.0000,,,0,0,
15674,6/23/2026 12:00:00 AM,Plus Monroe Warehouse                        ,COMPLETED,AUTO-TIE BALER (2ND SHIFT),Posted,6/24/2026 12:00:00 AM,5:46AM,,18:14:00,LBS    ,6218.000,6218.000,0.000,Plus Materials                                    ,,103.0360,103.0300,0.0000,,,0,0,
15678,6/23/2026 12:00:00 AM,Plus Monroe Warehouse                        ,COMPLETED,EXTRUDER (2ND SHIFT),Posted,6/24/2026 12:00:00 AM,5:47AM,,18:13:00,LBS    ,6184.000,6184.000,0.000,Plus Materials                                    ,,61.8400,61.8400,0.0000,,,0,0,
15680,6/23/2026 12:00:00 AM,Plus Monroe Warehouse                        ,COMPLETED,GUILLOTINE (2ND SHIFT),Posted,6/24/2026 12:00:00 AM,5:47AM,,18:13:00,LBS    ,9868.000,9868.000,0.000,Plus Materials                                    ,,98.6800,98.6800,0.0000,,,27,0,
15682,6/23/2026 12:00:00 AM,Monroe Processing Warehouse                  ,COMPLETED,SHREDDER/GRINDER (2ND SHIFT),Posted,6/24/2026 12:00:00 AM,5:47AM,,18:13:00,LBS    ,5945.000,5945.000,0.000,Plus Materials                                    ,,356.7000,356.7000,0.0000,,,0,0,
15688,6/23/2026 12:00:00 AM,Plus Monroe Warehouse                        ,COMPLETED,EXTRUDER (3RD SHIFT),Posted,6/24/2026 12:00:00 AM,5:49AM,,18:11:00,LBS    ,6168.000,6168.000,0.000,Plus Materials                                    ,,61.6800,61.6800,0.0000,,,33,0,
15690,6/23/2026 12:00:00 AM,Plus Monroe Warehouse                        ,COMPLETED,GUILLOTINE (3RD SHIFT),Posted,6/24/2026 12:00:00 AM,5:49AM,,18:11:00,LBS    ,5979.000,5979.000,0.000,Plus Materials                                    ,,59.7900,59.7900,0.0000,,,0,0,
15694,6/23/2026 12:00:00 AM,PRN Southeast                                ,COMPLETED,BALER,Posted,6/24/2026 12:00:00 AM,5:50AM,,18:10:00,LBS    ,2884.000,4223.000,-1339.000,Plus Materials                                    ,,147.3300,291.5300,144.2000,,,12,0,
15695,6/24/2026 12:00:00 AM,Plus Monroe Warehouse                        ,COMPLETED,AUTO-TIE BALER (1ST SHIFT),Posted,6/25/2026 12:00:00 AM,5:45AM,,18:15:00,LBS    ,3280.000,3280.000,0.000,Plus Materials                                    ,,103.8871,103.8800,0.0000,,,3,3,
15699,6/24/2026 12:00:00 AM,Plus Monroe Warehouse                        ,COMPLETED,EXTRUDER (1ST SHIFT),Posted,6/25/2026 12:00:00 AM,5:45AM,,18:15:00,LBS    ,9492.000,9492.000,0.000,Plus Materials                                    ,,0.0000,0.0000,0.0000,,,12,0,
15700,6/24/2026 12:00:00 AM,Plus Monroe Warehouse                        ,COMPLETED,GREEN MAX (NEW) (1ST SHIFT),Posted,6/25/2026 12:00:00 AM,5:46AM,,18:14:00,LBS    ,1200.000,1200.000,0.000,Plus Materials                                    ,,50.0810,50.0800,0.0000,,,0,0,
15701,6/24/2026 12:00:00 AM,Plus Monroe Warehouse                        ,COMPLETED,GUILLOTINE (1ST SHIFT),Posted,6/25/2026 12:00:00 AM,5:46AM,,18:14:00,LBS    ,7307.000,7307.000,0.000,Plus Materials                                    ,,219.2100,219.2100,0.0000,,,10,0,
15703,6/24/2026 12:00:00 AM,Monroe Processing Warehouse                  ,COMPLETED,SHREDDER/GRINDER (1ST SHIFT),Posted,6/25/2026 12:00:00 AM,5:46AM,,18:14:00,LBS    ,7717.000,7717.000,0.000,Plus Materials                                    ,,463.0200,463.0200,0.0000,,,55,0,
15705,6/24/2026 12:00:00 AM,Plus Monroe Warehouse                        ,COMPLETED,AUTO-TIE BALER (2ND SHIFT),Posted,6/25/2026 12:00:00 AM,5:46AM,,18:14:00,LBS    ,6400.000,6400.000,0.000,Plus Materials                                    ,,88.5619,88.5600,0.0000,,,0,0,
15709,6/24/2026 12:00:00 AM,Plus Monroe Warehouse                        ,COMPLETED,EXTRUDER (2ND SHIFT),Posted,6/25/2026 12:00:00 AM,5:47AM,,18:13:00,LBS    ,7402.000,7402.000,0.000,Plus Materials                                    ,,0.0000,0.0000,0.0000,,,0,0,
15711,6/24/2026 12:00:00 AM,Plus Monroe Warehouse                        ,COMPLETED,GUILLOTINE (2ND SHIFT),Posted,6/25/2026 12:00:00 AM,5:47AM,,18:13:00,LBS    ,11381.000,11381.000,0.000,Plus Materials                                    ,,406.5900,406.5900,0.0000,,,12,0,
15713,6/24/2026 12:00:00 AM,Monroe Processing Warehouse                  ,COMPLETED,SHREDDER/GRINDER (2ND SHIFT),Posted,6/25/2026 12:00:00 AM,5:48AM,,18:12:00,LBS    ,4536.000,4536.000,0.000,Plus Materials                                    ,,272.1600,272.1600,0.0000,,,0,0,
15719,6/24/2026 12:00:00 AM,Plus Monroe Warehouse                        ,COMPLETED,EXTRUDER (3RD SHIFT),Posted,6/25/2026 12:00:00 AM,5:49AM,,18:11:00,LBS    ,5104.000,5104.000,0.000,Plus Materials                                    ,,259.3800,259.3800,0.0000,,,3,0,
15721,6/24/2026 12:00:00 AM,Plus Monroe Warehouse                        ,COMPLETED,GUILLOTINE (3RD SHIFT),Posted,6/25/2026 12:00:00 AM,5:49AM,,18:11:00,LBS    ,8165.000,8165.000,0.000,Plus Materials                                    ,,489.9000,489.9000,0.0000,,,0,0,
15725,6/24/2026 12:00:00 AM,PRN Southeast                                ,COMPLETED,BALER,Posted,6/25/2026 12:00:00 AM,5:50AM,,18:10:00,LBS    ,4322.000,2383.000,1939.000,Plus Materials                                    ,,237.7200,453.8200,216.1000,,,18,2,
15726,6/25/2026 12:00:00 AM,Plus Monroe Warehouse                        ,COMPLETED,AUTO-TIE BALER (1ST SHIFT),Posted,6/26/2026 12:00:00 AM,5:48AM,,18:12:00,LBS    ,6850.000,6850.000,0.000,Plus Materials                                    ,,69.2995,69.3100,0.0000,,,8,6,
15730,6/25/2026 12:00:00 AM,Plus Monroe Warehouse                        ,COMPLETED,EXTRUDER (1ST SHIFT),Posted,6/26/2026 12:00:00 AM,5:49AM,,18:11:00,LBS    ,10030.000,10030.000,0.000,Plus Materials                                    ,,1103.3000,1103.3000,0.0000,,,43,0,
15731,6/25/2026 12:00:00 AM,Plus Monroe Warehouse                        ,COMPLETED,GREEN MAX (NEW) (1ST SHIFT),Posted,6/26/2026 12:00:00 AM,5:49AM,,18:11:00,LBS    ,1466.000,1466.000,0.000,Plus Materials                                    ,,0.0000,0.0000,0.0000,,,0,0,
15732,6/25/2026 12:00:00 AM,Plus Monroe Warehouse                        ,COMPLETED,GUILLOTINE (1ST SHIFT),Posted,6/26/2026 12:00:00 AM,5:49AM,,18:11:00,LBS    ,6857.000,6857.000,0.000,Plus Materials                                    ,,754.2700,754.2700,0.0000,,,0,0,
15734,6/25/2026 12:00:00 AM,Monroe Processing Warehouse                  ,COMPLETED,SHREDDER/GRINDER (1ST SHIFT),Posted,6/26/2026 12:00:00 AM,5:49AM,,18:11:00,LBS    ,4706.000,4706.000,0.000,Plus Materials                                    ,,282.3600,282.3600,0.0000,,,55,0,
15736,6/25/2026 12:00:00 AM,Plus Monroe Warehouse                        ,COMPLETED,AUTO-TIE BALER (2ND SHIFT),Posted,6/26/2026 12:00:00 AM,5:50AM,,18:10:00,LBS    ,5395.000,5395.000,0.000,Plus Materials                                    ,,133.5396,133.5400,0.0000,,,0,0,
15740,6/25/2026 12:00:00 AM,Plus Monroe Warehouse                        ,COMPLETED,EXTRUDER (2ND SHIFT),Posted,6/26/2026 12:00:00 AM,5:50AM,,18:10:00,LBS    ,4736.000,4736.000,0.000,Plus Materials                                    ,,520.9600,520.9600,0.0000,,,0,0,
15742,6/25/2026 12:00:00 AM,Plus Monroe Warehouse                        ,COMPLETED,GUILLOTINE (2ND SHIFT),Posted,6/26/2026 12:00:00 AM,5:51AM,,18:09:00,LBS    ,16707.000,16707.000,0.000,Plus Materials                                    ,,1837.7700,1837.7700,0.0000,,,46,0,
15744,6/25/2026 12:00:00 AM,Monroe Processing Warehouse                  ,COMPLETED,SHREDDER/GRINDER (2ND SHIFT),Posted,6/26/2026 12:00:00 AM,5:51AM,,18:09:00,LBS    ,4895.000,4895.000,0.000,Plus Materials                                    ,,565.0388,565.0400,0.0000,,,11,0,
15750,6/25/2026 12:00:00 AM,Plus Monroe Warehouse                        ,COMPLETED,EXTRUDER (3RD SHIFT),Posted,6/26/2026 12:00:00 AM,5:52AM,,18:08:00,LBS    ,6350.000,6350.000,0.000,Plus Materials                                    ,,698.5000,698.5000,0.0000,,,0,0,
15752,6/25/2026 12:00:00 AM,Plus Monroe Warehouse                        ,COMPLETED,GUILLOTINE (3RD SHIFT),Posted,6/26/2026 12:00:00 AM,5:53AM,,18:07:00,LBS    ,10527.000,10527.000,0.000,Plus Materials                                    ,,631.6200,631.6200,0.0000,,,0,0,
15757,6/25/2026 12:00:00 AM,Plus Ryder Midwest                           ,COMPLETED,BOGUS,Posted,6/25/2026 12:00:00 AM,9:36AM,,14:24:00,LBS    ,11438.000,11438.000,0.000,Plus Materials                                    ,,1143.8000,1143.8000,0.0000,,,27,1,
15758,6/26/2026 12:00:00 AM,Plus Monroe Warehouse                        ,COMPLETED,AUTO-TIE BALER (1ST SHIFT),Posted,6/29/2026 12:00:00 AM,5:47AM,,18:13:00,LBS    ,7185.000,7185.000,0.000,Plus Materials                                    ,,8.6090,8.6100,0.0000,,,74,6,
15762,6/26/2026 12:00:00 AM,Plus Monroe Warehouse                        ,COMPLETED,EXTRUDER (1ST SHIFT),Posted,6/29/2026 12:00:00 AM,5:48AM,,18:12:00,LBS    ,15734.000,15734.000,0.000,Plus Materials                                    ,,157.3400,157.3400,0.0000,,,34,0,
15763,6/26/2026 12:00:00 AM,Plus Monroe Warehouse                        ,COMPLETED,GREEN MAX (NEW) (1ST SHIFT),Posted,6/29/2026 12:00:00 AM,5:48AM,,18:12:00,LBS    ,2669.000,2669.000,0.000,Plus Materials                                    ,,40.6865,40.6800,0.0000,,,0,0,
15764,6/26/2026 12:00:00 AM,Plus Monroe Warehouse                        ,COMPLETED,GUILLOTINE (1ST SHIFT),Posted,6/29/2026 12:00:00 AM,5:48AM,,18:12:00,LBS    ,12645.000,12645.000,0.000,Plus Materials                                    ,,126.4500,126.4500,0.0000,,,32,0,
15766,6/26/2026 12:00:00 AM,Monroe Processing Warehouse                  ,COMPLETED,SHREDDER/GRINDER (1ST SHIFT),Posted,6/29/2026 12:00:00 AM,5:49AM,,18:11:00,LBS    ,4258.000,4258.000,0.000,Plus Materials                                    ,,0.0000,0.0000,0.0000,,,1,0,
15768,6/26/2026 12:00:00 AM,Plus Monroe Warehouse                        ,COMPLETED,AUTO-TIE BALER (2ND SHIFT),Posted,6/29/2026 12:00:00 AM,5:49AM,,18:11:00,LBS    ,11015.000,11015.000,0.000,Plus Materials                                    ,,0.0000,0.0000,0.0000,,,58,0,
15772,6/26/2026 12:00:00 AM,Plus Monroe Warehouse                        ,COMPLETED,EXTRUDER (2ND SHIFT),Posted,6/29/2026 12:00:00 AM,5:50AM,,18:10:00,LBS    ,4536.000,4536.000,0.000,Plus Materials                                    ,,544.3200,544.3200,0.0000,,,0,0,
15774,6/26/2026 12:00:00 AM,Plus Monroe Warehouse                        ,COMPLETED,GUILLOTINE (2ND SHIFT),Posted,6/29/2026 12:00:00 AM,5:50AM,,18:10:00,LBS    ,11001.000,11001.000,0.000,Plus Materials                                    ,,69.4900,69.4800,0.0000,,,0,0,
15776,6/26/2026 12:00:00 AM,Monroe Processing Warehouse                  ,COMPLETED,SHREDDER/GRINDER (2ND SHIFT),Posted,6/29/2026 12:00:00 AM,5:50AM,,18:10:00,LBS    ,4761.000,4761.000,0.000,Plus Materials                                    ,,0.0000,0.0000,0.0000,,,1,0,
15782,6/26/2026 12:00:00 AM,Plus Monroe Warehouse                        ,COMPLETED,EXTRUDER (3RD SHIFT),Posted,6/29/2026 12:00:00 AM,5:51AM,,18:09:00,LBS    ,6554.000,6554.000,0.000,Plus Materials                                    ,,926.3150,926.3200,0.0000,,,0,0,
15784,6/26/2026 12:00:00 AM,Plus Monroe Warehouse                        ,COMPLETED,GUILLOTINE (3RD SHIFT),Posted,6/29/2026 12:00:00 AM,5:52AM,,18:08:00,LBS    ,6500.000,6500.000,0.000,Plus Materials                                    ,,107.3098,107.3200,0.0000,,,0,0,
15789,6/26/2026 12:00:00 AM,Plus Ryder Midwest                           ,COMPLETED,BALER,Posted,6/26/2026 12:00:00 AM,10:11AM,,13:49:00,LBS    ,22950.000,22950.000,0.000,Plus Materials                                    ,,1721.2500,1721.2500,0.0000,,,27,1,
15790,6/29/2026 12:00:00 AM,Plus Monroe Warehouse                        ,COMPLETED,AUTO-TIE BALER (1ST SHIFT),Posted,6/30/2026 12:00:00 AM,5:01AM,,18:59:00,LBS    ,7183.000,7183.000,0.000,Plus Materials                                    ,,0.0000,0.0000,0.0000,,,30,6,
15794,6/29/2026 12:00:00 AM,Plus Monroe Warehouse                        ,COMPLETED,EXTRUDER (1ST SHIFT),Posted,6/30/2026 12:00:00 AM,5:01AM,,18:59:00,LBS    ,7192.000,7192.000,0.000,Plus Materials                                    ,,302.4709,302.4700,0.0000,,,0,0,
15795,6/29/2026 12:00:00 AM,Plus Monroe Warehouse                        ,COMPLETED,GREEN MAX (NEW) (1ST SHIFT),Posted,6/30/2026 12:00:00 AM,5:02AM,,18:58:00,LBS    ,1738.000,1738.000,0.000,Plus Materials                                    ,,0.0000,0.0000,0.0000,,,0,0,
15796,6/29/2026 12:00:00 AM,Plus Monroe Warehouse                        ,COMPLETED,GUILLOTINE (1ST SHIFT),Posted,6/30/2026 12:00:00 AM,5:02AM,,18:58:00,LBS    ,7033.000,7033.000,0.000,Plus Materials                                    ,,282.7214,282.7100,0.0000,,,6,0,
15798,6/29/2026 12:00:00 AM,Monroe Processing Warehouse                  ,COMPLETED,SHREDDER/GRINDER (1ST SHIFT),Posted,6/30/2026 12:00:00 AM,5:02AM,,18:58:00,LBS    ,4435.000,4435.000,0.000,Plus Materials                                    ,,266.1000,266.1000,0.0000,,,55,0,
15800,6/29/2026 12:00:00 AM,Plus Monroe Warehouse                        ,COMPLETED,AUTO-TIE BALER (2ND SHIFT),Posted,6/30/2026 12:00:00 AM,5:09AM,,18:51:00,LBS    ,7344.000,7344.000,0.000,Plus Materials                                    ,,0.0000,0.0000,0.0000,,,34,0,
15804,6/29/2026 12:00:00 AM,Plus Monroe Warehouse                        ,COMPLETED,EXTRUDER (2ND SHIFT),Posted,6/30/2026 12:00:00 AM,5:10AM,,18:50:00,LBS    ,5680.000,5680.000,0.000,Plus Materials                                    ,,170.4000,170.4000,0.0000,,,12,0,
15806,6/29/2026 12:00:00 AM,Plus Monroe Warehouse                        ,COMPLETED,GUILLOTINE (2ND SHIFT),Posted,6/30/2026 12:00:00 AM,5:10AM,,18:50:00,LBS    ,8338.000,8338.000,0.000,Plus Materials                                    ,,306.9700,306.9800,0.0000,,,0,0,
15808,6/29/2026 12:00:00 AM,Monroe Processing Warehouse                  ,COMPLETED,SHREDDER/GRINDER (2ND SHIFT),Posted,6/30/2026 12:00:00 AM,5:10AM,,18:50:00,LBS    ,3780.000,3780.000,0.000,Plus Materials                                    ,,466.0100,466.0000,0.0000,,,0,0,
15814,6/29/2026 12:00:00 AM,Plus Monroe Warehouse                        ,COMPLETED,EXTRUDER (3RD SHIFT),Posted,6/30/2026 12:00:00 AM,5:11AM,,18:49:00,LBS    ,5001.000,5001.000,0.000,Plus Materials                                    ,,150.0300,150.0300,0.0000,,,0,0,
15816,6/29/2026 12:00:00 AM,Plus Monroe Warehouse                        ,COMPLETED,GUILLOTINE (3RD SHIFT),Posted,6/30/2026 12:00:00 AM,5:12AM,,18:48:00,LBS    ,6370.000,6370.000,0.000,Plus Materials                                    ,,637.0000,637.0000,0.0000,,,18,0,
15821,6/30/2026 12:00:00 AM,Plus Monroe Warehouse                        ,COMPLETED,AUTO-TIE BALER (1ST SHIFT),Posted,7/1/2026 12:00:00 AM,5:55AM,,18:05:00,LBS    ,12053.000,12053.000,0.000,Plus Materials                                    ,,0.0000,0.0000,0.0000,,,67,10,
15825,6/30/2026 12:00:00 AM,Plus Monroe Warehouse                        ,COMPLETED,EXTRUDER (1ST SHIFT),Posted,7/1/2026 12:00:00 AM,5:55AM,,18:05:00,LBS    ,7629.000,7629.000,0.000,Plus Materials                                    ,,839.1900,839.1900,0.0000,,,0,0,
15826,6/30/2026 12:00:00 AM,Plus Monroe Warehouse                        ,COMPLETED,GREEN MAX (NEW) (1ST SHIFT),Posted,7/1/2026 12:00:00 AM,5:55AM,,18:05:00,LBS    ,2328.000,2328.000,0.000,Plus Materials                                    ,,0.0000,0.0000,0.0000,,,52,0,
15827,6/30/2026 12:00:00 AM,Plus Monroe Warehouse                        ,COMPLETED,GUILLOTINE (1ST SHIFT),Posted,7/1/2026 12:00:00 AM,5:56AM,,18:04:00,LBS    ,6941.000,6941.000,0.000,Plus Materials                                    ,,38.3773,38.3800,0.0000,,,7,0,
15829,6/30/2026 12:00:00 AM,Monroe Processing Warehouse                  ,COMPLETED,SHREDDER/GRINDER (1ST SHIFT),Posted,7/1/2026 12:00:00 AM,5:56AM,,18:04:00,LBS    ,5107.000,5107.000,0.000,Plus Materials                                    ,,306.4200,306.4200,0.0000,,,0,0,
15831,6/30/2026 12:00:00 AM,Plus Monroe Warehouse                        ,COMPLETED,AUTO-TIE BALER (2ND SHIFT),Posted,7/1/2026 12:00:00 AM,5:56AM,,18:04:00,LBS    ,5185.000,5185.000,0.000,Plus Materials                                    ,,101.8000,101.8000,0.0000,,,23,0,
15835,6/30/2026 12:00:00 AM,Plus Monroe Warehouse                        ,COMPLETED,EXTRUDER (2ND SHIFT),Posted,7/1/2026 12:00:00 AM,5:57AM,,18:03:00,LBS    ,4586.000,4586.000,0.000,Plus Materials                                    ,,0.0000,0.0000,0.0000,,,0,0,
15837,6/30/2026 12:00:00 AM,Plus Monroe Warehouse                        ,COMPLETED,GUILLOTINE (2ND SHIFT),Posted,7/1/2026 12:00:00 AM,5:57AM,,18:03:00,LBS    ,10301.000,10301.000,0.000,Plus Materials                                    ,,989.7600,989.7500,0.0000,,,0,0,
15839,6/30/2026 12:00:00 AM,Monroe Processing Warehouse                  ,COMPLETED,SHREDDER/GRINDER (2ND SHIFT),Posted,7/1/2026 12:00:00 AM,5:58AM,,18:02:00,LBS    ,2935.000,2935.000,0.000,Plus Materials                                    ,,0.0000,0.0000,0.0000,,,0,0,
15845,6/30/2026 12:00:00 AM,Plus Monroe Warehouse                        ,COMPLETED,EXTRUDER (3RD SHIFT),Posted,7/1/2026 12:00:00 AM,6:00AM,,18:00:00,LBS    ,4664.000,4664.000,0.000,Plus Materials                                    ,,139.9200,139.9200,0.0000,,,0,0,
14536,5/1/2026 12:00:00 AM,Plus Monroe Warehouse                        ,COMPLETED,AUTO-TIE BALER (2ND SHIFT),Posted,5/4/2026 12:00:00 AM,5:50AM,,18:10:00,LBS    ,1572.000,1572.000,0.000,Plus Materials                                    ,,7.8600,7.8600,0.0000,,,8,0,
14540,5/1/2026 12:00:00 AM,Plus Monroe Warehouse                        ,COMPLETED,EXTRUDER (2ND SHIFT),Posted,5/4/2026 12:00:00 AM,5:51AM,,18:09:00,LBS    ,3220.000,3220.000,0.000,Plus Materials                                    ,,214.9480,214.9500,0.0000,,,0,0,
14542,5/1/2026 12:00:00 AM,Plus Monroe Warehouse                        ,COMPLETED,GUILLOTINE (2ND SHIFT),Posted,5/4/2026 12:00:00 AM,5:51AM,,18:09:00,LBS    ,6762.000,6762.000,0.000,Plus Materials                                    ,,712.1561,712.1600,0.0000,,,0,0,
14550,5/1/2026 12:00:00 AM,Plus Monroe Warehouse                        ,COMPLETED,EXTRUDER (3RD SHIFT),Posted,5/4/2026 12:00:00 AM,5:53AM,,18:07:00,LBS    ,4596.000,4596.000,0.000,Plus Materials                                    ,,505.5600,505.5600,0.0000,,,0,0,
14556,5/1/2026 12:00:00 AM,PRN Southeast                                ,COMPLETED,BALER,Posted,5/4/2026 12:00:00 AM,5:54AM,,18:06:00,LBS    ,1505.000,1870.000,-365.000,Plus Materials                                    ,,55.7400,130.9900,75.2500,,,9,1,
14557,5/4/2026 12:00:00 AM,Plus Monroe Warehouse                        ,COMPLETED,AUTO-TIE BALER (1ST SHIFT),Posted,5/5/2026 12:00:00 AM,4:50AM,,19:10:00,LBS    ,3575.000,3575.000,0.000,Plus Materials                                    ,,237.0171,237.0200,0.0000,,,58,3,
14561,5/4/2026 12:00:00 AM,Plus Monroe Warehouse                        ,COMPLETED,EXTRUDER (1ST SHIFT),Posted,5/5/2026 12:00:00 AM,4:50AM,,19:10:00,LBS    ,7315.000,7315.000,0.000,Plus Materials                                    ,,804.6500,804.6500,0.0000,,,0,0,
14563,5/4/2026 12:00:00 AM,Plus Monroe Warehouse                        ,COMPLETED,GUILLOTINE (1ST SHIFT),Posted,5/5/2026 12:00:00 AM,4:51AM,,19:09:00,LBS    ,7131.000,7131.000,0.000,Plus Materials                                    ,,327.1100,327.0900,0.0000,,,6,19,
14565,5/4/2026 12:00:00 AM,Monroe Processing Warehouse                  ,COMPLETED,SHREDDER/GRINDER (1ST SHIFT),Posted,5/5/2026 12:00:00 AM,4:51AM,,19:09:00,LBS    ,7107.000,7107.000,0.000,Plus Materials                                    ,,710.7000,710.7000,0.0000,,,0,1,
14566,5/4/2026 12:00:00 AM,Plus Monroe Warehouse                        ,COMPLETED,SMALL GRINDER (1ST SHIFT),Posted,5/5/2026 12:00:00 AM,4:51AM,,19:09:00,LBS    ,2247.000,2247.000,0.000,Plus Materials                                    ,,22.4700,22.4700,0.0000,,,0,0,
14567,5/4/2026 12:00:00 AM,Plus Monroe Warehouse                        ,COMPLETED,AUTO-TIE BALER (2ND SHIFT),Posted,5/5/2026 12:00:00 AM,4:52AM,,19:08:00,LBS    ,6685.000,6685.000,0.000,Plus Materials                                    ,,-200.5500,-200.5500,0.0000,,,22,0,
14571,5/4/2026 12:00:00 AM,Plus Monroe Warehouse                        ,COMPLETED,EXTRUDER (2ND SHIFT),Posted,5/5/2026 12:00:00 AM,4:52AM,,19:08:00,LBS    ,6732.000,6732.000,0.000,Plus Materials                                    ,,740.5200,740.5200,0.0000,,,0,0,
14573,5/4/2026 12:00:00 AM,Plus Monroe Warehouse                        ,COMPLETED,GUILLOTINE (2ND SHIFT),Posted,5/5/2026 12:00:00 AM,4:53AM,,19:07:00,LBS    ,9361.000,9361.000,0.000,Plus Materials                                    ,,709.0100,709.0000,0.0000,,,5,0,
14575,5/4/2026 12:00:00 AM,Monroe Processing Warehouse                  ,COMPLETED,SHREDDER/GRINDER (2ND SHIFT),Posted,5/5/2026 12:00:00 AM,4:53AM,,19:07:00,LBS    ,1231.000,1231.000,0.000,Plus Materials                                    ,,44.5251,44.5300,0.0000,,,0,0,
14581,5/4/2026 12:00:00 AM,Plus Monroe Warehouse                        ,COMPLETED,EXTRUDER (3RD SHIFT),Posted,5/5/2026 12:00:00 AM,4:54AM,,19:06:00,LBS    ,4298.000,4298.000,0.000,Plus Materials                                    ,,186.6400,186.6400,0.0000,,,0,0,
14583,5/4/2026 12:00:00 AM,Plus Monroe Warehouse                        ,COMPLETED,GUILLOTINE (3RD SHIFT),Posted,5/5/2026 12:00:00 AM,4:54AM,,19:06:00,LBS    ,7371.000,7371.000,0.000,Plus Materials                                    ,,378.0000,378.0000,0.0000,,,3,0,
14587,5/4/2026 12:00:00 AM,PRN Southeast                                ,COMPLETED,BALER,Posted,5/5/2026 12:00:00 AM,4:55AM,,19:05:00,LBS    ,6044.000,6883.000,-839.000,Plus Materials                                    ,,491.0200,793.2100,302.2000,,,23,4,
14588,5/5/2026 12:00:00 AM,Plus Monroe Warehouse                        ,COMPLETED,AUTO-TIE BALER (1ST SHIFT),Posted,5/6/2026 12:00:00 AM,5:48AM,,18:12:00,LBS    ,6363.000,6363.000,0.000,Plus Materials                                    ,,-94.7100,-94.7100,0.0000,,,12,5,
14592,5/5/2026 12:00:00 AM,Plus Monroe Warehouse                        ,COMPLETED,EXTRUDER (1ST SHIFT),Posted,5/6/2026 12:00:00 AM,5:49AM,,18:11:00,LBS    ,8762.000,8762.000,0.000,Plus Materials                                    ,,0.0000,0.0000,0.0000,,,12,0,
14594,5/5/2026 12:00:00 AM,Plus Monroe Warehouse                        ,COMPLETED,GUILLOTINE (1ST SHIFT),Posted,5/6/2026 12:00:00 AM,5:49AM,,18:11:00,LBS    ,9950.000,9950.000,0.000,Plus Materials                                    ,,353.9800,353.9800,0.0000,,,10,10,
14596,5/5/2026 12:00:00 AM,Monroe Processing Warehouse                  ,COMPLETED,SHREDDER/GRINDER (1ST SHIFT),Posted,5/6/2026 12:00:00 AM,5:50AM,,18:10:00,LBS    ,1633.000,1633.000,0.000,Plus Materials                                    ,,114.3100,114.3100,0.0000,,,0,0,
14597,5/5/2026 12:00:00 AM,Plus Monroe Warehouse                        ,COMPLETED,SMALL GRINDER (1ST SHIFT),Posted,5/6/2026 12:00:00 AM,5:50AM,,18:10:00,LBS    ,2483.000,2483.000,0.000,Plus Materials                                    ,,24.8300,24.8300,0.0000,,,0,0,
14598,5/5/2026 12:00:00 AM,Plus Monroe Warehouse                        ,COMPLETED,AUTO-TIE BALER (2ND SHIFT),Posted,5/6/2026 12:00:00 AM,5:50AM,,18:10:00,LBS    ,5932.000,5932.000,0.000,Plus Materials                                    ,,301.4735,301.4700,0.0000,,,17,0,
14602,5/5/2026 12:00:00 AM,Plus Monroe Warehouse                        ,COMPLETED,EXTRUDER (2ND SHIFT),Posted,5/6/2026 12:00:00 AM,5:51AM,,18:09:00,LBS    ,6570.000,6570.000,0.000,Plus Materials                                    ,,0.0000,0.0000,0.0000,,,0,0,
14604,5/5/2026 12:00:00 AM,Plus Monroe Warehouse                        ,COMPLETED,GUILLOTINE (2ND SHIFT),Posted,5/6/2026 12:00:00 AM,5:51AM,,18:09:00,LBS    ,9613.000,9613.000,0.000,Plus Materials                                    ,,352.4300,352.4400,0.0000,,,0,0,
14606,5/5/2026 12:00:00 AM,Monroe Processing Warehouse                  ,COMPLETED,SHREDDER/GRINDER (2ND SHIFT),Posted,5/6/2026 12:00:00 AM,5:51AM,,18:09:00,LBS    ,1137.000,1137.000,0.000,Plus Materials                                    ,,113.7000,113.7000,0.0000,,,1,0,
14612,5/5/2026 12:00:00 AM,Plus Monroe Warehouse                        ,COMPLETED,EXTRUDER (3RD SHIFT),Posted,5/6/2026 12:00:00 AM,5:52AM,,18:08:00,LBS    ,3022.000,3022.000,0.000,Plus Materials                                    ,,0.0000,0.0000,0.0000,,,0,0,
14614,5/5/2026 12:00:00 AM,Plus Monroe Warehouse                        ,COMPLETED,GUILLOTINE (3RD SHIFT),Posted,5/6/2026 12:00:00 AM,5:53AM,,18:07:00,LBS    ,6338.000,6338.000,0.000,Plus Materials                                    ,,158.2800,158.2900,0.0000,,,1,0,
14618,5/5/2026 12:00:00 AM,PRN Southeast                                ,COMPLETED,BALER,Posted,5/6/2026 12:00:00 AM,5:53AM,,18:07:00,LBS    ,1060.000,1595.000,-535.000,Plus Materials                                    ,,44.1800,97.1800,53.0000,,,4,1,
14619,5/6/2026 12:00:00 AM,Plus Monroe Warehouse                        ,COMPLETED,AUTO-TIE BALER (1ST SHIFT),Posted,5/7/2026 12:00:00 AM,5:55AM,,18:05:00,LBS    ,7013.000,7013.000,0.000,Plus Materials                                    ,,42.4087,42.4100,0.0000,,,31,6,
14623,5/6/2026 12:00:00 AM,Plus Monroe Warehouse                        ,COMPLETED,EXTRUDER (1ST SHIFT),Posted,5/7/2026 12:00:00 AM,5:56AM,,18:04:00,LBS    ,9125.000,9125.000,0.000,Plus Materials                                    ,,958.1250,958.1400,0.0000,,,10,0,
14625,5/6/2026 12:00:00 AM,Plus Monroe Warehouse                        ,COMPLETED,GUILLOTINE (1ST SHIFT),Posted,5/7/2026 12:00:00 AM,5:56AM,,18:04:00,LBS    ,7704.000,7704.000,0.000,Plus Materials                                    ,,436.8200,436.8300,0.0000,,,6,15,
14627,5/6/2026 12:00:00 AM,Monroe Processing Warehouse                  ,COMPLETED,SHREDDER/GRINDER (1ST SHIFT),Posted,5/7/2026 12:00:00 AM,5:57AM,,18:03:00,LBS    ,6788.000,6788.000,0.000,Plus Materials                                    ,,339.4000,339.4000,0.0000,,,7,0,
14628,5/6/2026 12:00:00 AM,Plus Monroe Warehouse                        ,COMPLETED,SMALL GRINDER (1ST SHIFT),Posted,5/7/2026 12:00:00 AM,5:57AM,,18:03:00,LBS    ,1223.000,1223.000,0.000,Plus Materials                                    ,,12.2300,12.2300,0.0000,,,0,0,
14629,5/6/2026 12:00:00 AM,Plus Monroe Warehouse                        ,COMPLETED,AUTO-TIE BALER (2ND SHIFT),Posted,5/7/2026 12:00:00 AM,5:57AM,,18:03:00,LBS    ,2256.000,2256.000,0.000,Plus Materials                                    ,,101.0268,101.0200,0.0000,,,9,0,
14633,5/6/2026 12:00:00 AM,Plus Monroe Warehouse                        ,COMPLETED,EXTRUDER (2ND SHIFT),Posted,5/7/2026 12:00:00 AM,5:58AM,,18:02:00,LBS    ,6554.000,6554.000,0.000,Plus Materials                                    ,,655.4000,655.4000,0.0000,,,0,0,
14635,5/6/2026 12:00:00 AM,Plus Monroe Warehouse                        ,COMPLETED,GUILLOTINE (2ND SHIFT),Posted,5/7/2026 12:00:00 AM,5:58AM,,18:02:00,LBS    ,6816.000,6816.000,0.000,Plus Materials                                    ,,405.9209,405.9300,0.0000,,,12,0,
14637,5/6/2026 12:00:00 AM,Monroe Processing Warehouse                  ,COMPLETED,SHREDDER/GRINDER (2ND SHIFT),Posted,5/7/2026 12:00:00 AM,5:59AM,,18:01:00,LBS    ,2397.000,2397.000,0.000,Plus Materials                                    ,,119.8500,119.8500,0.0000,,,0,0,
14643,5/6/2026 12:00:00 AM,Plus Monroe Warehouse                        ,COMPLETED,EXTRUDER (3RD SHIFT),Posted,5/7/2026 12:00:00 AM,6:00AM,,18:00:00,LBS    ,6188.000,6188.000,0.000,Plus Materials                                    ,,337.8900,337.8900,0.0000,,,0,0,
14645,5/6/2026 12:00:00 AM,Plus Monroe Warehouse                        ,COMPLETED,GUILLOTINE (3RD SHIFT),Posted,5/7/2026 12:00:00 AM,6:00AM,,18:00:00,LBS    ,8963.000,8963.000,0.000,Plus Materials                                    ,,1188.8600,1188.8600,0.0000,,,0,0,
14650,5/7/2026 12:00:00 AM,Plus Monroe Warehouse                        ,COMPLETED,AUTO-TIE BALER (1ST SHIFT),Posted,5/8/2026 12:00:00 AM,5:50AM,,18:10:00,LBS    ,2905.000,2905.000,0.000,Plus Materials                                    ,,42.5500,42.5500,0.0000,,,9,2,
14654,5/7/2026 12:00:00 AM,Plus Monroe Warehouse                        ,COMPLETED,EXTRUDER (1ST SHIFT),Posted,5/8/2026 12:00:00 AM,5:50AM,,18:10:00,LBS    ,9854.000,9854.000,0.000,Plus Materials                                    ,,1231.7500,1231.7600,0.0000,,,55,0,
14656,5/7/2026 12:00:00 AM,Plus Monroe Warehouse                        ,COMPLETED,GUILLOTINE (1ST SHIFT),Posted,5/8/2026 12:00:00 AM,5:51AM,,18:09:00,LBS    ,11386.000,11386.000,0.000,Plus Materials                                    ,,1423.2500,1423.2800,0.0000,,,0,10,
14658,5/7/2026 12:00:00 AM,Monroe Processing Warehouse                  ,COMPLETED,SHREDDER/GRINDER (1ST SHIFT),Posted,5/8/2026 12:00:00 AM,5:51AM,,18:09:00,LBS    ,4543.000,4543.000,0.000,Plus Materials                                    ,,45.4300,45.4300,0.0000,,,59,0,
14659,5/7/2026 12:00:00 AM,Plus Monroe Warehouse                        ,COMPLETED,SMALL GRINDER (1ST SHIFT),Posted,5/8/2026 12:00:00 AM,5:51AM,,18:09:00,LBS    ,3962.000,3962.000,0.000,Plus Materials                                    ,,39.6200,39.6200,0.0000,,,0,0,
14660,5/7/2026 12:00:00 AM,Plus Monroe Warehouse                        ,COMPLETED,AUTO-TIE BALER (2ND SHIFT),Posted,5/8/2026 12:00:00 AM,5:51AM,,18:09:00,LBS    ,5705.000,5705.000,0.000,Plus Materials                                    ,,102.1394,102.1300,0.0000,,,18,0,
14664,5/7/2026 12:00:00 AM,Plus Monroe Warehouse                        ,COMPLETED,EXTRUDER (2ND SHIFT),Posted,5/8/2026 12:00:00 AM,5:52AM,,18:08:00,LBS    ,6618.000,6618.000,0.000,Plus Materials                                    ,,727.9800,727.9800,0.0000,,,17,0,
14666,5/7/2026 12:00:00 AM,Plus Monroe Warehouse                        ,COMPLETED,GUILLOTINE (2ND SHIFT),Posted,5/8/2026 12:00:00 AM,5:52AM,,18:08:00,LBS    ,11160.000,11160.000,0.000,Plus Materials                                    ,,1395.0000,1395.0200,0.0000,,,0,0,
14668,5/7/2026 12:00:00 AM,Monroe Processing Warehouse                  ,COMPLETED,SHREDDER/GRINDER (2ND SHIFT),Posted,5/8/2026 12:00:00 AM,5:53AM,,18:07:00,LBS    ,1639.000,1639.000,0.000,Plus Materials                                    ,,0.0000,0.0000,0.0000,,,0,0,
14674,5/7/2026 12:00:00 AM,Plus Monroe Warehouse                        ,COMPLETED,EXTRUDER (3RD SHIFT),Posted,5/8/2026 12:00:00 AM,5:54AM,,18:06:00,LBS    ,6884.000,6884.000,0.000,Plus Materials                                    ,,413.0400,413.0400,0.0000,,,0,0,
14682,5/8/2026 12:00:00 AM,Plus Monroe Warehouse                        ,COMPLETED,AUTO-TIE BALER (1ST SHIFT),Posted,5/11/2026 12:00:00 AM,5:48AM,,18:12:00,LBS    ,7898.000,7898.000,0.000,Plus Materials                                    ,,2166.8925,2166.8900,0.0000,,,8,5,
14686,5/8/2026 12:00:00 AM,Plus Monroe Warehouse                        ,COMPLETED,EXTRUDER (1ST SHIFT),Posted,5/11/2026 12:00:00 AM,5:48AM,,18:12:00,LBS    ,8637.000,8637.000,0.000,Plus Materials                                    ,,906.8850,906.8900,0.0000,,,200,0,
14688,5/8/2026 12:00:00 AM,Plus Monroe Warehouse                        ,COMPLETED,GUILLOTINE (1ST SHIFT),Posted,5/11/2026 12:00:00 AM,5:49AM,,18:11:00,LBS    ,6188.000,6188.000,0.000,Plus Materials                                    ,,649.7400,649.7500,0.0000,,,10,3,
14690,5/8/2026 12:00:00 AM,Monroe Processing Warehouse                  ,COMPLETED,SHREDDER/GRINDER (1ST SHIFT),Posted,5/11/2026 12:00:00 AM,5:49AM,,18:11:00,LBS    ,7999.000,7999.000,0.000,Plus Materials                                    ,,0.0000,0.0000,0.0000,,,42,0,
14691,5/8/2026 12:00:00 AM,Plus Monroe Warehouse                        ,COMPLETED,SMALL GRINDER (1ST SHIFT),Posted,5/11/2026 12:00:00 AM,5:49AM,,18:11:00,LBS    ,1361.000,1361.000,0.000,Plus Materials                                    ,,0.0000,0.0000,0.0000,,,0,0,
14692,5/8/2026 12:00:00 AM,Plus Monroe Warehouse                        ,COMPLETED,AUTO-TIE BALER (2ND SHIFT),Posted,5/11/2026 12:00:00 AM,5:49AM,,18:11:00,LBS    ,6804.000,6804.000,0.000,Plus Materials                                    ,,187.1100,187.1200,0.0000,,,10,0,
14696,5/8/2026 12:00:00 AM,Plus Monroe Warehouse                        ,COMPLETED,EXTRUDER (2ND SHIFT),Posted,5/11/2026 12:00:00 AM,5:50AM,,18:10:00,LBS    ,5198.000,5198.000,0.000,Plus Materials                                    ,,545.7924,545.7900,0.0000,,,0,0,
14698,5/8/2026 12:00:00 AM,Plus Monroe Warehouse                        ,COMPLETED,GUILLOTINE (2ND SHIFT),Posted,5/11/2026 12:00:00 AM,5:50AM,,18:10:00,LBS    ,10076.000,10076.000,0.000,Plus Materials                                    ,,464.8631,464.8800,0.0000,,,5,0,
14700,5/8/2026 12:00:00 AM,Monroe Processing Warehouse                  ,COMPLETED,SHREDDER/GRINDER (2ND SHIFT),Posted,5/11/2026 12:00:00 AM,5:51AM,,18:09:00,LBS    ,1054.000,1054.000,0.000,Plus Materials                                    ,,0.0000,0.0000,0.0000,,,0,0,
14706,5/8/2026 12:00:00 AM,Plus Monroe Warehouse                        ,COMPLETED,EXTRUDER (3RD SHIFT),Posted,5/11/2026 12:00:00 AM,5:52AM,,18:08:00,LBS    ,7397.000,7397.000,0.000,Plus Materials                                    ,,208.5875,208.5900,0.0000,,,5,0,
14713,5/8/2026 12:00:00 AM,Plus Ryder Midwest                           ,COMPLETED,BOGUS,Posted,5/8/2026 12:00:00 AM,12:29PM,,11:31:00,LBS    ,9350.000,9350.000,0.000,Plus Materials                                    ,,701.2500,701.2500,0.0000,,,24,1,
14714,5/8/2026 12:00:00 AM,Plus Ryder Midwest                           ,COMPLETED,BOGUS,Posted,5/8/2026 12:00:00 AM,12:31PM,,11:29:00,LBS    ,11900.000,11900.000,0.000,Plus Materials                                    ,,892.5000,892.5000,0.0000,,,25,1,
14715,5/11/2026 12:00:00 AM,Plus Monroe Warehouse                        ,COMPLETED,AUTO-TIE BALER (1ST SHIFT),Posted,5/12/2026 12:00:00 AM,5:05AM,,18:55:00,LBS    ,2972.000,2972.000,0.000,Plus Materials                                    ,,0.0000,0.0000,0.0000,,,2,2,
14719,5/11/2026 12:00:00 AM,Plus Monroe Warehouse                        ,COMPLETED,EXTRUDER (1ST SHIFT),Posted,5/12/2026 12:00:00 AM,5:06AM,,18:54:00,LBS    ,7266.000,7266.000,0.000,Plus Materials                                    ,,726.6000,726.6000,0.0000,,,206,0,
14721,5/11/2026 12:00:00 AM,Plus Monroe Warehouse                        ,COMPLETED,GUILLOTINE (1ST SHIFT),Posted,5/12/2026 12:00:00 AM,5:06AM,,18:54:00,LBS    ,9383.000,9383.000,0.000,Plus Materials                                    ,,815.9500,815.9600,0.0000,,,0,13,
14723,5/11/2026 12:00:00 AM,Monroe Processing Warehouse                  ,COMPLETED,SHREDDER/GRINDER (1ST SHIFT),Posted,5/12/2026 12:00:00 AM,5:07AM,,18:53:00,LBS    ,5388.000,5388.000,0.000,Plus Materials                                    ,,0.0000,0.0000,0.0000,,,16,0,
14724,5/11/2026 12:00:00 AM,Plus Monroe Warehouse                        ,COMPLETED,SMALL GRINDER (1ST SHIFT),Posted,5/12/2026 12:00:00 AM,5:07AM,,18:53:00,LBS    ,1436.000,1436.000,0.000,Plus Materials                                    ,,0.0000,0.0000,0.0000,,,35,0,
14725,5/11/2026 12:00:00 AM,Plus Monroe Warehouse                        ,COMPLETED,AUTO-TIE BALER (2ND SHIFT),Posted,5/12/2026 12:00:00 AM,5:07AM,,18:53:00,LBS    ,3002.000,3002.000,0.000,Plus Materials                                    ,,68.4112,68.4100,0.0000,,,1,0,
14729,5/11/2026 12:00:00 AM,Plus Monroe Warehouse                        ,COMPLETED,EXTRUDER (2ND SHIFT),Posted,5/12/2026 12:00:00 AM,5:08AM,,18:52:00,LBS    ,8556.000,8556.000,0.000,Plus Materials                                    ,,855.6000,855.6000,0.0000,,,0,0,
14731,5/11/2026 12:00:00 AM,Plus Monroe Warehouse                        ,COMPLETED,GUILLOTINE (2ND SHIFT),Posted,5/12/2026 12:00:00 AM,5:08AM,,18:52:00,LBS    ,9443.000,9443.000,0.000,Plus Materials                                    ,,666.6000,666.6100,0.0000,,,0,0,
14733,5/11/2026 12:00:00 AM,Monroe Processing Warehouse                  ,COMPLETED,SHREDDER/GRINDER (2ND SHIFT),Posted,5/12/2026 12:00:00 AM,5:09AM,,18:51:00,LBS    ,3209.000,3209.000,0.000,Plus Materials                                    ,,0.0000,0.0000,0.0000,,,0,0,
14739,5/11/2026 12:00:00 AM,Plus Monroe Warehouse                        ,COMPLETED,EXTRUDER (3RD SHIFT),Posted,5/12/2026 12:00:00 AM,5:10AM,,18:50:00,LBS    ,1528.000,1528.000,0.000,Plus Materials                                    ,,168.0800,168.0800,0.0000,,,0,0,
14741,5/11/2026 12:00:00 AM,Plus Monroe Warehouse                        ,COMPLETED,GUILLOTINE (3RD SHIFT),Posted,5/12/2026 12:00:00 AM,5:10AM,,18:50:00,LBS    ,8372.000,8372.000,0.000,Plus Materials                                    ,,837.2000,837.2000,0.0000,,,203,0,
14745,5/11/2026 12:00:00 AM,PRN Southeast                                ,COMPLETED,BALER,Posted,5/12/2026 12:00:00 AM,5:11AM,,18:49:00,LBS    ,282.000,4340.000,-4058.000,Plus Materials                                    ,,6.4100,20.5000,14.1000,,,1,4,
14746,5/12/2026 12:00:00 AM,Plus Monroe Warehouse                        ,COMPLETED,AUTO-TIE BALER (1ST SHIFT),Posted,5/13/2026 12:00:00 AM,5:57AM,,18:03:00,LBS    ,2925.000,2925.000,0.000,Plus Materials                                    ,,73.1271,73.1300,0.0000,,,9,2,
14750,5/12/2026 12:00:00 AM,Plus Monroe Warehouse                        ,COMPLETED,EXTRUDER (1ST SHIFT),Posted,5/13/2026 12:00:00 AM,5:58AM,,18:02:00,LBS    ,8240.000,8240.000,0.000,Plus Materials                                    ,,824.0000,824.0000,0.0000,,,0,0,
14752,5/12/2026 12:00:00 AM,Plus Monroe Warehouse                        ,COMPLETED,GUILLOTINE (1ST SHIFT),Posted,5/13/2026 12:00:00 AM,5:58AM,,18:02:00,LBS    ,10875.000,10875.000,0.000,Plus Materials                                    ,,1087.5000,1087.5000,0.0000,,,9,0,
14754,5/12/2026 12:00:00 AM,Monroe Processing Warehouse                  ,COMPLETED,SHREDDER/GRINDER (1ST SHIFT),Posted,5/13/2026 12:00:00 AM,5:58AM,,18:02:00,LBS    ,8002.000,8002.000,0.000,Plus Materials                                    ,,0.0000,0.0000,0.0000,,,0,0,
14756,5/12/2026 12:00:00 AM,Plus Monroe Warehouse                        ,COMPLETED,AUTO-TIE BALER (2ND SHIFT),Posted,5/13/2026 12:00:00 AM,5:59AM,,18:01:00,LBS    ,3263.000,3263.000,0.000,Plus Materials                                    ,,216.3303,216.3300,0.0000,,,0,0,
14762,5/12/2026 12:00:00 AM,Plus Monroe Warehouse                        ,COMPLETED,GUILLOTINE (2ND SHIFT),Posted,5/13/2026 12:00:00 AM,6:00AM,,18:00:00,LBS    ,8573.000,8573.000,0.000,Plus Materials                                    ,,538.1000,538.1200,0.0000,,,10,0,
14764,5/12/2026 12:00:00 AM,Monroe Processing Warehouse                  ,COMPLETED,SHREDDER/GRINDER (2ND SHIFT),Posted,5/13/2026 12:00:00 AM,6:00AM,,18:00:00,LBS    ,2181.000,2181.000,0.000,Plus Materials                                    ,,218.1000,218.1000,0.0000,,,0,0,
14770,5/12/2026 12:00:00 AM,Plus Monroe Warehouse                        ,COMPLETED,EXTRUDER (3RD SHIFT),Posted,5/13/2026 12:00:00 AM,6:01AM,,17:59:00,LBS    ,5122.000,5122.000,0.000,Plus Materials                                    ,,512.2000,512.2000,0.0000,,,0,0,
14777,5/13/2026 12:00:00 AM,Plus Ryder Midwest                           ,COMPLETED,BOGUS,Posted,5/13/2026 12:00:00 AM,4:54AM,,19:06:00,LBS    ,3400.000,3400.000,0.000,Plus Materials                                    ,,255.0000,255.0000,0.0000,,,23,1,
14778,5/13/2026 12:00:00 AM,Plus Monroe Warehouse                        ,COMPLETED,AUTO-TIE BALER (1ST SHIFT),Posted,5/14/2026 12:00:00 AM,5:47AM,,18:13:00,LBS    ,1028.000,1028.000,0.000,Plus Materials                                    ,,53.1857,53.1900,0.0000,,,0,1,
14782,5/13/2026 12:00:00 AM,Plus Monroe Warehouse                        ,COMPLETED,EXTRUDER (1ST SHIFT),Posted,5/14/2026 12:00:00 AM,5:47AM,,18:13:00,LBS    ,6350.000,6350.000,0.000,Plus Materials                                    ,,635.0000,635.0000,0.0000,,,10,0,
14784,5/13/2026 12:00:00 AM,Plus Monroe Warehouse                        ,COMPLETED,GUILLOTINE (1ST SHIFT),Posted,5/14/2026 12:00:00 AM,5:48AM,,18:12:00,LBS    ,9459.000,9459.000,0.000,Plus Materials                                    ,,1385.7846,1385.8000,0.0000,,,12,0,
14786,5/13/2026 12:00:00 AM,Monroe Processing Warehouse                  ,COMPLETED,SHREDDER/GRINDER (1ST SHIFT),Posted,5/14/2026 12:00:00 AM,5:48AM,,18:12:00,LBS    ,8114.000,8114.000,0.000,Plus Materials                                    ,,405.7000,405.7000,0.0000,,,20,0,
14788,5/13/2026 12:00:00 AM,Plus Monroe Warehouse                        ,COMPLETED,AUTO-TIE BALER (2ND SHIFT),Posted,5/14/2026 12:00:00 AM,5:48AM,,18:12:00,LBS    ,1103.000,1103.000,0.000,Plus Materials                                    ,,57.0696,57.0700,0.0000,,,0,0,
14792,5/13/2026 12:00:00 AM,Plus Monroe Warehouse                        ,COMPLETED,EXTRUDER (2ND SHIFT),Posted,5/14/2026 12:00:00 AM,5:49AM,,18:11:00,LBS    ,3032.000,3032.000,0.000,Plus Materials                                    ,,303.2000,303.2000,0.0000,,,206,0,
14794,5/13/2026 12:00:00 AM,Plus Monroe Warehouse                        ,COMPLETED,GUILLOTINE (2ND SHIFT),Posted,5/14/2026 12:00:00 AM,5:49AM,,18:11:00,LBS    ,11188.000,11188.000,0.000,Plus Materials                                    ,,1118.8000,1118.8000,0.0000,,,0,0,
14796,5/13/2026 12:00:00 AM,Monroe Processing Warehouse                  ,COMPLETED,SHREDDER/GRINDER (2ND SHIFT),Posted,5/14/2026 12:00:00 AM,5:50AM,,18:10:00,LBS    ,1026.000,1026.000,0.000,Plus Materials                                    ,,0.0000,0.0000,0.0000,,,0,0,
14802,5/13/2026 12:00:00 AM,Plus Monroe Warehouse                        ,COMPLETED,EXTRUDER (3RD SHIFT),Posted,5/14/2026 12:00:00 AM,5:51AM,,18:09:00,LBS    ,6178.000,6178.000,0.000,Plus Materials                                    ,,617.8000,617.8000,0.0000,,,0,0,
14804,5/13/2026 12:00:00 AM,Plus Monroe Warehouse                        ,COMPLETED,GUILLOTINE (3RD SHIFT),Posted,5/14/2026 12:00:00 AM,5:51AM,,18:09:00,LBS    ,9938.000,9938.000,0.000,Plus Materials                                    ,,993.8000,993.8000,0.0000,,,204,0,
14809,5/14/2026 12:00:00 AM,Plus Monroe Warehouse                        ,COMPLETED,AUTO-TIE BALER (1ST SHIFT),Posted,5/15/2026 12:00:00 AM,5:49AM,,18:11:00,LBS    ,7120.000,7120.000,0.000,Plus Materials                                    ,,520.2607,520.2500,0.0000,,,14,4,
14813,5/14/2026 12:00:00 AM,Plus Monroe Warehouse                        ,COMPLETED,EXTRUDER (1ST SHIFT),Posted,5/15/2026 12:00:00 AM,5:50AM,,18:10:00,LBS    ,8880.000,8880.000,0.000,Plus Materials                                    ,,888.0000,888.0000,0.0000,,,0,0,
14815,5/14/2026 12:00:00 AM,Plus Monroe Warehouse                        ,COMPLETED,GUILLOTINE (1ST SHIFT),Posted,5/15/2026 12:00:00 AM,5:50AM,,18:10:00,LBS    ,12150.000,12150.000,0.000,Plus Materials                                    ,,1215.0000,1215.0000,0.0000,,,200,0,
14817,5/14/2026 12:00:00 AM,Monroe Processing Warehouse                  ,COMPLETED,SHREDDER/GRINDER (1ST SHIFT),Posted,5/15/2026 12:00:00 AM,5:50AM,,18:10:00,LBS    ,6577.000,6577.000,0.000,Plus Materials                                    ,,220.1338,220.1300,0.0000,,,0,0,
14819,5/14/2026 12:00:00 AM,Plus Monroe Warehouse                        ,COMPLETED,AUTO-TIE BALER (2ND SHIFT),Posted,5/15/2026 12:00:00 AM,5:52AM,,18:08:00,LBS    ,4175.000,4175.000,0.000,Plus Materials                                    ,,391.8659,391.8700,0.0000,,,24,0,
14825,5/14/2026 12:00:00 AM,Plus Monroe Warehouse                        ,COMPLETED,GUILLOTINE (2ND SHIFT),Posted,5/15/2026 12:00:00 AM,5:53AM,,18:07:00,LBS    ,7549.000,7549.000,0.000,Plus Materials                                    ,,754.9000,754.9000,0.0000,,,13,0,
14833,5/14/2026 12:00:00 AM,Plus Monroe Warehouse                        ,COMPLETED,EXTRUDER (3RD SHIFT),Posted,5/15/2026 12:00:00 AM,5:55AM,,18:05:00,LBS    ,6324.000,6324.000,0.000,Plus Materials                                    ,,632.4000,632.4000,0.0000,,,10,0,
14840,5/15/2026 12:00:00 AM,Plus Ryder Midwest                           ,COMPLETED,BOGUS,Posted,5/15/2026 12:00:00 AM,5:18AM,,18:42:00,LBS    ,5100.000,5100.000,0.000,Plus Materials                                    ,,382.5000,382.5000,0.0000,,,24,1,
14841,5/15/2026 12:00:00 AM,Plus Monroe Warehouse                        ,COMPLETED,AUTO-TIE BALER (1ST SHIFT),Posted,5/18/2026 12:00:00 AM,5:47AM,,18:13:00,LBS    ,4272.000,4272.000,0.000,Plus Materials                                    ,,170.8800,170.8800,0.0000,,,9,3,
14845,5/15/2026 12:00:00 AM,Plus Monroe Warehouse                        ,COMPLETED,EXTRUDER (1ST SHIFT),Posted,5/18/2026 12:00:00 AM,5:48AM,,18:12:00,LBS    ,10155.000,10155.000,0.000,Plus Materials                                    ,,304.6500,304.6500,0.0000,,,12,1,
14847,5/15/2026 12:00:00 AM,Plus Monroe Warehouse                        ,COMPLETED,GUILLOTINE (1ST SHIFT),Posted,5/18/2026 12:00:00 AM,5:48AM,,18:12:00,LBS    ,8155.000,8155.000,0.000,Plus Materials                                    ,,253.0067,253.0100,0.0000,,,0,0,
14849,5/15/2026 12:00:00 AM,Monroe Processing Warehouse                  ,COMPLETED,SHREDDER/GRINDER (1ST SHIFT),Posted,5/18/2026 12:00:00 AM,5:49AM,,18:11:00,LBS    ,5094.000,5094.000,0.000,Plus Materials                                    ,,0.0000,0.0000,0.0000,,,0,0,
14850,5/15/2026 12:00:00 AM,Plus Monroe Warehouse                        ,COMPLETED,SMALL GRINDER (1ST SHIFT),Posted,5/18/2026 12:00:00 AM,5:49AM,,18:11:00,LBS    ,883.000,883.000,0.000,Plus Materials                                    ,,0.0000,0.0000,0.0000,,,0,0,
14851,5/15/2026 12:00:00 AM,Plus Monroe Warehouse                        ,COMPLETED,AUTO-TIE BALER (2ND SHIFT),Posted,5/18/2026 12:00:00 AM,5:49AM,,18:11:00,LBS    ,2446.000,2446.000,0.000,Plus Materials                                    ,,61.1500,61.1500,0.0000,,,0,0,
14857,5/15/2026 12:00:00 AM,Plus Monroe Warehouse                        ,COMPLETED,GUILLOTINE (2ND SHIFT),Posted,5/18/2026 12:00:00 AM,5:50AM,,18:10:00,LBS    ,1330.000,1330.000,0.000,Plus Materials                                    ,,146.3000,146.3000,0.0000,,,0,0,
14859,5/15/2026 12:00:00 AM,Monroe Processing Warehouse                  ,COMPLETED,SHREDDER/GRINDER (2ND SHIFT),Posted,5/18/2026 12:00:00 AM,5:51AM,,18:09:00,LBS    ,3333.000,3333.000,0.000,Plus Materials                                    ,,150.4209,150.4200,0.0000,,,60,0,
14865,5/15/2026 12:00:00 AM,Plus Monroe Warehouse                        ,COMPLETED,EXTRUDER (3RD SHIFT),Posted,5/18/2026 12:00:00 AM,5:52AM,,18:08:00,LBS    ,6884.000,6884.000,0.000,Plus Materials                                    ,,688.4000,688.4000,0.0000,,,0,0,
14867,5/15/2026 12:00:00 AM,Plus Monroe Warehouse                        ,COMPLETED,GUILLOTINE (3RD SHIFT),Posted,5/18/2026 12:00:00 AM,5:52AM,,18:08:00,LBS    ,7961.000,7961.000,0.000,Plus Materials                                    ,,796.1000,796.1000,0.0000,,,200,0,
14872,5/18/2026 12:00:00 AM,Plus Monroe Warehouse                        ,COMPLETED,AUTO-TIE BALER (1ST SHIFT),Posted,5/19/2026 12:00:00 AM,4:52AM,,19:08:00,LBS    ,3163.000,3163.000,0.000,Plus Materials                                    ,,71.2750,71.2800,0.0000,,,9,2,
14878,5/18/2026 12:00:00 AM,Plus Monroe Warehouse                        ,COMPLETED,GUILLOTINE (1ST SHIFT),Posted,5/19/2026 12:00:00 AM,4:53AM,,19:07:00,LBS    ,6953.000,6953.000,0.000,Plus Materials                                    ,,-486.7100,-486.7100,0.0000,,,10,0,
14880,5/18/2026 12:00:00 AM,Monroe Processing Warehouse                  ,COMPLETED,SHREDDER/GRINDER (1ST SHIFT),Posted,5/19/2026 12:00:00 AM,4:53AM,,19:07:00,LBS    ,2669.000,2669.000,0.000,Plus Materials                                    ,,0.0000,0.0000,0.0000,,,0,0,
14882,5/18/2026 12:00:00 AM,Plus Monroe Warehouse                        ,COMPLETED,AUTO-TIE BALER (2ND SHIFT),Posted,5/19/2026 12:00:00 AM,4:57AM,,19:03:00,LBS    ,2936.000,2936.000,0.000,Plus Materials                                    ,,268.5205,268.5200,0.0000,,,13,0,
14886,5/18/2026 12:00:00 AM,Plus Monroe Warehouse                        ,COMPLETED,EXTRUDER (2ND SHIFT),Posted,5/19/2026 12:00:00 AM,4:58AM,,19:02:00,LBS    ,4916.000,4916.000,0.000,Plus Materials                                    ,,491.6000,491.6000,0.0000,,,0,0,
14888,5/18/2026 12:00:00 AM,Plus Monroe Warehouse                        ,COMPLETED,GUILLOTINE (2ND SHIFT),Posted,5/19/2026 12:00:00 AM,4:58AM,,19:02:00,LBS    ,7423.000,7423.000,0.000,Plus Materials                                    ,,612.4000,612.4100,0.0000,,,7,0,
14890,5/18/2026 12:00:00 AM,Monroe Processing Warehouse                  ,COMPLETED,SHREDDER/GRINDER (2ND SHIFT),Posted,5/19/2026 12:00:00 AM,4:59AM,,19:01:00,LBS    ,531.000,531.000,0.000,Plus Materials                                    ,,60.2175,60.2200,0.0000,,,0,0,
14896,5/18/2026 12:00:00 AM,Plus Monroe Warehouse                        ,COMPLETED,EXTRUDER (3RD SHIFT),Posted,5/19/2026 12:00:00 AM,5:00AM,,19:00:00,LBS    ,6548.000,6548.000,0.000,Plus Materials                                    ,,654.8000,654.8000,0.0000,,,12,0,
14898,5/18/2026 12:00:00 AM,Plus Monroe Warehouse                        ,COMPLETED,GUILLOTINE (3RD SHIFT),Posted,5/19/2026 12:00:00 AM,5:00AM,,19:00:00,LBS    ,7434.000,7434.000,0.000,Plus Materials                                    ,,297.3600,297.3600,0.0000,,,27,0,
14903,5/18/2026 12:00:00 AM,Plus Ryder Midwest                           ,COMPLETED,BOGUS,Posted,5/18/2026 12:00:00 AM,2:19PM,,09:41:00,LBS    ,30372.000,30372.000,0.000,Plus Materials                                    ,,455.5835,455.5800,0.0000,,,30,1,
14904,5/18/2026 12:00:00 AM,Plus Ryder Midwest                           ,COMPLETED,BOGUS,Posted,5/18/2026 12:00:00 AM,2:22PM,,09:38:00,LBS    ,7650.000,7650.000,0.000,Plus Materials                                    ,,573.7500,573.7500,0.0000,,,18,1,
14905,5/19/2026 12:00:00 AM,Plus Monroe Warehouse                        ,COMPLETED,AUTO-TIE BALER (1ST SHIFT),Posted,5/20/2026 12:00:00 AM,5:54AM,,18:06:00,LBS    ,4825.000,4825.000,0.000,Plus Materials                                    ,,120.6274,120.6300,0.0000,,,0,3,
14909,5/19/2026 12:00:00 AM,Plus Monroe Warehouse                        ,COMPLETED,EXTRUDER (1ST SHIFT),Posted,5/20/2026 12:00:00 AM,5:55AM,,18:05:00,LBS    ,8919.000,8919.000,0.000,Plus Materials                                    ,,356.7600,356.7600,0.0000,,,0,0,
14911,5/19/2026 12:00:00 AM,Plus Monroe Warehouse                        ,COMPLETED,GUILLOTINE (1ST SHIFT),Posted,5/20/2026 12:00:00 AM,5:55AM,,18:05:00,LBS    ,3850.000,3850.000,0.000,Plus Materials                                    ,,-2.5400,-2.5300,0.0000,,,0,2,
14912,5/19/2026 12:00:00 AM,Plus Monroe Warehouse                        ,COMPLETED,SHREDDER (1ST SHIFT),Posted,5/20/2026 12:00:00 AM,5:55AM,,18:05:00,LBS    ,7276.000,7276.000,0.000,Plus Materials                                    ,,0.0000,0.0000,0.0000,,,0,0,
14913,5/19/2026 12:00:00 AM,Monroe Processing Warehouse                  ,COMPLETED,SHREDDER/GRINDER (1ST SHIFT),Posted,5/20/2026 12:00:00 AM,5:56AM,,18:04:00,LBS    ,2791.000,2791.000,0.000,Plus Materials                                    ,,0.0000,0.0000,0.0000,,,0,0,
14914,5/19/2026 12:00:00 AM,Plus Monroe Warehouse                        ,COMPLETED,SMALL GRINDER (1ST SHIFT),Posted,5/20/2026 12:00:00 AM,5:56AM,,18:04:00,LBS    ,936.000,936.000,0.000,Plus Materials                                    ,,0.0000,0.0000,0.0000,,,32,0,
14915,5/19/2026 12:00:00 AM,Plus Monroe Warehouse                        ,COMPLETED,AUTO-TIE BALER (2ND SHIFT),Posted,5/20/2026 12:00:00 AM,5:56AM,,18:04:00,LBS    ,8687.000,8687.000,0.000,Plus Materials                                    ,,427.5386,427.5300,0.0000,,,24,0,
14919,5/19/2026 12:00:00 AM,Plus Monroe Warehouse                        ,COMPLETED,EXTRUDER (2ND SHIFT),Posted,5/20/2026 12:00:00 AM,5:57AM,,18:03:00,LBS    ,7597.000,7597.000,0.000,Plus Materials                                    ,,797.6850,797.6900,0.0000,,,56,0,
14921,5/19/2026 12:00:00 AM,Plus Monroe Warehouse                        ,COMPLETED,GUILLOTINE (2ND SHIFT),Posted,5/20/2026 12:00:00 AM,5:57AM,,18:03:00,LBS    ,8823.000,8823.000,0.000,Plus Materials                                    ,,885.4920,885.5000,0.0000,,,18,0,
14923,5/19/2026 12:00:00 AM,Monroe Processing Warehouse                  ,COMPLETED,SHREDDER/GRINDER (2ND SHIFT),Posted,5/20/2026 12:00:00 AM,5:57AM,,18:03:00,LBS    ,968.000,968.000,0.000,Plus Materials                                    ,,0.0000,0.0000,0.0000,,,0,0,
14929,5/19/2026 12:00:00 AM,Plus Monroe Warehouse                        ,COMPLETED,EXTRUDER (3RD SHIFT),Posted,5/20/2026 12:00:00 AM,5:58AM,,18:02:00,LBS    ,6598.000,6598.000,0.000,Plus Materials                                    ,,692.7885,692.7900,0.0000,,,0,0,
14931,5/19/2026 12:00:00 AM,Plus Monroe Warehouse                        ,COMPLETED,GUILLOTINE (3RD SHIFT),Posted,5/20/2026 12:00:00 AM,5:59AM,,18:01:00,LBS    ,7186.000,7186.000,0.000,Plus Materials                                    ,,754.5323,754.5500,0.0000,,,0,0,
14936,5/20/2026 12:00:00 AM,Plus Monroe Warehouse                        ,COMPLETED,AUTO-TIE BALER (1ST SHIFT),Posted,5/21/2026 12:00:00 AM,5:53AM,,18:07:00,LBS    ,5624.000,5624.000,0.000,Plus Materials                                    ,,0.0000,0.0000,0.0000,,,28,5,
14940,5/20/2026 12:00:00 AM,Plus Monroe Warehouse                        ,COMPLETED,EXTRUDER (1ST SHIFT),Posted,5/21/2026 12:00:00 AM,5:54AM,,18:06:00,LBS    ,10798.000,10798.000,0.000,Plus Materials                                    ,,1133.7900,1133.7900,0.0000,,,58,0,
14942,5/20/2026 12:00:00 AM,Plus Monroe Warehouse                        ,COMPLETED,GUILLOTINE (1ST SHIFT),Posted,5/21/2026 12:00:00 AM,5:54AM,,18:06:00,LBS    ,4861.000,4861.000,0.000,Plus Materials                                    ,,375.1277,375.1300,0.0000,,,1,4,
14943,5/20/2026 12:00:00 AM,Plus Monroe Warehouse                        ,COMPLETED,SHREDDER (1ST SHIFT),Posted,5/21/2026 12:00:00 AM,5:54AM,,18:06:00,LBS    ,6651.000,6651.000,0.000,Plus Materials                                    ,,0.0000,0.0000,0.0000,,,0,0,
14944,5/20/2026 12:00:00 AM,Monroe Processing Warehouse                  ,COMPLETED,SHREDDER/GRINDER (1ST SHIFT),Posted,5/21/2026 12:00:00 AM,5:54AM,,18:06:00,LBS    ,7852.000,7852.000,0.000,Plus Materials                                    ,,840.2562,840.2600,0.0000,,,0,0,
14946,5/20/2026 12:00:00 AM,Plus Monroe Warehouse                        ,COMPLETED,AUTO-TIE BALER (2ND SHIFT),Posted,5/21/2026 12:00:00 AM,5:54AM,,18:06:00,LBS    ,6580.000,6580.000,0.000,Plus Materials                                    ,,0.0000,0.0000,0.0000,,,33,0,
14950,5/20/2026 12:00:00 AM,Plus Monroe Warehouse                        ,COMPLETED,EXTRUDER (2ND SHIFT),Posted,5/21/2026 12:00:00 AM,5:55AM,,18:05:00,LBS    ,7406.000,7406.000,0.000,Plus Materials                                    ,,777.6300,777.6300,0.0000,,,0,0,
14952,5/20/2026 12:00:00 AM,Plus Monroe Warehouse                        ,COMPLETED,GUILLOTINE (2ND SHIFT),Posted,5/21/2026 12:00:00 AM,5:55AM,,18:05:00,LBS    ,11518.000,11518.000,0.000,Plus Materials                                    ,,1209.3900,1209.4200,0.0000,,,0,0,
14954,5/20/2026 12:00:00 AM,Monroe Processing Warehouse                  ,COMPLETED,SHREDDER/GRINDER (2ND SHIFT),Posted,5/21/2026 12:00:00 AM,5:56AM,,18:04:00,LBS    ,1621.000,1621.000,0.000,Plus Materials                                    ,,173.4658,173.4700,0.0000,,,0,0,
14960,5/20/2026 12:00:00 AM,Plus Monroe Warehouse                        ,COMPLETED,EXTRUDER (3RD SHIFT),Posted,5/21/2026 12:00:00 AM,5:57AM,,18:03:00,LBS    ,4722.000,4722.000,0.000,Plus Materials                                    ,,495.8100,495.8100,0.0000,,,0,0,
14962,5/20/2026 12:00:00 AM,Plus Monroe Warehouse                        ,COMPLETED,GUILLOTINE (3RD SHIFT),Posted,5/21/2026 12:00:00 AM,5:57AM,,18:03:00,LBS    ,5941.000,5941.000,0.000,Plus Materials                                    ,,623.8050,623.8200,0.0000,,,52,0,
14967,5/21/2026 12:00:00 AM,Plus Monroe Warehouse                        ,COMPLETED,AUTO-TIE BALER (1ST SHIFT),Posted,5/22/2026 12:00:00 AM,5:47AM,,18:13:00,LBS    ,1010.000,1010.000,0.000,Plus Materials                                    ,,0.0000,0.0000,0.0000,,,8,1,
14971,5/21/2026 12:00:00 AM,Plus Monroe Warehouse                        ,COMPLETED,EXTRUDER (1ST SHIFT),Posted,5/22/2026 12:00:00 AM,5:47AM,,18:13:00,LBS    ,8779.000,8779.000,0.000,Plus Materials                                    ,,921.7965,921.8000,0.0000,,,0,0,
14973,5/21/2026 12:00:00 AM,Plus Monroe Warehouse                        ,COMPLETED,GUILLOTINE (1ST SHIFT),Posted,5/22/2026 12:00:00 AM,5:48AM,,18:12:00,LBS    ,7076.000,7076.000,0.000,Plus Materials                                    ,,742.9800,743.0000,0.0000,,,0,6,
14974,5/21/2026 12:00:00 AM,Plus Monroe Warehouse                        ,COMPLETED,SHREDDER (1ST SHIFT),Posted,5/22/2026 12:00:00 AM,5:48AM,,18:12:00,LBS    ,3355.000,3355.000,0.000,Plus Materials                                    ,,192.8740,192.8800,0.0000,,,14,0,
14975,5/21/2026 12:00:00 AM,Monroe Processing Warehouse                  ,COMPLETED,SHREDDER/GRINDER (1ST SHIFT),Posted,5/22/2026 12:00:00 AM,5:48AM,,18:12:00,LBS    ,6338.000,6338.000,0.000,Plus Materials                                    ,,678.2381,678.2300,0.0000,,,0,0,
14977,5/21/2026 12:00:00 AM,Plus Monroe Warehouse                        ,COMPLETED,AUTO-TIE BALER (2ND SHIFT),Posted,5/22/2026 12:00:00 AM,5:48AM,,18:12:00,LBS    ,6768.000,6768.000,0.000,Plus Materials                                    ,,0.0000,0.0000,0.0000,,,35,0,
14981,5/21/2026 12:00:00 AM,Plus Monroe Warehouse                        ,COMPLETED,EXTRUDER (2ND SHIFT),Posted,5/22/2026 12:00:00 AM,5:49AM,,18:11:00,LBS    ,6372.000,6372.000,0.000,Plus Materials                                    ,,669.0600,669.0600,0.0000,,,0,0,
14983,5/21/2026 12:00:00 AM,Plus Monroe Warehouse                        ,COMPLETED,GUILLOTINE (2ND SHIFT),Posted,5/22/2026 12:00:00 AM,5:49AM,,18:11:00,LBS    ,11910.000,11910.000,0.000,Plus Materials                                    ,,1250.5500,1250.5800,0.0000,,,45,0,
14985,5/21/2026 12:00:00 AM,Monroe Processing Warehouse                  ,COMPLETED,SHREDDER/GRINDER (2ND SHIFT),Posted,5/22/2026 12:00:00 AM,5:50AM,,18:10:00,LBS    ,5273.000,5273.000,0.000,Plus Materials                                    ,,564.2738,564.2700,0.0000,,,0,0,
14991,5/21/2026 12:00:00 AM,Plus Monroe Warehouse                        ,COMPLETED,EXTRUDER (3RD SHIFT),Posted,5/22/2026 12:00:00 AM,5:51AM,,18:09:00,LBS    ,5110.000,5110.000,0.000,Plus Materials                                    ,,536.5500,536.5500,0.0000,,,0,0,
14993,5/21/2026 12:00:00 AM,Plus Monroe Warehouse                        ,COMPLETED,GUILLOTINE (3RD SHIFT),Posted,5/22/2026 12:00:00 AM,5:51AM,,18:09:00,LBS    ,6290.000,6290.000,0.000,Plus Materials                                    ,,660.4500,660.4600,0.0000,,,0,0,
14998,5/21/2026 12:00:00 AM,Plus Ryder Midwest                           ,COMPLETED,BOGUS,Posted,5/21/2026 12:00:00 AM,2:07PM,,09:53:00,LBS    ,8500.000,8500.000,0.000,Plus Materials                                    ,,1139.7727,1139.7700,0.0000,,,22,1,
14999,5/22/2026 12:00:00 AM,Plus Monroe Warehouse                        ,COMPLETED,AUTO-TIE BALER (1ST SHIFT),Posted,5/26/2026 12:00:00 AM,5:49AM,,18:11:00,LBS    ,9507.000,9507.000,0.000,Plus Materials                                    ,,-293.2919,-293.3100,0.0000,,,62,4,
15003,5/22/2026 12:00:00 AM,Plus Monroe Warehouse                        ,COMPLETED,EXTRUDER (1ST SHIFT),Posted,5/26/2026 12:00:00 AM,5:49AM,,18:11:00,LBS    ,9921.000,9921.000,0.000,Plus Materials                                    ,,1041.7050,1041.7100,0.0000,,,0,0,
15005,5/22/2026 12:00:00 AM,Plus Monroe Warehouse                        ,COMPLETED,GUILLOTINE (1ST SHIFT),Posted,5/26/2026 12:00:00 AM,5:50AM,,18:10:00,LBS    ,10177.000,10177.000,0.000,Plus Materials                                    ,,-712.3900,-712.3900,0.0000,,,8,4,
15006,5/22/2026 12:00:00 AM,Plus Monroe Warehouse                        ,COMPLETED,SHREDDER (1ST SHIFT),Posted,5/26/2026 12:00:00 AM,5:50AM,,18:10:00,LBS    ,1415.000,1415.000,0.000,Plus Materials                                    ,,84.9000,84.9000,0.0000,,,0,0,
15007,5/22/2026 12:00:00 AM,Monroe Processing Warehouse                  ,COMPLETED,SHREDDER/GRINDER (1ST SHIFT),Posted,5/26/2026 12:00:00 AM,5:50AM,,18:10:00,LBS    ,5554.000,5554.000,0.000,Plus Materials                                    ,,594.3406,594.3500,0.0000,,,0,0,
15009,5/22/2026 12:00:00 AM,Plus Monroe Warehouse                        ,COMPLETED,AUTO-TIE BALER (2ND SHIFT),Posted,5/26/2026 12:00:00 AM,5:50AM,,18:10:00,LBS    ,987.000,987.000,0.000,Plus Materials                                    ,,-29.6100,-29.6100,0.0000,,,0,0,
15013,5/22/2026 12:00:00 AM,Plus Monroe Warehouse                        ,COMPLETED,EXTRUDER (2ND SHIFT),Posted,5/26/2026 12:00:00 AM,5:51AM,,18:09:00,LBS    ,7936.000,7936.000,0.000,Plus Materials                                    ,,833.2838,833.2800,0.0000,,,0,0,
15015,5/22/2026 12:00:00 AM,Plus Monroe Warehouse                        ,COMPLETED,GUILLOTINE (2ND SHIFT),Posted,5/26/2026 12:00:00 AM,5:51AM,,18:09:00,LBS    ,7263.000,7263.000,0.000,Plus Materials                                    ,,762.6150,762.6500,0.0000,,,49,0,
15017,5/22/2026 12:00:00 AM,Monroe Processing Warehouse                  ,COMPLETED,SHREDDER/GRINDER (2ND SHIFT),Posted,5/26/2026 12:00:00 AM,5:52AM,,18:08:00,LBS    ,1982.000,1982.000,0.000,Plus Materials                                    ,,212.0966,212.1000,0.0000,,,0,0,
15023,5/22/2026 12:00:00 AM,Plus Monroe Warehouse                        ,COMPLETED,EXTRUDER (3RD SHIFT),Posted,5/26/2026 12:00:00 AM,5:53AM,,18:07:00,LBS    ,4612.000,4612.000,0.000,Plus Materials                                    ,,484.2650,484.2600,0.0000,,,0,0,
15025,5/22/2026 12:00:00 AM,Plus Monroe Warehouse                        ,COMPLETED,GUILLOTINE (3RD SHIFT),Posted,5/26/2026 12:00:00 AM,5:53AM,,18:07:00,LBS    ,8371.000,8371.000,0.000,Plus Materials                                    ,,878.9563,878.9900,0.0000,,,0,0,
15030,5/22/2026 12:00:00 AM,Plus Ryder Midwest                           ,COMPLETED,BOGUS,Posted,5/22/2026 12:00:00 AM,6:08AM,,17:52:00,LBS    ,8500.000,8500.000,0.000,Plus Materials                                    ,,637.5000,637.5000,0.0000,,,18,1,
15031,5/22/2026 12:00:00 AM,Plus Ryder Midwest                           ,COMPLETED,BOGUS,Posted,5/22/2026 12:00:00 AM,6:10AM,,17:50:00,LBS    ,3400.000,3400.000,0.000,Plus Materials                                    ,,255.0000,255.0000,0.0000,,,19,1,
15032,5/22/2026 12:00:00 AM,Plus Ryder Midwest                           ,COMPLETED,BOGUS,Posted,5/22/2026 12:00:00 AM,6:12AM,,17:48:00,LBS    ,3400.000,3400.000,0.000,Plus Materials                                    ,,340.0000,340.0000,0.0000,,,23,1,
15033,5/26/2026 12:00:00 AM,Plus Monroe Warehouse                        ,COMPLETED,AUTO-TIE BALER (1ST SHIFT),Posted,5/27/2026 12:00:00 AM,5:02AM,,18:58:00,LBS    ,6502.000,6502.000,0.000,Plus Materials                                    ,,1073.3517,1073.3600,0.0000,,,14,4,
15037,5/26/2026 12:00:00 AM,Plus Monroe Warehouse                        ,COMPLETED,EXTRUDER (1ST SHIFT),Posted,5/27/2026 12:00:00 AM,5:02AM,,18:58:00,LBS    ,1584.000,1584.000,0.000,Plus Materials                                    ,,158.4000,158.4000,0.0000,,,0,0,
15039,5/26/2026 12:00:00 AM,Plus Monroe Warehouse                        ,COMPLETED,GUILLOTINE (1ST SHIFT),Posted,5/27/2026 12:00:00 AM,5:03AM,,18:57:00,LBS    ,9612.000,9612.000,0.000,Plus Materials                                    ,,1009.2600,1009.2800,0.0000,,,0,10,
15040,5/26/2026 12:00:00 AM,Plus Monroe Warehouse                        ,COMPLETED,SHREDDER (1ST SHIFT),Posted,5/27/2026 12:00:00 AM,5:03AM,,18:57:00,LBS    ,775.000,775.000,0.000,Plus Materials                                    ,,35.6404,35.6400,0.0000,,,18,0,
15041,5/26/2026 12:00:00 AM,Monroe Processing Warehouse                  ,COMPLETED,SHREDDER/GRINDER (1ST SHIFT),Posted,5/27/2026 12:00:00 AM,5:03AM,,18:57:00,LBS    ,4380.000,4380.000,0.000,Plus Materials                                    ,,463.2670,463.2800,0.0000,,,39,0,
15043,5/26/2026 12:00:00 AM,Plus Monroe Warehouse                        ,COMPLETED,AUTO-TIE BALER (2ND SHIFT),Posted,5/27/2026 12:00:00 AM,5:04AM,,18:56:00,LBS    ,7778.000,7778.000,0.000,Plus Materials                                    ,,213.8950,213.9100,0.0000,,,0,0,
15047,5/26/2026 12:00:00 AM,Plus Monroe Warehouse                        ,COMPLETED,EXTRUDER (2ND SHIFT),Posted,5/27/2026 12:00:00 AM,5:04AM,,18:56:00,LBS    ,7929.000,7929.000,0.000,Plus Materials                                    ,,832.5450,832.5600,0.0000,,,0,0,
15049,5/26/2026 12:00:00 AM,Plus Monroe Warehouse                        ,COMPLETED,GUILLOTINE (2ND SHIFT),Posted,5/27/2026 12:00:00 AM,5:05AM,,18:55:00,LBS    ,8990.000,8990.000,0.000,Plus Materials                                    ,,943.9500,943.9800,0.0000,,,37,0,
15051,5/26/2026 12:00:00 AM,Monroe Processing Warehouse                  ,COMPLETED,SHREDDER/GRINDER (2ND SHIFT),Posted,5/27/2026 12:00:00 AM,5:05AM,,18:55:00,LBS    ,3949.000,3949.000,0.000,Plus Materials                                    ,,417.6803,417.6800,0.0000,,,0,0,
15057,5/26/2026 12:00:00 AM,Plus Monroe Warehouse                        ,COMPLETED,EXTRUDER (3RD SHIFT),Posted,5/27/2026 12:00:00 AM,5:06AM,,18:54:00,LBS    ,5168.000,5168.000,0.000,Plus Materials                                    ,,542.6357,542.6400,0.0000,,,0,0,
15064,5/26/2026 12:00:00 AM,Plus Ryder Midwest                           ,COMPLETED,BOGUS,Posted,5/26/2026 12:00:00 AM,6:03AM,,17:57:00,LBS    ,5760.000,5760.000,0.000,Plus Materials                                    ,,0.0000,0.0000,0.0000,,,0,1,
15065,5/26/2026 12:00:00 AM,Plus Ryder Midwest                           ,COMPLETED,BOGUS,Posted,5/26/2026 12:00:00 AM,6:05AM,,17:55:00,LBS    ,12750.000,12750.000,0.000,Plus Materials                                    ,,956.2500,956.2500,0.0000,,,29,1,
15066,5/27/2026 12:00:00 AM,Plus Monroe Warehouse                        ,COMPLETED,AUTO-TIE BALER (1ST SHIFT),Posted,5/28/2026 12:00:00 AM,5:49AM,,18:11:00,LBS    ,4799.000,4799.000,0.000,Plus Materials                                    ,,897.4794,897.4800,0.0000,,,9,3,
15070,5/27/2026 12:00:00 AM,Plus Monroe Warehouse                        ,COMPLETED,EXTRUDER (1ST SHIFT),Posted,5/28/2026 12:00:00 AM,5:50AM,,18:10:00,LBS    ,9918.000,9918.000,0.000,Plus Materials                                    ,,1041.3900,1041.3900,0.0000,,,0,0,
15072,5/27/2026 12:00:00 AM,Plus Monroe Warehouse                        ,COMPLETED,GUILLOTINE (1ST SHIFT),Posted,5/28/2026 12:00:00 AM,5:50AM,,18:10:00,LBS    ,9226.000,9226.000,0.000,Plus Materials                                    ,,968.7300,968.7400,0.0000,,,0,6,
15073,5/27/2026 12:00:00 AM,Plus Monroe Warehouse                        ,COMPLETED,SHREDDER (1ST SHIFT),Posted,5/28/2026 12:00:00 AM,5:51AM,,18:09:00,LBS    ,3735.000,3735.000,0.000,Plus Materials                                    ,,122.7002,122.7000,0.0000,,,16,0,
15074,5/27/2026 12:00:00 AM,Monroe Processing Warehouse                  ,COMPLETED,SHREDDER/GRINDER (1ST SHIFT),Posted,5/28/2026 12:00:00 AM,5:51AM,,18:09:00,LBS    ,2301.000,2301.000,0.000,Plus Materials                                    ,,243.3737,243.3700,0.0000,,,0,0,
15076,5/27/2026 12:00:00 AM,Plus Monroe Warehouse                        ,COMPLETED,AUTO-TIE BALER (2ND SHIFT),Posted,5/28/2026 12:00:00 AM,5:51AM,,18:09:00,LBS    ,6529.000,6529.000,0.000,Plus Materials                                    ,,253.0534,253.0600,0.0000,,,11,0,
15080,5/27/2026 12:00:00 AM,Plus Monroe Warehouse                        ,COMPLETED,EXTRUDER (2ND SHIFT),Posted,5/28/2026 12:00:00 AM,5:52AM,,18:08:00,LBS    ,7629.000,7629.000,0.000,Plus Materials                                    ,,801.0450,801.0600,0.0000,,,0,0,
15082,5/27/2026 12:00:00 AM,Plus Monroe Warehouse                        ,COMPLETED,GUILLOTINE (2ND SHIFT),Posted,5/28/2026 12:00:00 AM,5:52AM,,18:08:00,LBS    ,9120.000,9120.000,0.000,Plus Materials                                    ,,1824.0000,1824.0000,0.0000,,,14,0,
15090,5/27/2026 12:00:00 AM,Plus Monroe Warehouse                        ,COMPLETED,EXTRUDER (3RD SHIFT),Posted,5/28/2026 12:00:00 AM,5:53AM,,18:07:00,LBS    ,6764.000,6764.000,0.000,Plus Materials                                    ,,1285.1600,1285.1600,0.0000,,,32,0,
15092,5/27/2026 12:00:00 AM,Plus Monroe Warehouse                        ,COMPLETED,GUILLOTINE (3RD SHIFT),Posted,5/28/2026 12:00:00 AM,5:54AM,,18:06:00,LBS    ,6772.000,6772.000,0.000,Plus Materials                                    ,,1286.6800,1286.6800,0.0000,,,0,0,
15096,5/27/2026 12:00:00 AM,PRN Southeast                                ,COMPLETED,BALER,Posted,5/28/2026 12:00:00 AM,5:54AM,,18:06:00,LBS    ,3455.000,4100.000,-645.000,Plus Materials                                    ,,168.4200,341.1700,172.7500,,,8,2,
15097,5/28/2026 12:00:00 AM,Plus Monroe Warehouse                        ,COMPLETED,AUTO-TIE BALER (1ST SHIFT),Posted,5/29/2026 12:00:00 AM,5:53AM,,18:07:00,LBS    ,3471.000,3471.000,0.000,Plus Materials                                    ,,181.2844,181.2900,0.0000,,,4,3,
15101,5/28/2026 12:00:00 AM,Plus Monroe Warehouse                        ,COMPLETED,EXTRUDER (1ST SHIFT),Posted,5/29/2026 12:00:00 AM,5:53AM,,18:07:00,LBS    ,9534.000,9534.000,0.000,Plus Materials                                    ,,1811.4600,1811.4600,0.0000,,,0,0,
15103,5/28/2026 12:00:00 AM,Plus Monroe Warehouse                        ,COMPLETED,GUILLOTINE (1ST SHIFT),Posted,5/29/2026 12:00:00 AM,5:54AM,,18:06:00,LBS    ,8444.000,8444.000,0.000,Plus Materials                                    ,,1604.3600,1604.3600,0.0000,,,0,0,
15104,5/28/2026 12:00:00 AM,Plus Monroe Warehouse                        ,COMPLETED,SHREDDER (1ST SHIFT),Posted,5/29/2026 12:00:00 AM,5:54AM,,18:06:00,LBS    ,4630.000,4630.000,0.000,Plus Materials                                    ,,232.2412,232.2400,0.0000,,,13,0,
15107,5/28/2026 12:00:00 AM,Plus Monroe Warehouse                        ,COMPLETED,AUTO-TIE BALER (2ND SHIFT),Posted,5/29/2026 12:00:00 AM,5:54AM,,18:06:00,LBS    ,2460.000,2460.000,0.000,Plus Materials                                    ,,115.5007,115.5000,0.0000,,,8,0,
15111,5/28/2026 12:00:00 AM,Plus Monroe Warehouse                        ,COMPLETED,EXTRUDER (2ND SHIFT),Posted,5/29/2026 12:00:00 AM,5:55AM,,18:05:00,LBS    ,7995.000,7995.000,0.000,Plus Materials                                    ,,1519.0500,1519.0500,0.0000,,,0,0,
15113,5/28/2026 12:00:00 AM,Plus Monroe Warehouse                        ,COMPLETED,GUILLOTINE (2ND SHIFT),Posted,5/29/2026 12:00:00 AM,5:55AM,,18:05:00,LBS    ,8960.000,8960.000,0.000,Plus Materials                                    ,,1653.5920,1653.6100,0.0000,,,20,0,
15121,5/28/2026 12:00:00 AM,Plus Monroe Warehouse                        ,COMPLETED,EXTRUDER (3RD SHIFT),Posted,5/29/2026 12:00:00 AM,5:57AM,,18:03:00,LBS    ,4952.000,4952.000,0.000,Plus Materials                                    ,,891.3600,891.3600,0.0000,,,3,0,
15128,5/29/2026 12:00:00 AM,Plus Ryder Midwest                           ,COMPLETED,BOGUS,Posted,5/29/2026 12:00:00 AM,5:25AM,,18:35:00,LBS    ,9350.000,9350.000,0.000,Plus Materials                                    ,,701.2500,701.2500,0.0000,,,22,1,
15129,5/29/2026 12:00:00 AM,Plus Monroe Warehouse                        ,COMPLETED,AUTO-TIE BALER (1ST SHIFT),Posted,6/1/2026 12:00:00 AM,5:48AM,,18:12:00,LBS    ,5425.000,5425.000,0.000,Plus Materials                                    ,,981.0187,981.0200,0.0000,,,7,4,
15133,5/29/2026 12:00:00 AM,Plus Monroe Warehouse                        ,COMPLETED,EXTRUDER (1ST SHIFT),Posted,6/1/2026 12:00:00 AM,5:48AM,,18:12:00,LBS    ,5000.000,5000.000,0.000,Plus Materials                                    ,,922.7643,922.7600,0.0000,,,0,0,
15135,5/29/2026 12:00:00 AM,Plus Monroe Warehouse                        ,COMPLETED,GUILLOTINE (1ST SHIFT),Posted,6/1/2026 12:00:00 AM,5:49AM,,18:11:00,LBS    ,8971.000,8971.000,0.000,Plus Materials                                    ,,1591.3248,1591.3200,0.0000,,,20,0,
15136,5/29/2026 12:00:00 AM,Plus Monroe Warehouse                        ,COMPLETED,SHREDDER (1ST SHIFT),Posted,6/1/2026 12:00:00 AM,5:49AM,,18:11:00,LBS    ,5465.000,5465.000,0.000,Plus Materials                                    ,,273.0729,273.0700,0.0000,,,24,0,
15139,5/29/2026 12:00:00 AM,Plus Monroe Warehouse                        ,COMPLETED,AUTO-TIE BALER (2ND SHIFT),Posted,6/1/2026 12:00:00 AM,5:50AM,,18:10:00,LBS    ,7237.000,7237.000,0.000,Plus Materials                                    ,,199.0150,199.0100,0.0000,,,27,0,
15143,5/29/2026 12:00:00 AM,Plus Monroe Warehouse                        ,COMPLETED,EXTRUDER (2ND SHIFT),Posted,6/1/2026 12:00:00 AM,5:50AM,,18:10:00,LBS    ,6349.000,6349.000,0.000,Plus Materials                                    ,,1126.2225,1126.2300,0.0000,,,0,0,
15145,5/29/2026 12:00:00 AM,Plus Monroe Warehouse                        ,COMPLETED,GUILLOTINE (2ND SHIFT),Posted,6/1/2026 12:00:00 AM,5:51AM,,18:09:00,LBS    ,12795.000,12795.000,0.000,Plus Materials                                    ,,1902.8682,1902.8700,0.0000,,,38,0,
15153,5/29/2026 12:00:00 AM,Plus Monroe Warehouse                        ,COMPLETED,EXTRUDER (3RD SHIFT),Posted,6/1/2026 12:00:00 AM,5:52AM,,18:08:00,LBS    ,6780.000,6780.000,0.000,Plus Materials                                    ,,1202.6684,1202.6700,0.0000,,,0,0,
15155,5/29/2026 12:00:00 AM,Plus Monroe Warehouse                        ,COMPLETED,GUILLOTINE (3RD SHIFT),Posted,6/1/2026 12:00:00 AM,5:53AM,,18:07:00,LBS    ,6578.000,6578.000,0.000,Plus Materials                                    ,,978.2775,978.2800,0.0000,,,0,0,
15160,6/1/2026 12:00:00 AM,Plus Monroe Warehouse                        ,COMPLETED,AUTO-TIE BALER (1ST SHIFT),Posted,6/2/2026 12:00:00 AM,5:10AM,,18:50:00,LBS    ,4427.000,4427.000,0.000,Plus Materials                                    ,,820.5881,820.5800,0.0000,,,1,3,
15164,6/1/2026 12:00:00 AM,Plus Monroe Warehouse                        ,COMPLETED,EXTRUDER (1ST SHIFT),Posted,6/2/2026 12:00:00 AM,5:11AM,,18:49:00,LBS    ,7340.000,7340.000,0.000,Plus Materials                                    ,,1091.6009,1091.6100,0.0000,,,0,0,
15166,6/1/2026 12:00:00 AM,Plus Monroe Warehouse                        ,COMPLETED,GUILLOTINE (1ST SHIFT),Posted,6/2/2026 12:00:00 AM,5:11AM,,18:49:00,LBS    ,12257.000,12257.000,0.000,Plus Materials                                    ,,1828.3092,1828.3100,0.0000,,,33,0,
15167,6/1/2026 12:00:00 AM,Plus Monroe Warehouse                        ,COMPLETED,SHREDDER (1ST SHIFT),Posted,6/2/2026 12:00:00 AM,5:12AM,,18:48:00,LBS    ,7335.000,7335.000,0.000,Plus Materials                                    ,,407.0615,407.0700,0.0000,,,36,0,
15170,6/1/2026 12:00:00 AM,Plus Monroe Warehouse                        ,COMPLETED,AUTO-TIE BALER (2ND SHIFT),Posted,6/2/2026 12:00:00 AM,5:12AM,,18:48:00,LBS    ,4641.000,4641.000,0.000,Plus Materials                                    ,,127.6275,127.6400,0.0000,,,14,0,
15174,6/1/2026 12:00:00 AM,Plus Monroe Warehouse                        ,COMPLETED,EXTRUDER (2ND SHIFT),Posted,6/2/2026 12:00:00 AM,5:13AM,,18:47:00,LBS    ,6493.000,6493.000,0.000,Plus Materials                                    ,,965.6360,965.6400,0.0000,,,0,0,
15176,6/1/2026 12:00:00 AM,Plus Monroe Warehouse                        ,COMPLETED,GUILLOTINE (2ND SHIFT),Posted,6/2/2026 12:00:00 AM,5:13AM,,18:47:00,LBS    ,8212.000,8212.000,0.000,Plus Materials                                    ,,1224.9385,1224.9400,0.0000,,,0,0,
15184,6/1/2026 12:00:00 AM,Plus Monroe Warehouse                        ,COMPLETED,EXTRUDER (3RD SHIFT),Posted,6/2/2026 12:00:00 AM,5:14AM,,18:46:00,LBS    ,6560.000,6560.000,0.000,Plus Materials                                    ,,978.5183,978.5200,0.0000,,,0,0,
15186,6/1/2026 12:00:00 AM,Plus Monroe Warehouse                        ,COMPLETED,GUILLOTINE (3RD SHIFT),Posted,6/2/2026 12:00:00 AM,5:15AM,,18:45:00,LBS    ,6063.000,6063.000,0.000,Plus Materials                                    ,,1118.9385,1118.9300,0.0000,,,0,0,
15190,6/1/2026 12:00:00 AM,PRN Southeast                                ,COMPLETED,BALER,Posted,6/2/2026 12:00:00 AM,5:15AM,,18:45:00,LBS    ,2050.000,2696.000,-646.000,Plus Materials                                    ,,8.6000,111.1000,102.5000,,,3,3,
15191,6/1/2026 12:00:00 AM,Plus Ryder Midwest                           ,COMPLETED,BOGUS,Posted,6/1/2026 12:00:00 AM,11:36AM,,12:24:00,LBS    ,3200.000,3200.000,0.000,Plus Materials                                    ,,640.0000,640.0000,0.0000,,,44,1,
15192,6/2/2026 12:00:00 AM,Plus Monroe Warehouse                        ,COMPLETED,AUTO-TIE BALER (1ST SHIFT),Posted,6/3/2026 12:00:00 AM,5:53AM,,18:07:00,LBS    ,8664.000,8664.000,0.000,Plus Materials                                    ,,2023.9908,2023.9900,0.0000,,,7,6,
15196,6/2/2026 12:00:00 AM,Plus Monroe Warehouse                        ,COMPLETED,EXTRUDER (1ST SHIFT),Posted,6/3/2026 12:00:00 AM,5:53AM,,18:07:00,LBS    ,8656.000,8656.000,0.000,Plus Materials                                    ,,1291.1655,1291.1600,0.0000,,,0,0,
15198,6/2/2026 12:00:00 AM,Plus Monroe Warehouse                        ,COMPLETED,GUILLOTINE (1ST SHIFT),Posted,6/3/2026 12:00:00 AM,5:54AM,,18:06:00,LBS    ,10566.000,10566.000,0.000,Plus Materials                                    ,,1097.1773,1097.1600,0.0000,,,36,0,
15199,6/2/2026 12:00:00 AM,Plus Monroe Warehouse                        ,COMPLETED,SHREDDER (1ST SHIFT),Posted,6/3/2026 12:00:00 AM,5:54AM,,18:06:00,LBS    ,5831.000,5831.000,0.000,Plus Materials                                    ,,786.2634,786.2600,0.0000,,,0,0,
15202,6/2/2026 12:00:00 AM,Plus Monroe Warehouse                        ,COMPLETED,AUTO-TIE BALER (2ND SHIFT),Posted,6/3/2026 12:00:00 AM,5:54AM,,18:06:00,LBS    ,8100.000,8100.000,0.000,Plus Materials                                    ,,0.0000,0.0000,0.0000,,,13,0,
15206,6/2/2026 12:00:00 AM,Plus Monroe Warehouse                        ,COMPLETED,EXTRUDER (2ND SHIFT),Posted,6/3/2026 12:00:00 AM,5:55AM,,18:05:00,LBS    ,6112.000,6112.000,0.000,Plus Materials                                    ,,902.7870,902.7700,0.0000,,,0,0,
15208,6/2/2026 12:00:00 AM,Plus Monroe Warehouse                        ,COMPLETED,GUILLOTINE (2ND SHIFT),Posted,6/3/2026 12:00:00 AM,5:55AM,,18:05:00,LBS    ,9972.000,9972.000,0.000,Plus Materials                                    ,,1274.1051,1274.1000,0.0000,,,3,0,
15216,6/2/2026 12:00:00 AM,Plus Monroe Warehouse                        ,COMPLETED,EXTRUDER (3RD SHIFT),Posted,6/3/2026 12:00:00 AM,5:57AM,,18:03:00,LBS    ,6042.000,6042.000,0.000,Plus Materials                                    ,,892.4475,892.4500,0.0000,,,0,0,
15218,6/2/2026 12:00:00 AM,Plus Monroe Warehouse                        ,COMPLETED,GUILLOTINE (3RD SHIFT),Posted,6/3/2026 12:00:00 AM,5:57AM,,18:03:00,LBS    ,6098.000,6098.000,0.000,Plus Materials                                    ,,900.7177,900.7300,0.0000,,,0,0,
13934,4/6/2026 12:00:00 AM,Plus Monroe Warehouse                        ,COMPLETED,EXTRUDER (3RD SHIFT),Posted,4/7/2026 12:00:00 AM,5:07AM,,18:53:00,LBS    ,1540.000,1540.000,0.000,Plus Materials                                    ,,161.7028,161.7000,0.0000,,,0,0,
13936,4/6/2026 12:00:00 AM,Plus Monroe Warehouse                        ,COMPLETED,GUILLOTINE (3RD SHIFT),Posted,4/7/2026 12:00:00 AM,5:07AM,,18:53:00,LBS    ,2210.000,2210.000,0.000,Plus Materials                                    ,,-154.7000,-154.7000,0.0000,,,6,0,
13941,4/6/2026 12:00:00 AM,Plus Ryder Midwest                           ,COMPLETED,BOGUS,Posted,4/6/2026 12:00:00 AM,5:49AM,,18:11:00,LBS    ,8996.000,8996.000,0.000,Plus Materials                                    ,,1506.8787,1506.8800,0.0000,,,0,1,
13942,4/6/2026 12:00:00 AM,Plus Ryder Midwest                           ,COMPLETED,BOGUS,Posted,4/6/2026 12:00:00 AM,5:50AM,,18:10:00,LBS    ,33043.000,33043.000,0.000,Plus Materials                                    ,,946.0365,946.0400,0.0000,,,22,1,
13943,4/6/2026 12:00:00 AM,Plus Ryder Midwest                           ,COMPLETED,BOGUS,Posted,4/6/2026 12:00:00 AM,5:54AM,,18:06:00,LBS    ,9157.000,9157.000,0.000,Plus Materials                                    ,,1511.0425,1511.0400,0.0000,,,0,1,
13944,4/6/2026 12:00:00 AM,Plus Ryder Midwest                           ,COMPLETED,BOGUS,Posted,4/6/2026 12:00:00 AM,6:06AM,,17:54:00,LBS    ,1777.000,1777.000,0.000,Plus Materials                                    ,,289.1289,289.1300,0.0000,,,0,1,
13945,4/6/2026 12:00:00 AM,Plus Ryder Midwest                           ,COMPLETED,BOGUS,Posted,4/6/2026 12:00:00 AM,6:08AM,,17:52:00,LBS    ,2413.000,2413.000,0.000,Plus Materials                                    ,,396.7376,396.7400,0.0000,,,0,1,
13946,4/6/2026 12:00:00 AM,Plus Ryder Midwest                           ,COMPLETED,BOGUS,Posted,4/6/2026 12:00:00 AM,2:59PM,,09:01:00,LBS    ,3458.000,3458.000,0.000,Plus Materials                                    ,,259.3504,259.3500,0.0000,,,29,1,
13947,4/7/2026 12:00:00 AM,Plus Monroe Warehouse                        ,COMPLETED,AUTO-TIE BALER (1ST SHIFT),Posted,4/8/2026 12:00:00 AM,7:50AM,,16:10:00,LBS    ,9019.000,9019.000,0.000,Plus Materials                                    ,,335.9863,335.9900,0.0000,,,7,8,
13951,4/7/2026 12:00:00 AM,Plus Monroe Warehouse                        ,COMPLETED,EXTRUDER (1ST SHIFT),Posted,4/8/2026 12:00:00 AM,7:50AM,,16:10:00,LBS    ,7692.000,7692.000,0.000,Plus Materials                                    ,,410.4800,410.4900,0.0000,,,0,1,
13952,4/7/2026 12:00:00 AM,Plus Monroe Warehouse                        ,COMPLETED,GREEN MAX (NEW) (1ST SHIFT),Posted,4/8/2026 12:00:00 AM,7:51AM,,16:09:00,LBS    ,597.000,597.000,0.000,Plus Materials                                    ,,42.2779,42.2800,0.0000,,,6,0,
13953,4/7/2026 12:00:00 AM,Plus Monroe Warehouse                        ,COMPLETED,GUILLOTINE (1ST SHIFT),Posted,4/8/2026 12:00:00 AM,7:51AM,,16:09:00,LBS    ,3648.000,3648.000,0.000,Plus Materials                                    ,,1.5331,1.5400,0.0000,,,3,3,
13955,4/7/2026 12:00:00 AM,Monroe Processing Warehouse                  ,COMPLETED,SHREDDER/GRINDER (1ST SHIFT),Posted,4/8/2026 12:00:00 AM,7:51AM,,16:09:00,LBS    ,2316.000,2316.000,0.000,Plus Materials                                    ,,0.0000,0.0000,0.0000,,,270,0,
13957,4/7/2026 12:00:00 AM,Plus Monroe Warehouse                        ,COMPLETED,AUTO-TIE BALER (2ND SHIFT),Posted,4/8/2026 12:00:00 AM,7:53AM,,16:07:00,LBS    ,8403.000,8403.000,0.000,Plus Materials                                    ,,308.7679,308.7600,0.0000,,,7,0,
13961,4/7/2026 12:00:00 AM,Plus Monroe Warehouse                        ,COMPLETED,EXTRUDER (2ND SHIFT),Posted,4/8/2026 12:00:00 AM,7:54AM,,16:06:00,LBS    ,5696.000,5696.000,0.000,Plus Materials                                    ,,398.7200,398.7200,0.0000,,,0,0,
13965,4/7/2026 12:00:00 AM,Monroe Processing Warehouse                  ,COMPLETED,SHREDDER/GRINDER (2ND SHIFT),Posted,4/8/2026 12:00:00 AM,7:55AM,,16:05:00,LBS    ,3297.000,3297.000,0.000,Plus Materials                                    ,,0.0000,0.0000,0.0000,,,0,0,
13971,4/7/2026 12:00:00 AM,Plus Monroe Warehouse                        ,COMPLETED,EXTRUDER (3RD SHIFT),Posted,4/8/2026 12:00:00 AM,7:56AM,,16:04:00,LBS    ,1408.000,1408.000,0.000,Plus Materials                                    ,,147.8400,147.8400,0.0000,,,0,0,
13973,4/7/2026 12:00:00 AM,Plus Monroe Warehouse                        ,COMPLETED,GUILLOTINE (3RD SHIFT),Posted,4/8/2026 12:00:00 AM,7:56AM,,16:04:00,LBS    ,5635.000,5635.000,0.000,Plus Materials                                    ,,-394.4500,-394.4500,0.0000,,,0,0,
13978,4/8/2026 12:00:00 AM,Plus Ryder Midwest                           ,COMPLETED,BOGUS,Posted,4/8/2026 12:00:00 AM,5:16AM,,18:44:00,LBS    ,13208.000,13208.000,0.000,Plus Materials                                    ,,1002.5519,1002.5500,0.0000,,,17,1,
13979,4/8/2026 12:00:00 AM,Plus Ryder Midwest                           ,COMPLETED,BOGUS,Posted,4/8/2026 12:00:00 AM,5:18AM,,18:42:00,LBS    ,21582.000,21582.000,0.000,Plus Materials                                    ,,1667.8215,1667.8200,0.0000,,,0,1,
13980,4/8/2026 12:00:00 AM,Plus Ryder Midwest                           ,COMPLETED,BOGUS,Posted,4/8/2026 12:00:00 AM,5:21AM,,18:39:00,LBS    ,2112.000,2112.000,0.000,Plus Materials                                    ,,163.6168,163.6200,0.0000,,,10,1,
13981,4/8/2026 12:00:00 AM,Plus Ryder Midwest                           ,COMPLETED,BOGUS,Posted,4/8/2026 12:00:00 AM,5:23AM,,18:37:00,LBS    ,6894.000,6894.000,0.000,Plus Materials                                    ,,528.5226,528.5200,0.0000,,,0,1,
13982,4/8/2026 12:00:00 AM,Plus Ryder Midwest                           ,COMPLETED,BOGUS,Posted,4/8/2026 12:00:00 AM,5:24AM,,18:36:00,LBS    ,32732.000,32732.000,0.000,Plus Materials                                    ,,2075.7592,2075.7600,0.0000,,,8,1,
13983,4/8/2026 12:00:00 AM,Plus Monroe Warehouse                        ,COMPLETED,AUTO-TIE BALER (1ST SHIFT),Posted,4/9/2026 12:00:00 AM,5:47AM,,18:13:00,LBS    ,8362.000,8362.000,0.000,Plus Materials                                    ,,152.1271,152.1300,0.0000,,,7,8,
13987,4/8/2026 12:00:00 AM,Plus Monroe Warehouse                        ,COMPLETED,EXTRUDER (1ST SHIFT),Posted,4/9/2026 12:00:00 AM,5:48AM,,18:12:00,LBS    ,6650.000,6650.000,0.000,Plus Materials                                    ,,0.0000,0.0000,0.0000,,,15,0,
13989,4/8/2026 12:00:00 AM,Plus Monroe Warehouse                        ,COMPLETED,GUILLOTINE (1ST SHIFT),Posted,4/9/2026 12:00:00 AM,5:48AM,,18:12:00,LBS    ,9844.000,9844.000,0.000,Plus Materials                                    ,,560.0000,560.0000,0.0000,,,55,10,
13991,4/8/2026 12:00:00 AM,Monroe Processing Warehouse                  ,COMPLETED,SHREDDER/GRINDER (1ST SHIFT),Posted,4/9/2026 12:00:00 AM,5:48AM,,18:12:00,LBS    ,4105.000,4105.000,0.000,Plus Materials                                    ,,0.0000,0.0000,0.0000,,,0,0,
13993,4/8/2026 12:00:00 AM,Plus Monroe Warehouse                        ,COMPLETED,AUTO-TIE BALER (2ND SHIFT),Posted,4/9/2026 12:00:00 AM,5:49AM,,18:11:00,LBS    ,5780.000,5780.000,0.000,Plus Materials                                    ,,261.8399,261.8300,0.0000,,,5,0,
13997,4/8/2026 12:00:00 AM,Plus Monroe Warehouse                        ,COMPLETED,EXTRUDER (2ND SHIFT),Posted,4/9/2026 12:00:00 AM,5:49AM,,18:11:00,LBS    ,3134.000,3134.000,0.000,Plus Materials                                    ,,0.0000,0.0000,0.0000,,,0,0,
13999,4/8/2026 12:00:00 AM,Plus Monroe Warehouse                        ,COMPLETED,GUILLOTINE (2ND SHIFT),Posted,4/9/2026 12:00:00 AM,5:50AM,,18:10:00,LBS    ,10556.000,10556.000,0.000,Plus Materials                                    ,,738.9200,738.9200,0.0000,,,0,0,
14001,4/8/2026 12:00:00 AM,Monroe Processing Warehouse                  ,COMPLETED,SHREDDER/GRINDER (2ND SHIFT),Posted,4/9/2026 12:00:00 AM,5:50AM,,18:10:00,LBS    ,2730.000,2730.000,0.000,Plus Materials                                    ,,0.0000,0.0000,0.0000,,,44,0,
14009,4/8/2026 12:00:00 AM,Plus Monroe Warehouse                        ,COMPLETED,GUILLOTINE (3RD SHIFT),Posted,4/9/2026 12:00:00 AM,5:52AM,,18:08:00,LBS    ,8256.000,8256.000,0.000,Plus Materials                                    ,,-577.9200,-577.9200,0.0000,,,0,0,
14014,4/8/2026 12:00:00 AM,Plus Ryder Midwest                           ,COMPLETED,BOGUS,Posted,4/8/2026 12:00:00 AM,2:25PM,,09:35:00,LBS    ,9524.000,9524.000,0.000,Plus Materials                                    ,,736.0004,736.0000,0.0000,,,0,1,
14015,4/8/2026 12:00:00 AM,Plus Ryder Midwest                           ,COMPLETED,BOGUS,Posted,4/8/2026 12:00:00 AM,2:27PM,,09:33:00,LBS    ,3138.000,3138.000,0.000,Plus Materials                                    ,,243.1008,243.1000,0.0000,,,0,1,
14016,4/8/2026 12:00:00 AM,Plus Ryder Midwest                           ,COMPLETED,BOGUS,Posted,4/8/2026 12:00:00 AM,2:29PM,,09:31:00,LBS    ,9904.000,9904.000,0.000,Plus Materials                                    ,,759.2833,759.2800,0.0000,,,0,1,
14017,4/8/2026 12:00:00 AM,Plus Ryder Midwest                           ,COMPLETED,BOGUS,Posted,4/8/2026 12:00:00 AM,2:31PM,,09:29:00,LBS    ,8998.000,8998.000,0.000,Plus Materials                                    ,,676.2737,676.2700,0.0000,,,13,1,
14018,4/9/2026 12:00:00 AM,Plus Monroe Warehouse                        ,COMPLETED,AUTO-TIE BALER (1ST SHIFT),Posted,4/10/2026 12:00:00 AM,5:51AM,,18:09:00,LBS    ,4547.000,4547.000,0.000,Plus Materials                                    ,,205.9828,205.9900,0.0000,,,4,4,
14022,4/9/2026 12:00:00 AM,Plus Monroe Warehouse                        ,COMPLETED,EXTRUDER (1ST SHIFT),Posted,4/10/2026 12:00:00 AM,5:52AM,,18:08:00,LBS    ,1558.000,1558.000,0.000,Plus Materials                                    ,,155.8000,155.8000,0.0000,,,0,0,
14024,4/9/2026 12:00:00 AM,Plus Monroe Warehouse                        ,COMPLETED,GUILLOTINE (1ST SHIFT),Posted,4/10/2026 12:00:00 AM,5:52AM,,18:08:00,LBS    ,2736.000,2736.000,0.000,Plus Materials                                    ,,-47.3174,-47.3100,0.0000,,,5,3,
14026,4/9/2026 12:00:00 AM,Monroe Processing Warehouse                  ,COMPLETED,SHREDDER/GRINDER (1ST SHIFT),Posted,4/10/2026 12:00:00 AM,5:53AM,,18:07:00,LBS    ,1043.000,1043.000,0.000,Plus Materials                                    ,,0.0000,0.0000,0.0000,,,0,0,
14028,4/9/2026 12:00:00 AM,Plus Monroe Warehouse                        ,COMPLETED,AUTO-TIE BALER (2ND SHIFT),Posted,4/10/2026 12:00:00 AM,5:53AM,,18:07:00,LBS    ,4098.000,4098.000,0.000,Plus Materials                                    ,,28.4693,28.4700,0.0000,,,4,0,
14032,4/9/2026 12:00:00 AM,Plus Monroe Warehouse                        ,COMPLETED,EXTRUDER (2ND SHIFT),Posted,4/10/2026 12:00:00 AM,5:54AM,,18:06:00,LBS    ,4562.000,4562.000,0.000,Plus Materials                                    ,,319.3332,319.3400,0.0000,,,0,0,
14034,4/9/2026 12:00:00 AM,Plus Monroe Warehouse                        ,COMPLETED,GUILLOTINE (2ND SHIFT),Posted,4/10/2026 12:00:00 AM,5:54AM,,18:06:00,LBS    ,7119.000,7119.000,0.000,Plus Materials                                    ,,448.7700,448.7700,0.0000,,,0,0,
14042,4/9/2026 12:00:00 AM,Plus Monroe Warehouse                        ,COMPLETED,EXTRUDER (3RD SHIFT),Posted,4/10/2026 12:00:00 AM,5:56AM,,18:04:00,LBS    ,3755.000,3755.000,0.000,Plus Materials                                    ,,37.5500,37.5500,0.0000,,,4,0,
14044,4/9/2026 12:00:00 AM,Plus Monroe Warehouse                        ,COMPLETED,GUILLOTINE (3RD SHIFT),Posted,4/10/2026 12:00:00 AM,5:57AM,,18:03:00,LBS    ,5512.000,5512.000,0.000,Plus Materials                                    ,,385.8400,385.8400,0.0000,,,0,0,
14048,4/9/2026 12:00:00 AM,PRN Southeast                                ,COMPLETED,BALER,Posted,4/10/2026 12:00:00 AM,6:26AM,,17:34:00,LBS    ,2940.000,3655.000,-715.000,Plus Materials                                    ,,157.9400,304.9400,147.0000,,,9,2,
14049,4/10/2026 12:00:00 AM,Plus Monroe Warehouse                        ,COMPLETED,AUTO-TIE BALER (1ST SHIFT),Posted,4/13/2026 12:00:00 AM,5:49AM,,18:11:00,LBS    ,6519.000,6519.000,0.000,Plus Materials                                    ,,125.6591,125.6600,0.0000,,,3,5,
14053,4/10/2026 12:00:00 AM,Plus Monroe Warehouse                        ,COMPLETED,EXTRUDER (1ST SHIFT),Posted,4/13/2026 12:00:00 AM,5:50AM,,18:10:00,LBS    ,6746.000,6746.000,0.000,Plus Materials                                    ,,598.2200,598.2200,0.0000,,,0,0,
14055,4/10/2026 12:00:00 AM,Plus Monroe Warehouse                        ,COMPLETED,GUILLOTINE (1ST SHIFT),Posted,4/13/2026 12:00:00 AM,5:50AM,,18:10:00,LBS    ,6110.000,6110.000,0.000,Plus Materials                                    ,,540.0545,540.0800,0.0000,,,45,18,
14057,4/10/2026 12:00:00 AM,Monroe Processing Warehouse                  ,COMPLETED,SHREDDER/GRINDER (1ST SHIFT),Posted,4/13/2026 12:00:00 AM,5:50AM,,18:10:00,LBS    ,2145.000,2145.000,0.000,Plus Materials                                    ,,0.0000,0.0000,0.0000,,,0,0,
14063,4/10/2026 12:00:00 AM,Plus Monroe Warehouse                        ,COMPLETED,EXTRUDER (2ND SHIFT),Posted,4/13/2026 12:00:00 AM,5:51AM,,18:09:00,LBS    ,8334.000,8334.000,0.000,Plus Materials                                    ,,583.3800,583.3800,0.0000,,,0,0,
14065,4/10/2026 12:00:00 AM,Plus Monroe Warehouse                        ,COMPLETED,GUILLOTINE (2ND SHIFT),Posted,4/13/2026 12:00:00 AM,5:52AM,,18:08:00,LBS    ,7367.000,7367.000,0.000,Plus Materials                                    ,,515.6900,515.6900,0.0000,,,0,0,
14067,4/10/2026 12:00:00 AM,Monroe Processing Warehouse                  ,COMPLETED,SHREDDER/GRINDER (2ND SHIFT),Posted,4/13/2026 12:00:00 AM,5:52AM,,18:08:00,LBS    ,1581.000,1581.000,0.000,Plus Materials                                    ,,15.8100,15.8100,0.0000,,,28,0,
14073,4/10/2026 12:00:00 AM,Plus Monroe Warehouse                        ,COMPLETED,EXTRUDER (3RD SHIFT),Posted,4/13/2026 12:00:00 AM,5:53AM,,18:07:00,LBS    ,4402.000,4402.000,0.000,Plus Materials                                    ,,308.1400,308.1400,0.0000,,,0,0,
14075,4/10/2026 12:00:00 AM,Plus Monroe Warehouse                        ,COMPLETED,GUILLOTINE (3RD SHIFT),Posted,4/13/2026 12:00:00 AM,5:54AM,,18:06:00,LBS    ,6200.000,6200.000,0.000,Plus Materials                                    ,,434.0000,434.0000,0.0000,,,0,0,
14080,4/13/2026 12:00:00 AM,Plus Monroe Warehouse                        ,COMPLETED,AUTO-TIE BALER (1ST SHIFT),Posted,4/14/2026 12:00:00 AM,4:40AM,,19:20:00,LBS    ,3502.000,3502.000,0.000,Plus Materials                                    ,,-40.9296,-40.9300,0.0000,,,54,2,
14084,4/13/2026 12:00:00 AM,Plus Monroe Warehouse                        ,COMPLETED,EXTRUDER (1ST SHIFT),Posted,4/14/2026 12:00:00 AM,4:40AM,,19:20:00,LBS    ,6608.000,6608.000,0.000,Plus Materials                                    ,,462.5600,462.5600,0.0000,,,55,0,
14086,4/13/2026 12:00:00 AM,Plus Monroe Warehouse                        ,COMPLETED,GUILLOTINE (1ST SHIFT),Posted,4/14/2026 12:00:00 AM,4:41AM,,19:19:00,LBS    ,6729.000,6729.000,0.000,Plus Materials                                    ,,471.0300,471.0300,0.0000,,,0,7,
14087,4/13/2026 12:00:00 AM,Plus Monroe Warehouse                        ,COMPLETED,SHREDDER (1ST SHIFT),Posted,4/14/2026 12:00:00 AM,4:41AM,,19:19:00,LBS    ,6897.000,6897.000,0.000,Plus Materials                                    ,,275.8800,275.8800,0.0000,,,20,0,
14088,4/13/2026 12:00:00 AM,Monroe Processing Warehouse                  ,COMPLETED,SHREDDER/GRINDER (1ST SHIFT),Posted,4/14/2026 12:00:00 AM,4:41AM,,19:19:00,LBS    ,6705.000,6705.000,0.000,Plus Materials                                    ,,67.0500,67.0500,0.0000,,,0,0,
14089,4/13/2026 12:00:00 AM,Plus Monroe Warehouse                        ,COMPLETED,SMALL GRINDER (1ST SHIFT),Posted,4/14/2026 12:00:00 AM,4:41AM,,19:19:00,LBS    ,1179.000,1179.000,0.000,Plus Materials                                    ,,0.0000,0.0000,0.0000,,,0,0,
14094,4/13/2026 12:00:00 AM,Plus Monroe Warehouse                        ,COMPLETED,EXTRUDER (2ND SHIFT),Posted,4/14/2026 12:00:00 AM,4:42AM,,19:18:00,LBS    ,4830.000,4830.000,0.000,Plus Materials                                    ,,338.1000,338.1000,0.0000,,,0,0,
14104,4/13/2026 12:00:00 AM,Plus Monroe Warehouse                        ,COMPLETED,EXTRUDER (3RD SHIFT),Posted,4/14/2026 12:00:00 AM,4:44AM,,19:16:00,LBS    ,6314.000,6314.000,0.000,Plus Materials                                    ,,441.9800,441.9800,0.0000,,,0,0,
14106,4/13/2026 12:00:00 AM,Plus Monroe Warehouse                        ,COMPLETED,GUILLOTINE (3RD SHIFT),Posted,4/14/2026 12:00:00 AM,4:44AM,,19:16:00,LBS    ,8352.000,8352.000,0.000,Plus Materials                                    ,,-584.6400,-584.6400,0.0000,,,10,0,
14110,4/13/2026 12:00:00 AM,PRN Southeast                                ,COMPLETED,BALER,Posted,4/13/2026 12:00:00 AM,4:45AM,,19:15:00,LBS    ,13705.000,15165.000,-1460.000,Plus Materials                                    ,,709.7100,1394.9700,685.2500,,,53,9,
14111,4/13/2026 12:00:00 AM,Plus Ryder Midwest                           ,COMPLETED,BOGUS,Posted,4/13/2026 12:00:00 AM,12:41PM,,11:19:00,LBS    ,19550.000,19550.000,0.000,Plus Materials                                    ,,1466.2527,1466.2500,0.0000,,,0,1,
14112,4/14/2026 12:00:00 AM,Plus Monroe Warehouse                        ,COMPLETED,AUTO-TIE BALER (1ST SHIFT),Posted,4/15/2026 12:00:00 AM,5:51AM,,18:09:00,LBS    ,3364.000,3364.000,0.000,Plus Materials                                    ,,330.4469,330.4400,0.0000,,,24,2,
14116,4/14/2026 12:00:00 AM,Plus Monroe Warehouse                        ,COMPLETED,EXTRUDER (1ST SHIFT),Posted,4/15/2026 12:00:00 AM,5:52AM,,18:08:00,LBS    ,9814.000,9814.000,0.000,Plus Materials                                    ,,686.9800,686.9800,0.0000,,,0,0,
14118,4/14/2026 12:00:00 AM,Plus Monroe Warehouse                        ,COMPLETED,GUILLOTINE (1ST SHIFT),Posted,4/15/2026 12:00:00 AM,5:52AM,,18:08:00,LBS    ,7307.000,7307.000,0.000,Plus Materials                                    ,,477.8522,477.8400,0.0000,,,160,9,
14120,4/14/2026 12:00:00 AM,Monroe Processing Warehouse                  ,COMPLETED,SHREDDER/GRINDER (1ST SHIFT),Posted,4/15/2026 12:00:00 AM,5:52AM,,18:08:00,LBS    ,3313.000,3313.000,0.000,Plus Materials                                    ,,55.0923,55.0900,0.0000,,,60,0,
14122,4/14/2026 12:00:00 AM,Plus Monroe Warehouse                        ,COMPLETED,AUTO-TIE BALER (2ND SHIFT),Posted,4/15/2026 12:00:00 AM,5:53AM,,18:07:00,LBS    ,1320.000,1320.000,0.000,Plus Materials                                    ,,45.9859,45.9900,0.0000,,,1,0,
14126,4/14/2026 12:00:00 AM,Plus Monroe Warehouse                        ,COMPLETED,EXTRUDER (2ND SHIFT),Posted,4/15/2026 12:00:00 AM,5:54AM,,18:06:00,LBS    ,4797.000,4797.000,0.000,Plus Materials                                    ,,335.7900,335.7900,0.0000,,,0,0,
14128,4/14/2026 12:00:00 AM,Plus Monroe Warehouse                        ,COMPLETED,GUILLOTINE (2ND SHIFT),Posted,4/15/2026 12:00:00 AM,5:54AM,,18:06:00,LBS    ,11923.000,11923.000,0.000,Plus Materials                                    ,,470.5400,470.5600,0.0000,,,0,0,
14130,4/14/2026 12:00:00 AM,Monroe Processing Warehouse                  ,COMPLETED,SHREDDER/GRINDER (2ND SHIFT),Posted,4/15/2026 12:00:00 AM,5:54AM,,18:06:00,LBS    ,4193.000,4193.000,0.000,Plus Materials                                    ,,0.0000,0.0000,0.0000,,,0,0,
14136,4/14/2026 12:00:00 AM,Plus Monroe Warehouse                        ,COMPLETED,EXTRUDER (3RD SHIFT),Posted,4/15/2026 12:00:00 AM,5:55AM,,18:05:00,LBS    ,4824.000,4824.000,0.000,Plus Materials                                    ,,337.6800,337.6800,0.0000,,,0,0,
14138,4/14/2026 12:00:00 AM,Plus Monroe Warehouse                        ,COMPLETED,GUILLOTINE (3RD SHIFT),Posted,4/15/2026 12:00:00 AM,5:56AM,,18:04:00,LBS    ,6149.000,6149.000,0.000,Plus Materials                                    ,,-430.4300,-430.4300,0.0000,,,15,0,
14143,4/15/2026 12:00:00 AM,Plus Monroe Warehouse                        ,COMPLETED,AUTO-TIE BALER (1ST SHIFT),Posted,4/16/2026 12:00:00 AM,5:47AM,,18:13:00,LBS    ,7902.000,7902.000,0.000,Plus Materials                                    ,,1572.5105,1572.5100,0.0000,,,19,5,
14147,4/15/2026 12:00:00 AM,Plus Monroe Warehouse                        ,COMPLETED,EXTRUDER (1ST SHIFT),Posted,4/16/2026 12:00:00 AM,5:47AM,,18:13:00,LBS    ,7885.000,7885.000,0.000,Plus Materials                                    ,,551.9500,551.9500,0.0000,,,205,0,
14148,4/15/2026 12:00:00 AM,Plus Monroe Warehouse                        ,COMPLETED,GREEN MAX (NEW) (1ST SHIFT),Posted,4/16/2026 12:00:00 AM,5:48AM,,18:12:00,LBS    ,832.000,832.000,0.000,Plus Materials                                    ,,0.0000,0.0000,0.0000,,,24,0,
14149,4/15/2026 12:00:00 AM,Plus Monroe Warehouse                        ,COMPLETED,GUILLOTINE (1ST SHIFT),Posted,4/16/2026 12:00:00 AM,5:48AM,,18:12:00,LBS    ,6612.000,6612.000,0.000,Plus Materials                                    ,,0.0000,0.0000,0.0000,,,0,18,
14150,4/15/2026 12:00:00 AM,Plus Monroe Warehouse                        ,COMPLETED,SHREDDER (1ST SHIFT),Posted,4/16/2026 12:00:00 AM,5:48AM,,18:12:00,LBS    ,11524.000,11524.000,0.000,Plus Materials                                    ,,0.0000,0.0000,0.0000,,,0,0,
14151,4/15/2026 12:00:00 AM,Monroe Processing Warehouse                  ,COMPLETED,SHREDDER/GRINDER (1ST SHIFT),Posted,4/16/2026 12:00:00 AM,5:48AM,,18:12:00,LBS    ,4573.000,4573.000,0.000,Plus Materials                                    ,,228.6500,228.6500,0.0000,,,4,0,
14153,4/15/2026 12:00:00 AM,Plus Monroe Warehouse                        ,COMPLETED,AUTO-TIE BALER (2ND SHIFT),Posted,4/16/2026 12:00:00 AM,5:50AM,,18:10:00,LBS    ,7311.000,7311.000,0.000,Plus Materials                                    ,,201.0525,201.0600,0.0000,,,0,0,
14157,4/15/2026 12:00:00 AM,Plus Monroe Warehouse                        ,COMPLETED,EXTRUDER (2ND SHIFT),Posted,4/16/2026 12:00:00 AM,5:50AM,,18:10:00,LBS    ,4744.000,4744.000,0.000,Plus Materials                                    ,,332.0800,332.0800,0.0000,,,0,0,
14159,4/15/2026 12:00:00 AM,Plus Monroe Warehouse                        ,COMPLETED,GUILLOTINE (2ND SHIFT),Posted,4/16/2026 12:00:00 AM,5:51AM,,18:09:00,LBS    ,7066.000,7066.000,0.000,Plus Materials                                    ,,424.3800,424.3800,0.0000,,,11,0,
14161,4/15/2026 12:00:00 AM,Monroe Processing Warehouse                  ,COMPLETED,SHREDDER/GRINDER (2ND SHIFT),Posted,4/16/2026 12:00:00 AM,5:51AM,,18:09:00,LBS    ,3355.000,3355.000,0.000,Plus Materials                                    ,,167.7500,167.7500,0.0000,,,8,0,
14167,4/15/2026 12:00:00 AM,Plus Monroe Warehouse                        ,COMPLETED,EXTRUDER (3RD SHIFT),Posted,4/16/2026 12:00:00 AM,5:52AM,,18:08:00,LBS    ,1636.000,1636.000,0.000,Plus Materials                                    ,,65.4400,65.4400,0.0000,,,0,0,
14169,4/15/2026 12:00:00 AM,Plus Monroe Warehouse                        ,COMPLETED,GUILLOTINE (3RD SHIFT),Posted,4/16/2026 12:00:00 AM,5:52AM,,18:08:00,LBS    ,6401.000,6401.000,0.000,Plus Materials                                    ,,-448.0700,-448.0700,0.0000,,,10,0,
14173,4/15/2026 12:00:00 AM,PRN Southeast                                ,COMPLETED,BALER,Posted,4/16/2026 12:00:00 AM,5:53AM,,18:07:00,LBS    ,415.000,3900.000,-3485.000,Plus Materials                                    ,,19.1700,39.9300,20.7500,,,2,3,
14174,4/16/2026 12:00:00 AM,Plus Monroe Warehouse                        ,COMPLETED,AUTO-TIE BALER (1ST SHIFT),Posted,4/17/2026 12:00:00 AM,5:49AM,,18:11:00,LBS    ,10359.000,10359.000,0.000,Plus Materials                                    ,,2842.0836,2842.0800,0.0000,,,0,7,
14178,4/16/2026 12:00:00 AM,Plus Monroe Warehouse                        ,COMPLETED,EXTRUDER (1ST SHIFT),Posted,4/17/2026 12:00:00 AM,5:50AM,,18:10:00,LBS    ,4695.000,4695.000,0.000,Plus Materials                                    ,,328.6500,328.6500,0.0000,,,0,0,
14180,4/16/2026 12:00:00 AM,Plus Monroe Warehouse                        ,COMPLETED,GUILLOTINE (1ST SHIFT),Posted,4/17/2026 12:00:00 AM,5:50AM,,18:10:00,LBS    ,9088.000,9088.000,0.000,Plus Materials                                    ,,565.4800,565.4600,0.0000,,,0,15,
14181,4/16/2026 12:00:00 AM,Plus Monroe Warehouse                        ,COMPLETED,SHREDDER (1ST SHIFT),Posted,4/17/2026 12:00:00 AM,5:50AM,,18:10:00,LBS    ,5052.000,5052.000,0.000,Plus Materials                                    ,,202.0800,202.0800,0.0000,,,15,0,
14182,4/16/2026 12:00:00 AM,Monroe Processing Warehouse                  ,COMPLETED,SHREDDER/GRINDER (1ST SHIFT),Posted,4/17/2026 12:00:00 AM,5:51AM,,18:09:00,LBS    ,3366.000,3366.000,0.000,Plus Materials                                    ,,235.6200,235.6200,0.0000,,,48,0,
14184,4/16/2026 12:00:00 AM,Plus Monroe Warehouse                        ,COMPLETED,AUTO-TIE BALER (2ND SHIFT),Posted,4/17/2026 12:00:00 AM,5:51AM,,18:09:00,LBS    ,9417.000,9417.000,0.000,Plus Materials                                    ,,258.9692,258.9700,0.0000,,,0,0,
14188,4/16/2026 12:00:00 AM,Plus Monroe Warehouse                        ,COMPLETED,EXTRUDER (2ND SHIFT),Posted,4/17/2026 12:00:00 AM,5:52AM,,18:08:00,LBS    ,3458.000,3458.000,0.000,Plus Materials                                    ,,242.0600,242.0600,0.0000,,,0,0,
14190,4/16/2026 12:00:00 AM,Plus Monroe Warehouse                        ,COMPLETED,GUILLOTINE (2ND SHIFT),Posted,4/17/2026 12:00:00 AM,5:52AM,,18:08:00,LBS    ,8439.000,8439.000,0.000,Plus Materials                                    ,,590.7300,590.7300,0.0000,,,12,0,
14191,4/16/2026 12:00:00 AM,Plus Monroe Warehouse                        ,COMPLETED,SHREDDER (2ND SHIFT),Posted,4/17/2026 12:00:00 AM,5:52AM,,18:08:00,LBS    ,4012.000,4012.000,0.000,Plus Materials                                    ,,197.5810,197.5800,0.0000,,,17,4,
14192,4/16/2026 12:00:00 AM,Monroe Processing Warehouse                  ,COMPLETED,SHREDDER/GRINDER (2ND SHIFT),Posted,4/17/2026 12:00:00 AM,5:52AM,,18:08:00,LBS    ,4180.000,4180.000,0.000,Plus Materials                                    ,,292.6000,292.6000,0.0000,,,0,0,
14198,4/16/2026 12:00:00 AM,Plus Monroe Warehouse                        ,COMPLETED,EXTRUDER (3RD SHIFT),Posted,4/17/2026 12:00:00 AM,5:54AM,,18:06:00,LBS    ,1722.000,1722.000,0.000,Plus Materials                                    ,,120.5400,120.5400,0.0000,,,0,0,
14200,4/16/2026 12:00:00 AM,Plus Monroe Warehouse                        ,COMPLETED,GUILLOTINE (3RD SHIFT),Posted,4/17/2026 12:00:00 AM,5:54AM,,18:06:00,LBS    ,9241.000,9241.000,0.000,Plus Materials                                    ,,337.4700,337.4700,0.0000,,,11,0,
14204,4/16/2026 12:00:00 AM,PRN Southeast                                ,COMPLETED,BALER,Posted,4/16/2026 12:00:00 AM,5:55AM,,18:05:00,LBS    ,7380.000,8420.000,-1040.000,Plus Materials                                    ,,416.3800,785.3700,369.0000,,,19,6,
14209,4/17/2026 12:00:00 AM,Plus Monroe Warehouse                        ,COMPLETED,EXTRUDER (1ST SHIFT),Posted,4/20/2026 12:00:00 AM,5:55AM,,18:05:00,LBS    ,6800.000,6800.000,0.000,Plus Materials                                    ,,476.0000,476.0000,0.0000,,,200,0,
14210,4/17/2026 12:00:00 AM,Plus Monroe Warehouse                        ,COMPLETED,GREEN MAX (NEW) (1ST SHIFT),Posted,4/20/2026 12:00:00 AM,5:56AM,,18:04:00,LBS    ,1818.000,1818.000,0.000,Plus Materials                                    ,,0.0000,0.0000,0.0000,,,0,0,
14211,4/17/2026 12:00:00 AM,Plus Monroe Warehouse                        ,COMPLETED,GUILLOTINE (1ST SHIFT),Posted,4/20/2026 12:00:00 AM,5:56AM,,18:04:00,LBS    ,6481.000,6481.000,0.000,Plus Materials                                    ,,543.7600,543.7700,0.0000,,,4,0,
14212,4/17/2026 12:00:00 AM,Plus Monroe Warehouse                        ,COMPLETED,SHREDDER (1ST SHIFT),Posted,4/20/2026 12:00:00 AM,5:56AM,,18:04:00,LBS    ,5356.000,5356.000,0.000,Plus Materials                                    ,,53.5600,53.5600,0.0000,,,0,0,
14213,4/17/2026 12:00:00 AM,Monroe Processing Warehouse                  ,COMPLETED,SHREDDER/GRINDER (1ST SHIFT),Posted,4/20/2026 12:00:00 AM,5:56AM,,18:04:00,LBS    ,4774.000,4774.000,0.000,Plus Materials                                    ,,510.8735,510.8800,0.0000,,,35,0,
14215,4/17/2026 12:00:00 AM,Plus Monroe Warehouse                        ,COMPLETED,AUTO-TIE BALER (2ND SHIFT),Posted,4/20/2026 12:00:00 AM,5:58AM,,18:02:00,LBS    ,3443.000,3443.000,0.000,Plus Materials                                    ,,178.1345,178.1300,0.0000,,,10,0,
14219,4/17/2026 12:00:00 AM,Plus Monroe Warehouse                        ,COMPLETED,EXTRUDER (2ND SHIFT),Posted,4/20/2026 12:00:00 AM,5:59AM,,18:01:00,LBS    ,3979.000,3979.000,0.000,Plus Materials                                    ,,278.5300,278.5300,0.0000,,,0,0,
14221,4/17/2026 12:00:00 AM,Plus Monroe Warehouse                        ,COMPLETED,GUILLOTINE (2ND SHIFT),Posted,4/20/2026 12:00:00 AM,5:59AM,,18:01:00,LBS    ,7963.000,7963.000,0.000,Plus Materials                                    ,,557.4100,557.4100,0.0000,,,202,0,
14223,4/17/2026 12:00:00 AM,Monroe Processing Warehouse                  ,COMPLETED,SHREDDER/GRINDER (2ND SHIFT),Posted,4/20/2026 12:00:00 AM,5:59AM,,18:01:00,LBS    ,5501.000,5501.000,0.000,Plus Materials                                    ,,487.0978,487.1000,0.0000,,,35,0,
14229,4/17/2026 12:00:00 AM,Plus Monroe Warehouse                        ,COMPLETED,EXTRUDER (3RD SHIFT),Posted,4/20/2026 12:00:00 AM,6:00AM,,18:00:00,LBS    ,4210.000,4210.000,0.000,Plus Materials                                    ,,294.7000,294.7000,0.0000,,,0,0,
14236,4/17/2026 12:00:00 AM,Plus Ryder Midwest                           ,COMPLETED,BOGUS,Posted,4/17/2026 12:00:00 AM,9:48AM,,14:12:00,LBS    ,1700.000,1700.000,0.000,Plus Materials                                    ,,127.5000,127.5000,0.0000,,,26,1,
14237,4/20/2026 12:00:00 AM,Plus Monroe Warehouse                        ,COMPLETED,AUTO-TIE BALER (1ST SHIFT),Posted,4/21/2026 12:00:00 AM,4:55AM,,19:05:00,LBS    ,4371.000,4371.000,0.000,Plus Materials                                    ,,47.7037,47.7100,0.0000,,,13,4,
14241,4/20/2026 12:00:00 AM,Plus Monroe Warehouse                        ,COMPLETED,EXTRUDER (1ST SHIFT),Posted,4/21/2026 12:00:00 AM,4:56AM,,19:04:00,LBS    ,7110.000,7110.000,0.000,Plus Materials                                    ,,497.7000,497.7000,0.0000,,,0,0,
14242,4/20/2026 12:00:00 AM,Plus Monroe Warehouse                        ,COMPLETED,GREEN MAX (NEW) (1ST SHIFT),Posted,4/21/2026 12:00:00 AM,4:56AM,,19:04:00,LBS    ,858.000,858.000,0.000,Plus Materials                                    ,,35.8096,35.8100,0.0000,,,0,0,
14243,4/20/2026 12:00:00 AM,Plus Monroe Warehouse                        ,COMPLETED,GUILLOTINE (1ST SHIFT),Posted,4/21/2026 12:00:00 AM,4:56AM,,19:04:00,LBS    ,7322.000,7322.000,0.000,Plus Materials                                    ,,512.5400,512.5400,0.0000,,,11,0,
14244,4/20/2026 12:00:00 AM,Plus Monroe Warehouse                        ,COMPLETED,SHREDDER (1ST SHIFT),Posted,4/21/2026 12:00:00 AM,4:56AM,,19:04:00,LBS    ,6306.000,6306.000,0.000,Plus Materials                                    ,,252.2400,252.2400,0.0000,,,15,0,
14245,4/20/2026 12:00:00 AM,Monroe Processing Warehouse                  ,COMPLETED,SHREDDER/GRINDER (1ST SHIFT),Posted,4/21/2026 12:00:00 AM,4:57AM,,19:03:00,LBS    ,7915.000,7915.000,0.000,Plus Materials                                    ,,700.8500,700.8500,0.0000,,,0,0,
14247,4/20/2026 12:00:00 AM,Plus Monroe Warehouse                        ,COMPLETED,AUTO-TIE BALER (2ND SHIFT),Posted,4/21/2026 12:00:00 AM,4:57AM,,19:03:00,LBS    ,6825.000,6825.000,0.000,Plus Materials                                    ,,-6.7400,-6.7400,0.0000,,,27,0,
14251,4/20/2026 12:00:00 AM,Plus Monroe Warehouse                        ,COMPLETED,EXTRUDER (2ND SHIFT),Posted,4/21/2026 12:00:00 AM,4:58AM,,19:02:00,LBS    ,6400.000,6400.000,0.000,Plus Materials                                    ,,448.0000,448.0000,0.0000,,,198,0,
14252,4/20/2026 12:00:00 AM,Plus Monroe Warehouse                        ,COMPLETED,GREEN MAX (NEW) (2ND SHIFT),Posted,4/21/2026 12:00:00 AM,4:58AM,,19:02:00,LBS    ,99.000,99.000,0.000,Plus Materials                                    ,,7.0105,7.0100,0.0000,,,0,0,
14253,4/20/2026 12:00:00 AM,Plus Monroe Warehouse                        ,COMPLETED,GUILLOTINE (2ND SHIFT),Posted,4/21/2026 12:00:00 AM,4:58AM,,19:02:00,LBS    ,8068.000,8068.000,0.000,Plus Materials                                    ,,564.7600,564.7600,0.0000,,,0,0,
14255,4/20/2026 12:00:00 AM,Monroe Processing Warehouse                  ,COMPLETED,SHREDDER/GRINDER (2ND SHIFT),Posted,4/21/2026 12:00:00 AM,4:58AM,,19:02:00,LBS    ,1184.000,1184.000,0.000,Plus Materials                                    ,,104.8397,104.8400,0.0000,,,0,0,
14261,4/20/2026 12:00:00 AM,Plus Monroe Warehouse                        ,COMPLETED,EXTRUDER (3RD SHIFT),Posted,4/21/2026 12:00:00 AM,5:00AM,,19:00:00,LBS    ,4862.000,4862.000,0.000,Plus Materials                                    ,,340.3400,340.3400,0.0000,,,11,0,
14263,4/20/2026 12:00:00 AM,Plus Monroe Warehouse                        ,COMPLETED,GUILLOTINE (3RD SHIFT),Posted,4/21/2026 12:00:00 AM,5:00AM,,19:00:00,LBS    ,9610.000,9610.000,0.000,Plus Materials                                    ,,348.7400,348.7400,0.0000,,,15,0,
14267,4/20/2026 12:00:00 AM,PRN Southeast                                ,COMPLETED,BALER,Posted,4/20/2026 12:00:00 AM,5:01AM,,18:59:00,LBS    ,17933.000,13557.000,4376.000,Plus Materials                                    ,,1142.3000,2038.9500,896.6500,,,53,6,
14268,4/20/2026 12:00:00 AM,Plus Ryder Midwest                           ,COMPLETED,BOGUS,Posted,4/20/2026 12:00:00 AM,5:38AM,,18:22:00,LBS    ,3420.000,3420.000,0.000,Plus Materials                                    ,,256.5000,256.5000,0.0000,,,20,1,
14269,4/20/2026 12:00:00 AM,Plus Ryder Midwest                           ,COMPLETED,BOGUS,Posted,4/20/2026 12:00:00 AM,10:02AM,,13:58:00,LBS    ,7650.000,7650.000,0.000,Plus Materials                                    ,,573.7500,573.7500,0.0000,,,20,1,
14270,4/21/2026 12:00:00 AM,Plus Monroe Warehouse                        ,COMPLETED,AUTO-TIE BALER (1ST SHIFT),Posted,4/22/2026 12:00:00 AM,5:50AM,,18:10:00,LBS    ,4821.000,4821.000,0.000,Plus Materials                                    ,,0.0000,0.0000,0.0000,,,17,5,
14274,4/21/2026 12:00:00 AM,Plus Monroe Warehouse                        ,COMPLETED,EXTRUDER (1ST SHIFT),Posted,4/22/2026 12:00:00 AM,5:51AM,,18:09:00,LBS    ,9246.000,9246.000,0.000,Plus Materials                                    ,,970.8322,970.8300,0.0000,,,198,0,
14275,4/21/2026 12:00:00 AM,Plus Monroe Warehouse                        ,COMPLETED,GREEN MAX (NEW) (1ST SHIFT),Posted,4/22/2026 12:00:00 AM,5:51AM,,18:09:00,LBS    ,914.000,914.000,0.000,Plus Materials                                    ,,0.0000,0.0000,0.0000,,,0,0,
14276,4/21/2026 12:00:00 AM,Plus Monroe Warehouse                        ,COMPLETED,GUILLOTINE (1ST SHIFT),Posted,4/22/2026 12:00:00 AM,5:51AM,,18:09:00,LBS    ,8463.000,8463.000,0.000,Plus Materials                                    ,,888.6187,888.6400,0.0000,,,0,0,
14277,4/21/2026 12:00:00 AM,Plus Monroe Warehouse                        ,COMPLETED,SHREDDER (1ST SHIFT),Posted,4/22/2026 12:00:00 AM,5:51AM,,18:09:00,LBS    ,7695.000,7695.000,0.000,Plus Materials                                    ,,76.9500,76.9500,0.0000,,,0,0,
14278,4/21/2026 12:00:00 AM,Monroe Processing Warehouse                  ,COMPLETED,SHREDDER/GRINDER (1ST SHIFT),Posted,4/22/2026 12:00:00 AM,5:52AM,,18:08:00,LBS    ,2404.000,2404.000,0.000,Plus Materials                                    ,,48.0800,48.0800,0.0000,,,32,0,
14280,4/21/2026 12:00:00 AM,Plus Monroe Warehouse                        ,COMPLETED,AUTO-TIE BALER (2ND SHIFT),Posted,4/22/2026 12:00:00 AM,5:52AM,,18:08:00,LBS    ,5956.000,5956.000,0.000,Plus Materials                                    ,,115.1994,115.2000,0.0000,,,21,0,
14284,4/21/2026 12:00:00 AM,Plus Monroe Warehouse                        ,COMPLETED,EXTRUDER (2ND SHIFT),Posted,4/22/2026 12:00:00 AM,5:53AM,,18:07:00,LBS    ,6716.000,6716.000,0.000,Plus Materials                                    ,,1040.9800,1040.9800,0.0000,,,9,0,
14286,4/21/2026 12:00:00 AM,Plus Monroe Warehouse                        ,COMPLETED,GUILLOTINE (2ND SHIFT),Posted,4/22/2026 12:00:00 AM,5:53AM,,18:07:00,LBS    ,8441.000,8441.000,0.000,Plus Materials                                    ,,886.3091,886.3100,0.0000,,,11,0,
14288,4/21/2026 12:00:00 AM,Monroe Processing Warehouse                  ,COMPLETED,SHREDDER/GRINDER (2ND SHIFT),Posted,4/22/2026 12:00:00 AM,5:53AM,,18:07:00,LBS    ,6802.000,6802.000,0.000,Plus Materials                                    ,,136.0400,136.0400,0.0000,,,0,0,
14294,4/21/2026 12:00:00 AM,Plus Monroe Warehouse                        ,COMPLETED,EXTRUDER (3RD SHIFT),Posted,4/22/2026 12:00:00 AM,5:54AM,,18:06:00,LBS    ,3180.000,3180.000,0.000,Plus Materials                                    ,,222.6000,222.6000,0.0000,,,0,0,
14296,4/21/2026 12:00:00 AM,Plus Monroe Warehouse                        ,COMPLETED,GUILLOTINE (3RD SHIFT),Posted,4/22/2026 12:00:00 AM,5:55AM,,18:05:00,LBS    ,4345.000,4345.000,0.000,Plus Materials                                    ,,0.0000,0.0000,0.0000,,,5,0,
14300,4/21/2026 12:00:00 AM,PRN Southeast                                ,COMPLETED,BALER,Posted,4/21/2026 12:00:00 AM,5:55AM,,18:05:00,LBS    ,6638.000,12380.000,-5742.000,Plus Materials                                    ,,369.7700,701.6700,331.9000,,,19,6,
14301,4/22/2026 12:00:00 AM,Plus Monroe Warehouse                        ,COMPLETED,AUTO-TIE BALER (1ST SHIFT),Posted,4/23/2026 12:00:00 AM,5:52AM,,18:08:00,LBS    ,3699.000,3699.000,0.000,Plus Materials                                    ,,105.8530,105.8500,0.0000,,,9,3,
14305,4/22/2026 12:00:00 AM,Plus Monroe Warehouse                        ,COMPLETED,EXTRUDER (1ST SHIFT),Posted,4/23/2026 12:00:00 AM,5:53AM,,18:07:00,LBS    ,7204.000,7204.000,0.000,Plus Materials                                    ,,598.0233,598.0300,0.0000,,,3,0,
14306,4/22/2026 12:00:00 AM,Plus Monroe Warehouse                        ,COMPLETED,GREEN MAX (NEW) (1ST SHIFT),Posted,4/23/2026 12:00:00 AM,5:53AM,,18:07:00,LBS    ,1167.000,1167.000,0.000,Plus Materials                                    ,,0.0000,0.0000,0.0000,,,6,0,
14307,4/22/2026 12:00:00 AM,Plus Monroe Warehouse                        ,COMPLETED,GUILLOTINE (1ST SHIFT),Posted,4/23/2026 12:00:00 AM,5:53AM,,18:07:00,LBS    ,7944.000,7944.000,0.000,Plus Materials                                    ,,238.3200,238.3200,0.0000,,,11,7,
14308,4/22/2026 12:00:00 AM,Plus Monroe Warehouse                        ,COMPLETED,SHREDDER (1ST SHIFT),Posted,4/23/2026 12:00:00 AM,5:53AM,,18:07:00,LBS    ,6345.000,6345.000,0.000,Plus Materials                                    ,,63.4500,63.4500,0.0000,,,36,0,
14309,4/22/2026 12:00:00 AM,Monroe Processing Warehouse                  ,COMPLETED,SHREDDER/GRINDER (1ST SHIFT),Posted,4/23/2026 12:00:00 AM,5:53AM,,18:07:00,LBS    ,12569.000,12569.000,0.000,Plus Materials                                    ,,1112.9478,1112.9500,0.0000,,,0,0,
14311,4/22/2026 12:00:00 AM,Plus Monroe Warehouse                        ,COMPLETED,AUTO-TIE BALER (2ND SHIFT),Posted,4/23/2026 12:00:00 AM,5:54AM,,18:06:00,LBS    ,2575.000,2575.000,0.000,Plus Materials                                    ,,140.4481,140.4500,0.0000,,,0,0,
14315,4/22/2026 12:00:00 AM,Plus Monroe Warehouse                        ,COMPLETED,EXTRUDER (2ND SHIFT),Posted,4/23/2026 12:00:00 AM,5:55AM,,18:05:00,LBS    ,8422.000,8422.000,0.000,Plus Materials                                    ,,884.3100,884.3100,0.0000,,,10,0,
14317,4/22/2026 12:00:00 AM,Plus Monroe Warehouse                        ,COMPLETED,GUILLOTINE (2ND SHIFT),Posted,4/23/2026 12:00:00 AM,5:55AM,,18:05:00,LBS    ,6512.000,6512.000,0.000,Plus Materials                                    ,,195.3600,195.3600,0.0000,,,13,0,
14319,4/22/2026 12:00:00 AM,Monroe Processing Warehouse                  ,COMPLETED,SHREDDER/GRINDER (2ND SHIFT),Posted,4/23/2026 12:00:00 AM,5:56AM,,18:04:00,LBS    ,6014.000,6014.000,0.000,Plus Materials                                    ,,507.2641,507.2600,0.0000,,,40,0,
14325,4/22/2026 12:00:00 AM,Plus Monroe Warehouse                        ,COMPLETED,EXTRUDER (3RD SHIFT),Posted,4/23/2026 12:00:00 AM,5:57AM,,18:03:00,LBS    ,4434.000,4434.000,0.000,Plus Materials                                    ,,133.0200,133.0200,0.0000,,,0,0,
14331,4/22/2026 12:00:00 AM,PRN Southeast                                ,COMPLETED,BALER,Posted,4/23/2026 12:00:00 AM,5:58AM,,18:02:00,LBS    ,925.000,1850.000,-925.000,Plus Materials                                    ,,42.9900,89.2400,46.2500,,,5,1,
14332,4/23/2026 12:00:00 AM,Plus Monroe Warehouse                        ,COMPLETED,AUTO-TIE BALER (1ST SHIFT),Posted,4/24/2026 12:00:00 AM,5:48AM,,18:12:00,LBS    ,6508.000,6508.000,0.000,Plus Materials                                    ,,442.0600,442.0700,0.0000,,,17,3,
14336,4/23/2026 12:00:00 AM,Plus Monroe Warehouse                        ,COMPLETED,EXTRUDER (1ST SHIFT),Posted,4/24/2026 12:00:00 AM,5:49AM,,18:11:00,LBS    ,8129.000,8129.000,0.000,Plus Materials                                    ,,0.0000,0.0000,0.0000,,,9,0,
14337,4/23/2026 12:00:00 AM,Plus Monroe Warehouse                        ,COMPLETED,GREEN MAX (NEW) (1ST SHIFT),Posted,4/24/2026 12:00:00 AM,5:49AM,,18:11:00,LBS    ,1098.000,1098.000,0.000,Plus Materials                                    ,,0.0000,0.0000,0.0000,,,18,0,
14338,4/23/2026 12:00:00 AM,Plus Monroe Warehouse                        ,COMPLETED,GUILLOTINE (1ST SHIFT),Posted,4/24/2026 12:00:00 AM,5:49AM,,18:11:00,LBS    ,9538.000,9538.000,0.000,Plus Materials                                    ,,646.1745,646.1600,0.0000,,,49,11,
14339,4/23/2026 12:00:00 AM,Plus Monroe Warehouse                        ,COMPLETED,SHREDDER (1ST SHIFT),Posted,4/24/2026 12:00:00 AM,5:49AM,,18:11:00,LBS    ,5749.000,5749.000,0.000,Plus Materials                                    ,,57.4900,57.4900,0.0000,,,23,0,
14340,4/23/2026 12:00:00 AM,Monroe Processing Warehouse                  ,COMPLETED,SHREDDER/GRINDER (1ST SHIFT),Posted,4/24/2026 12:00:00 AM,5:50AM,,18:10:00,LBS    ,6236.000,6236.000,0.000,Plus Materials                                    ,,525.9899,525.9900,0.0000,,,0,0,
14342,4/23/2026 12:00:00 AM,Plus Monroe Warehouse                        ,COMPLETED,AUTO-TIE BALER (2ND SHIFT),Posted,4/24/2026 12:00:00 AM,5:50AM,,18:10:00,LBS    ,6532.000,6532.000,0.000,Plus Materials                                    ,,261.2800,261.2800,0.0000,,,8,0,
14346,4/23/2026 12:00:00 AM,Plus Monroe Warehouse                        ,COMPLETED,EXTRUDER (2ND SHIFT),Posted,4/24/2026 12:00:00 AM,5:51AM,,18:09:00,LBS    ,9236.000,9236.000,0.000,Plus Materials                                    ,,0.0000,0.0000,0.0000,,,13,0,
14348,4/23/2026 12:00:00 AM,Plus Monroe Warehouse                        ,COMPLETED,GUILLOTINE (2ND SHIFT),Posted,4/24/2026 12:00:00 AM,5:51AM,,18:09:00,LBS    ,7027.000,7027.000,0.000,Plus Materials                                    ,,491.8900,491.8900,0.0000,,,0,0,
14350,4/23/2026 12:00:00 AM,Monroe Processing Warehouse                  ,COMPLETED,SHREDDER/GRINDER (2ND SHIFT),Posted,4/24/2026 12:00:00 AM,5:51AM,,18:09:00,LBS    ,7071.000,7071.000,0.000,Plus Materials                                    ,,494.9700,494.9700,0.0000,,,0,0,
14358,4/23/2026 12:00:00 AM,Plus Monroe Warehouse                        ,COMPLETED,GUILLOTINE (3RD SHIFT),Posted,4/24/2026 12:00:00 AM,5:53AM,,18:07:00,LBS    ,8772.000,8772.000,0.000,Plus Materials                                    ,,921.0617,921.0800,0.0000,,,205,0,
14362,4/23/2026 12:00:00 AM,PRN Southeast                                ,COMPLETED,BALER,Posted,4/23/2026 12:00:00 AM,5:53AM,,18:07:00,LBS    ,5417.000,8215.000,-2798.000,Plus Materials                                    ,,257.0600,527.9100,270.8500,,,11,8,
14363,4/24/2026 12:00:00 AM,Plus Monroe Warehouse                        ,COMPLETED,AUTO-TIE BALER (1ST SHIFT),Posted,4/27/2026 12:00:00 AM,5:53AM,,18:07:00,LBS    ,3262.000,3262.000,0.000,Plus Materials                                    ,,324.6467,324.6500,0.0000,,,16,2,
14367,4/24/2026 12:00:00 AM,Plus Monroe Warehouse                        ,COMPLETED,EXTRUDER (1ST SHIFT),Posted,4/27/2026 12:00:00 AM,5:54AM,,18:06:00,LBS    ,7669.000,7669.000,0.000,Plus Materials                                    ,,0.0000,0.0000,0.0000,,,0,0,
14368,4/24/2026 12:00:00 AM,Plus Monroe Warehouse                        ,COMPLETED,GREEN MAX (NEW) (1ST SHIFT),Posted,4/27/2026 12:00:00 AM,5:54AM,,18:06:00,LBS    ,878.000,878.000,0.000,Plus Materials                                    ,,0.0000,0.0000,0.0000,,,24,0,
14369,4/24/2026 12:00:00 AM,Plus Monroe Warehouse                        ,COMPLETED,GUILLOTINE (1ST SHIFT),Posted,4/27/2026 12:00:00 AM,5:54AM,,18:06:00,LBS    ,7696.000,7696.000,0.000,Plus Materials                                    ,,414.7000,414.7100,0.0000,,,8,14,
14370,4/24/2026 12:00:00 AM,Plus Monroe Warehouse                        ,COMPLETED,SHREDDER (1ST SHIFT),Posted,4/27/2026 12:00:00 AM,5:55AM,,18:05:00,LBS    ,1052.000,1052.000,0.000,Plus Materials                                    ,,126.2400,126.2400,0.0000,,,1,0,
14371,4/24/2026 12:00:00 AM,Monroe Processing Warehouse                  ,COMPLETED,SHREDDER/GRINDER (1ST SHIFT),Posted,4/27/2026 12:00:00 AM,5:55AM,,18:05:00,LBS    ,7714.000,7714.000,0.000,Plus Materials                                    ,,385.7000,385.7000,0.0000,,,15,0,
14373,4/24/2026 12:00:00 AM,Plus Monroe Warehouse                        ,COMPLETED,AUTO-TIE BALER (2ND SHIFT),Posted,4/27/2026 12:00:00 AM,5:55AM,,18:05:00,LBS    ,1936.000,1936.000,0.000,Plus Materials                                    ,,48.4000,48.4000,0.0000,,,8,0,
14377,4/24/2026 12:00:00 AM,Plus Monroe Warehouse                        ,COMPLETED,EXTRUDER (2ND SHIFT),Posted,4/27/2026 12:00:00 AM,5:56AM,,18:04:00,LBS    ,3040.000,3040.000,0.000,Plus Materials                                    ,,30.4000,30.4000,0.0000,,,4,0,
14379,4/24/2026 12:00:00 AM,Plus Monroe Warehouse                        ,COMPLETED,GUILLOTINE (2ND SHIFT),Posted,4/27/2026 12:00:00 AM,5:56AM,,18:04:00,LBS    ,4914.000,4914.000,0.000,Plus Materials                                    ,,327.4947,327.4800,0.0000,,,1,0,
14381,4/24/2026 12:00:00 AM,Monroe Processing Warehouse                  ,COMPLETED,SHREDDER/GRINDER (2ND SHIFT),Posted,4/27/2026 12:00:00 AM,5:57AM,,18:03:00,LBS    ,6188.000,6188.000,0.000,Plus Materials                                    ,,309.4000,309.4000,0.0000,,,0,0,
14387,4/24/2026 12:00:00 AM,Plus Monroe Warehouse                        ,COMPLETED,EXTRUDER (3RD SHIFT),Posted,4/27/2026 12:00:00 AM,5:58AM,,18:02:00,LBS    ,4822.000,4822.000,0.000,Plus Materials                                    ,,48.2200,48.2200,0.0000,,,5,0,
14394,4/24/2026 12:00:00 AM,Plus Ryder Midwest                           ,COMPLETED,BOGUS,Posted,4/24/2026 12:00:00 AM,10:16AM,,13:44:00,LBS    ,4190.000,4190.000,0.000,Plus Materials                                    ,,323.5531,323.5500,0.0000,,,20,1,
14395,4/24/2026 12:00:00 AM,Plus Ryder Midwest                           ,COMPLETED,BOGUS,Posted,4/24/2026 12:00:00 AM,10:18AM,,13:42:00,LBS    ,28706.000,28706.000,0.000,Plus Materials                                    ,,1842.8627,1842.8600,0.0000,,,18,1,
14396,4/24/2026 12:00:00 AM,Plus Ryder Midwest                           ,COMPLETED,BOGUS,Posted,4/24/2026 12:00:00 AM,10:24AM,,13:36:00,LBS    ,10000.000,10000.000,0.000,Plus Materials                                    ,,641.9802,641.9800,0.0000,,,0,1,
14397,4/27/2026 12:00:00 AM,Plus Monroe Warehouse                        ,COMPLETED,AUTO-TIE BALER (1ST SHIFT),Posted,4/28/2026 12:00:00 AM,5:07AM,,18:53:00,LBS    ,6514.000,6514.000,0.000,Plus Materials                                    ,,260.5600,260.5600,0.0000,,,22,4,
14401,4/27/2026 12:00:00 AM,Plus Monroe Warehouse                        ,COMPLETED,EXTRUDER (1ST SHIFT),Posted,4/28/2026 12:00:00 AM,5:08AM,,18:52:00,LBS    ,7100.000,7100.000,0.000,Plus Materials                                    ,,0.0000,0.0000,0.0000,,,0,0,
14402,4/27/2026 12:00:00 AM,Plus Monroe Warehouse                        ,COMPLETED,GREEN MAX (NEW) (1ST SHIFT),Posted,4/28/2026 12:00:00 AM,5:08AM,,18:52:00,LBS    ,2360.000,2360.000,0.000,Plus Materials                                    ,,0.0000,0.0000,0.0000,,,13,0,
14403,4/27/2026 12:00:00 AM,Plus Monroe Warehouse                        ,COMPLETED,GUILLOTINE (1ST SHIFT),Posted,4/28/2026 12:00:00 AM,5:08AM,,18:52:00,LBS    ,6448.000,6448.000,0.000,Plus Materials                                    ,,361.2800,361.2700,0.0000,,,6,14,
14405,4/27/2026 12:00:00 AM,Monroe Processing Warehouse                  ,COMPLETED,SHREDDER/GRINDER (1ST SHIFT),Posted,4/28/2026 12:00:00 AM,5:08AM,,18:52:00,LBS    ,7562.000,7562.000,0.000,Plus Materials                                    ,,378.1000,378.1000,0.0000,,,10,0,
14407,4/27/2026 12:00:00 AM,Plus Monroe Warehouse                        ,COMPLETED,AUTO-TIE BALER (2ND SHIFT),Posted,4/28/2026 12:00:00 AM,5:09AM,,18:51:00,LBS    ,2492.000,2492.000,0.000,Plus Materials                                    ,,62.3000,62.3100,0.0000,,,8,0,
14411,4/27/2026 12:00:00 AM,Plus Monroe Warehouse                        ,COMPLETED,EXTRUDER (2ND SHIFT),Posted,4/28/2026 12:00:00 AM,5:09AM,,18:51:00,LBS    ,5112.000,5112.000,0.000,Plus Materials                                    ,,536.7600,536.7600,0.0000,,,5,0,
14413,4/27/2026 12:00:00 AM,Plus Monroe Warehouse                        ,COMPLETED,GUILLOTINE (2ND SHIFT),Posted,4/28/2026 12:00:00 AM,5:10AM,,18:50:00,LBS    ,6073.000,6073.000,0.000,Plus Materials                                    ,,637.6650,637.6700,0.0000,,,8,0,
14421,4/27/2026 12:00:00 AM,Plus Monroe Warehouse                        ,COMPLETED,EXTRUDER (3RD SHIFT),Posted,4/28/2026 12:00:00 AM,5:11AM,,18:49:00,LBS    ,4752.000,4752.000,0.000,Plus Materials                                    ,,333.6600,333.6500,0.0000,,,0,0,
14423,4/27/2026 12:00:00 AM,Plus Monroe Warehouse                        ,COMPLETED,GUILLOTINE (3RD SHIFT),Posted,4/28/2026 12:00:00 AM,5:12AM,,18:48:00,LBS    ,9068.000,9068.000,0.000,Plus Materials                                    ,,952.1427,952.1600,0.0000,,,0,0,
14428,4/27/2026 12:00:00 AM,Plus Ryder Midwest                           ,COMPLETED,BOGUS,Posted,4/27/2026 12:00:00 AM,5:41AM,,18:19:00,LBS    ,6172.000,6172.000,0.000,Plus Materials                                    ,,463.8766,463.8800,0.0000,,,13,1,
14429,4/27/2026 12:00:00 AM,Plus Ryder Midwest                           ,COMPLETED,BOGUS,Posted,4/27/2026 12:00:00 AM,5:43AM,,18:17:00,LBS    ,2908.000,2908.000,0.000,Plus Materials                                    ,,224.5569,224.5600,0.0000,,,0,1,
14430,4/27/2026 12:00:00 AM,Plus Ryder Midwest                           ,COMPLETED,BOGUS,Posted,4/27/2026 12:00:00 AM,5:44AM,,18:16:00,LBS    ,13102.000,13102.000,0.000,Plus Materials                                    ,,835.6512,835.6500,0.0000,,,9,1,
14431,4/27/2026 12:00:00 AM,Plus Ryder Midwest                           ,COMPLETED,BOGUS,Posted,4/27/2026 12:00:00 AM,11:28AM,,12:32:00,LBS    ,3320.000,3320.000,0.000,Plus Materials                                    ,,249.0000,249.0000,0.0000,,,20,1,
14432,4/28/2026 12:00:00 AM,Plus Monroe Warehouse                        ,COMPLETED,AUTO-TIE BALER (1ST SHIFT),Posted,4/29/2026 12:00:00 AM,5:47AM,,18:13:00,LBS    ,5478.000,5478.000,0.000,Plus Materials                                    ,,332.1787,332.1700,0.0000,,,6,3,
14436,4/28/2026 12:00:00 AM,Plus Monroe Warehouse                        ,COMPLETED,EXTRUDER (1ST SHIFT),Posted,4/29/2026 12:00:00 AM,5:48AM,,18:12:00,LBS    ,8261.000,8261.000,0.000,Plus Materials                                    ,,-114.9544,-114.9400,0.0000,,,1,0,
14437,4/28/2026 12:00:00 AM,Plus Monroe Warehouse                        ,COMPLETED,GREEN MAX (NEW) (1ST SHIFT),Posted,4/29/2026 12:00:00 AM,5:48AM,,18:12:00,LBS    ,2434.000,2434.000,0.000,Plus Materials                                    ,,121.7000,121.7000,0.0000,,,14,0,
14438,4/28/2026 12:00:00 AM,Plus Monroe Warehouse                        ,COMPLETED,GUILLOTINE (1ST SHIFT),Posted,4/29/2026 12:00:00 AM,5:48AM,,18:12:00,LBS    ,11075.000,11075.000,0.000,Plus Materials                                    ,,709.7300,709.7500,0.0000,,,200,8,
14440,4/28/2026 12:00:00 AM,Monroe Processing Warehouse                  ,COMPLETED,SHREDDER/GRINDER (1ST SHIFT),Posted,4/29/2026 12:00:00 AM,5:48AM,,18:12:00,LBS    ,5413.000,5413.000,0.000,Plus Materials                                    ,,270.6500,270.6500,0.0000,,,0,0,
14442,4/28/2026 12:00:00 AM,Plus Monroe Warehouse                        ,COMPLETED,AUTO-TIE BALER (2ND SHIFT),Posted,4/29/2026 12:00:00 AM,5:49AM,,18:11:00,LBS    ,6061.000,6061.000,0.000,Plus Materials                                    ,,151.5250,151.5300,0.0000,,,13,0,
14446,4/28/2026 12:00:00 AM,Plus Monroe Warehouse                        ,COMPLETED,EXTRUDER (2ND SHIFT),Posted,4/29/2026 12:00:00 AM,5:49AM,,18:11:00,LBS    ,8568.000,8568.000,0.000,Plus Materials                                    ,,899.6400,899.6400,0.0000,,,10,0,
14448,4/28/2026 12:00:00 AM,Plus Monroe Warehouse                        ,COMPLETED,GUILLOTINE (2ND SHIFT),Posted,4/29/2026 12:00:00 AM,5:50AM,,18:10:00,LBS    ,8090.000,8090.000,0.000,Plus Materials                                    ,,242.7000,242.7000,0.0000,,,32,0,
14450,4/28/2026 12:00:00 AM,Monroe Processing Warehouse                  ,COMPLETED,SHREDDER/GRINDER (2ND SHIFT),Posted,4/29/2026 12:00:00 AM,5:50AM,,18:10:00,LBS    ,3285.000,3285.000,0.000,Plus Materials                                    ,,219.2837,219.2800,0.0000,,,50,0,
14456,4/28/2026 12:00:00 AM,Plus Monroe Warehouse                        ,COMPLETED,EXTRUDER (3RD SHIFT),Posted,4/29/2026 12:00:00 AM,5:52AM,,18:08:00,LBS    ,4114.000,4114.000,0.000,Plus Materials                                    ,,392.8050,392.8100,0.0000,,,0,0,
14458,4/28/2026 12:00:00 AM,Plus Monroe Warehouse                        ,COMPLETED,GUILLOTINE (3RD SHIFT),Posted,4/29/2026 12:00:00 AM,5:52AM,,18:08:00,LBS    ,7647.000,7647.000,0.000,Plus Materials                                    ,,229.4100,229.4100,0.0000,,,0,0,
14463,4/29/2026 12:00:00 AM,Plus Monroe Warehouse                        ,COMPLETED,AUTO-TIE BALER (1ST SHIFT),Posted,4/30/2026 12:00:00 AM,5:49AM,,18:11:00,LBS    ,5096.000,5096.000,0.000,Plus Materials                                    ,,-52.6234,-52.6300,0.0000,,,9,3,
14467,4/29/2026 12:00:00 AM,Plus Monroe Warehouse                        ,COMPLETED,EXTRUDER (1ST SHIFT),Posted,4/30/2026 12:00:00 AM,5:50AM,,18:10:00,LBS    ,8630.000,8630.000,0.000,Plus Materials                                    ,,0.0000,0.0000,0.0000,,,12,0,
14468,4/29/2026 12:00:00 AM,Plus Monroe Warehouse                        ,COMPLETED,GREEN MAX (NEW) (1ST SHIFT),Posted,4/30/2026 12:00:00 AM,5:50AM,,18:10:00,LBS    ,2405.000,2405.000,0.000,Plus Materials                                    ,,120.2500,120.2500,0.0000,,,18,0,
14469,4/29/2026 12:00:00 AM,Plus Monroe Warehouse                        ,COMPLETED,GUILLOTINE (1ST SHIFT),Posted,4/30/2026 12:00:00 AM,5:51AM,,18:09:00,LBS    ,15286.000,15286.000,0.000,Plus Materials                                    ,,502.5300,502.5500,0.0000,,,12,15,
14471,4/29/2026 12:00:00 AM,Monroe Processing Warehouse                  ,COMPLETED,SHREDDER/GRINDER (1ST SHIFT),Posted,4/30/2026 12:00:00 AM,5:51AM,,18:09:00,LBS    ,7897.000,7897.000,0.000,Plus Materials                                    ,,790.5298,790.5300,0.0000,,,0,0,
14473,4/29/2026 12:00:00 AM,Plus Monroe Warehouse                        ,COMPLETED,AUTO-TIE BALER (2ND SHIFT),Posted,4/30/2026 12:00:00 AM,5:52AM,,18:08:00,LBS    ,6751.000,6751.000,0.000,Plus Materials                                    ,,-78.9021,-78.9000,0.0000,,,0,0,
14477,4/29/2026 12:00:00 AM,Plus Monroe Warehouse                        ,COMPLETED,EXTRUDER (2ND SHIFT),Posted,4/30/2026 12:00:00 AM,5:53AM,,18:07:00,LBS    ,7586.000,7586.000,0.000,Plus Materials                                    ,,0.0000,0.0000,0.0000,,,0,0,
14479,4/29/2026 12:00:00 AM,Plus Monroe Warehouse                        ,COMPLETED,GUILLOTINE (2ND SHIFT),Posted,4/30/2026 12:00:00 AM,5:53AM,,18:07:00,LBS    ,7082.000,7082.000,0.000,Plus Materials                                    ,,212.4600,212.4600,0.0000,,,0,0,
14487,4/29/2026 12:00:00 AM,Plus Monroe Warehouse                        ,COMPLETED,EXTRUDER (3RD SHIFT),Posted,4/30/2026 12:00:00 AM,5:54AM,,18:06:00,LBS    ,3331.000,3331.000,0.000,Plus Materials                                    ,,233.1700,233.1700,0.0000,,,0,0,
14489,4/29/2026 12:00:00 AM,Plus Monroe Warehouse                        ,COMPLETED,GUILLOTINE (3RD SHIFT),Posted,4/30/2026 12:00:00 AM,5:55AM,,18:05:00,LBS    ,6290.000,6290.000,0.000,Plus Materials                                    ,,660.4542,660.4600,0.0000,,,0,0,
14494,4/30/2026 12:00:00 AM,Plus Monroe Warehouse                        ,COMPLETED,AUTO-TIE BALER (1ST SHIFT),Posted,5/1/2026 12:00:00 AM,5:54AM,,18:06:00,LBS    ,5308.000,5308.000,0.000,Plus Materials                                    ,,-62.0390,-62.0500,0.0000,,,0,3,
14498,4/30/2026 12:00:00 AM,Plus Monroe Warehouse                        ,COMPLETED,EXTRUDER (1ST SHIFT),Posted,5/1/2026 12:00:00 AM,5:54AM,,18:06:00,LBS    ,9170.000,9170.000,0.000,Plus Materials                                    ,,962.8500,962.8600,0.0000,,,0,0,
14499,4/30/2026 12:00:00 AM,Plus Monroe Warehouse                        ,COMPLETED,GREEN MAX (NEW) (1ST SHIFT),Posted,5/1/2026 12:00:00 AM,5:55AM,,18:05:00,LBS    ,2300.000,2300.000,0.000,Plus Materials                                    ,,95.9931,95.9900,0.0000,,,0,0,
14500,4/30/2026 12:00:00 AM,Plus Monroe Warehouse                        ,COMPLETED,GUILLOTINE (1ST SHIFT),Posted,5/1/2026 12:00:00 AM,5:55AM,,18:05:00,LBS    ,17101.000,17101.000,0.000,Plus Materials                                    ,,0.0000,0.0000,0.0000,,,33,7,
14502,4/30/2026 12:00:00 AM,Monroe Processing Warehouse                  ,COMPLETED,SHREDDER/GRINDER (1ST SHIFT),Posted,5/1/2026 12:00:00 AM,5:55AM,,18:05:00,LBS    ,7676.000,7676.000,0.000,Plus Materials                                    ,,805.9900,806.0100,0.0000,,,0,0,
14504,4/30/2026 12:00:00 AM,Plus Monroe Warehouse                        ,COMPLETED,AUTO-TIE BALER (2ND SHIFT),Posted,5/1/2026 12:00:00 AM,5:56AM,,18:04:00,LBS    ,1866.000,1866.000,0.000,Plus Materials                                    ,,-55.9800,-55.9800,0.0000,,,0,0,
14508,4/30/2026 12:00:00 AM,Plus Monroe Warehouse                        ,COMPLETED,EXTRUDER (2ND SHIFT),Posted,5/1/2026 12:00:00 AM,5:56AM,,18:04:00,LBS    ,6922.000,6922.000,0.000,Plus Materials                                    ,,207.6600,207.6600,0.0000,,,0,0,
14510,4/30/2026 12:00:00 AM,Plus Monroe Warehouse                        ,COMPLETED,GUILLOTINE (2ND SHIFT),Posted,5/1/2026 12:00:00 AM,5:57AM,,18:03:00,LBS    ,7067.000,7067.000,0.000,Plus Materials                                    ,,472.6484,472.6500,0.0000,,,54,0,
14512,4/30/2026 12:00:00 AM,Monroe Processing Warehouse                  ,COMPLETED,SHREDDER/GRINDER (2ND SHIFT),Posted,5/1/2026 12:00:00 AM,5:57AM,,18:03:00,LBS    ,3409.000,3409.000,0.000,Plus Materials                                    ,,357.9542,357.9500,0.0000,,,0,0,
14518,4/30/2026 12:00:00 AM,Plus Monroe Warehouse                        ,COMPLETED,EXTRUDER (3RD SHIFT),Posted,5/1/2026 12:00:00 AM,5:59AM,,18:01:00,LBS    ,4476.000,4476.000,0.000,Plus Materials                                    ,,313.3200,313.3200,0.0000,,,0,0,
14520,4/30/2026 12:00:00 AM,Plus Monroe Warehouse                        ,COMPLETED,GUILLOTINE (3RD SHIFT),Posted,5/1/2026 12:00:00 AM,5:59AM,,18:01:00,LBS    ,7157.000,7157.000,0.000,Plus Materials                                    ,,751.4800,751.4700,0.0000,,,11,0,
14524,4/30/2026 12:00:00 AM,PRN Southeast                                ,COMPLETED,BALER,Posted,5/1/2026 12:00:00 AM,6:00AM,,18:00:00,LBS    ,12136.000,10665.000,1471.000,Plus Materials                                    ,,541.6300,1148.4400,606.8000,,,54,6,
14525,4/30/2026 12:00:00 AM,Plus Ryder Midwest                           ,COMPLETED,BOGUS,Posted,4/30/2026 12:00:00 AM,3:05PM,,08:55:00,LBS    ,8500.000,8500.000,0.000,Plus Materials                                    ,,1095.1923,1095.1900,0.0000,,,26,1,
14526,5/1/2026 12:00:00 AM,Plus Monroe Warehouse                        ,COMPLETED,AUTO-TIE BALER (1ST SHIFT),Posted,5/4/2026 12:00:00 AM,5:48AM,,18:12:00,LBS    ,3251.000,3251.000,0.000,Plus Materials                                    ,,519.1423,519.1500,0.0000,,,3,2,
14530,5/1/2026 12:00:00 AM,Plus Monroe Warehouse                        ,COMPLETED,EXTRUDER (1ST SHIFT),Posted,5/4/2026 12:00:00 AM,5:49AM,,18:11:00,LBS    ,6625.000,6625.000,0.000,Plus Materials                                    ,,728.7500,728.7500,0.0000,,,53,0,
14532,5/1/2026 12:00:00 AM,Plus Monroe Warehouse                        ,COMPLETED,GUILLOTINE (1ST SHIFT),Posted,5/4/2026 12:00:00 AM,5:49AM,,18:11:00,LBS    ,8328.000,8328.000,0.000,Plus Materials                                    ,,820.9800,820.9900,0.0000,,,2,9,
14534,5/1/2026 12:00:00 AM,Monroe Processing Warehouse                  ,COMPLETED,SHREDDER/GRINDER (1ST SHIFT),Posted,5/4/2026 12:00:00 AM,5:50AM,,18:10:00,LBS    ,2370.000,2370.000,0.000,Plus Materials                                    ,,136.8135,136.8100,0.0000,,,0,0,
14535,5/1/2026 12:00:00 AM,Plus Monroe Warehouse                        ,COMPLETED,SMALL GRINDER (1ST SHIFT),Posted,5/4/2026 12:00:00 AM,5:50AM,,18:10:00,LBS    ,913.000,913.000,0.000,Plus Materials                                    ,,0.0000,0.0000,0.0000,,,0,0,
13304,3/6/2026 12:00:00 AM,Plus Monroe Warehouse                        ,COMPLETED,GUILLOTINE (2ND SHIFT),Posted,3/9/2026 12:00:00 AM,5:55AM,,18:05:00,LBS    ,7316.000,7316.000,0.000,Plus Materials                                    ,,226.1700,226.1500,0.0000,,,0,0,
13306,3/6/2026 12:00:00 AM,Monroe Processing Warehouse                  ,COMPLETED,SHREDDER/GRINDER (2ND SHIFT),Posted,3/9/2026 12:00:00 AM,5:55AM,,18:05:00,LBS    ,2809.000,2809.000,0.000,Plus Materials                                    ,,214.8042,214.8000,0.0000,,,3,0,
13312,3/6/2026 12:00:00 AM,Plus Monroe Warehouse                        ,COMPLETED,EXTRUDER (3RD SHIFT),Posted,3/9/2026 12:00:00 AM,5:56AM,,18:04:00,LBS    ,4026.000,4026.000,0.000,Plus Materials                                    ,,208.4651,208.4600,0.0000,,,0,0,
13314,3/6/2026 12:00:00 AM,Plus Monroe Warehouse                        ,COMPLETED,GUILLOTINE (3RD SHIFT),Posted,3/9/2026 12:00:00 AM,5:56AM,,18:04:00,LBS    ,6121.000,6121.000,0.000,Plus Materials                                    ,,285.8200,285.8200,0.0000,,,0,0,
13318,3/9/2026 12:00:00 AM,Plus Monroe Warehouse                        ,COMPLETED,AUTO-TIE BALER (1ST SHIFT),Posted,3/10/2026 12:00:00 AM,5:15AM,,18:45:00,LBS    ,8798.000,8798.000,0.000,Plus Materials                                    ,,1143.7400,1143.7400,0.0000,,,17,6,
13319,3/9/2026 12:00:00 AM,Plus Monroe Warehouse                        ,COMPLETED,AVANGARD (OLD) (1ST SHIFT),Posted,3/10/2026 12:00:00 AM,5:16AM,,18:44:00,LBS    ,1092.000,1092.000,0.000,Plus Materials                                    ,,0.0000,0.0000,0.0000,,,0,0,
13322,3/9/2026 12:00:00 AM,Plus Monroe Warehouse                        ,COMPLETED,EXTRUDER (1ST SHIFT),Posted,3/10/2026 12:00:00 AM,5:16AM,,18:44:00,LBS    ,8530.000,8530.000,0.000,Plus Materials                                    ,,938.3000,938.3000,0.0000,,,0,0,
13324,3/9/2026 12:00:00 AM,Plus Monroe Warehouse                        ,COMPLETED,GUILLOTINE (1ST SHIFT),Posted,3/10/2026 12:00:00 AM,5:16AM,,18:44:00,LBS    ,7902.000,7902.000,0.000,Plus Materials                                    ,,869.2200,869.2200,0.0000,,,20,5,
13325,3/9/2026 12:00:00 AM,Plus Monroe Warehouse                        ,COMPLETED,SHREDDER (1ST SHIFT),Posted,3/10/2026 12:00:00 AM,5:17AM,,18:43:00,LBS    ,5433.000,5433.000,0.000,Plus Materials                                    ,,224.0054,224.0100,0.0000,,,16,4,
13326,3/9/2026 12:00:00 AM,Monroe Processing Warehouse                  ,COMPLETED,SHREDDER/GRINDER (1ST SHIFT),Posted,3/10/2026 12:00:00 AM,5:17AM,,18:43:00,LBS    ,3438.000,3438.000,0.000,Plus Materials                                    ,,171.9000,171.9000,0.0000,,,7,0,
13328,3/9/2026 12:00:00 AM,Plus Monroe Warehouse                        ,COMPLETED,AUTO-TIE BALER (2ND SHIFT),Posted,3/10/2026 12:00:00 AM,5:17AM,,18:43:00,LBS    ,6432.000,6432.000,0.000,Plus Materials                                    ,,0.0000,0.0000,0.0000,,,31,0,
13332,3/9/2026 12:00:00 AM,Plus Monroe Warehouse                        ,COMPLETED,EXTRUDER (2ND SHIFT),Posted,3/10/2026 12:00:00 AM,5:18AM,,18:42:00,LBS    ,8392.000,8392.000,0.000,Plus Materials                                    ,,923.1200,923.1200,0.0000,,,147,0,
13334,3/9/2026 12:00:00 AM,Plus Monroe Warehouse                        ,COMPLETED,GUILLOTINE (2ND SHIFT),Posted,3/10/2026 12:00:00 AM,5:18AM,,18:42:00,LBS    ,8824.000,8824.000,0.000,Plus Materials                                    ,,100.3400,100.3400,0.0000,,,10,0,
13336,3/9/2026 12:00:00 AM,Monroe Processing Warehouse                  ,COMPLETED,SHREDDER/GRINDER (2ND SHIFT),Posted,3/10/2026 12:00:00 AM,5:19AM,,18:41:00,LBS    ,1257.000,1257.000,0.000,Plus Materials                                    ,,24.6948,24.6900,0.0000,,,0,0,
13342,3/9/2026 12:00:00 AM,Plus Monroe Warehouse                        ,COMPLETED,EXTRUDER (3RD SHIFT),Posted,3/10/2026 12:00:00 AM,5:20AM,,18:40:00,LBS    ,5946.000,5946.000,0.000,Plus Materials                                    ,,654.0600,654.0600,0.0000,,,0,0,
13349,3/10/2026 12:00:00 AM,Plus Monroe Warehouse                        ,COMPLETED,AUTO-TIE BALER (1ST SHIFT),Posted,3/11/2026 12:00:00 AM,5:54AM,,18:06:00,LBS    ,8472.000,8472.000,0.000,Plus Materials                                    ,,552.2390,552.2500,0.0000,,,36,5,
13350,3/10/2026 12:00:00 AM,Plus Monroe Warehouse                        ,COMPLETED,AVANGARD (OLD) (1ST SHIFT),Posted,3/11/2026 12:00:00 AM,5:55AM,,18:05:00,LBS    ,1491.000,1491.000,0.000,Plus Materials                                    ,,112.1315,112.1300,0.0000,,,0,0,
13353,3/10/2026 12:00:00 AM,Plus Monroe Warehouse                        ,COMPLETED,EXTRUDER (1ST SHIFT),Posted,3/11/2026 12:00:00 AM,5:55AM,,18:05:00,LBS    ,7300.000,7300.000,0.000,Plus Materials                                    ,,803.0000,803.0000,0.0000,,,10,0,
13355,3/10/2026 12:00:00 AM,Plus Monroe Warehouse                        ,COMPLETED,GUILLOTINE (1ST SHIFT),Posted,3/11/2026 12:00:00 AM,5:56AM,,18:04:00,LBS    ,5774.000,5774.000,0.000,Plus Materials                                    ,,-160.4400,-160.4400,0.0000,,,12,1,
13356,3/10/2026 12:00:00 AM,Plus Monroe Warehouse                        ,COMPLETED,SHREDDER (1ST SHIFT),Posted,3/11/2026 12:00:00 AM,5:56AM,,18:04:00,LBS    ,883.000,883.000,0.000,Plus Materials                                    ,,32.2636,32.2600,0.0000,,,0,0,
13357,3/10/2026 12:00:00 AM,Monroe Processing Warehouse                  ,COMPLETED,SHREDDER/GRINDER (1ST SHIFT),Posted,3/11/2026 12:00:00 AM,5:56AM,,18:04:00,LBS    ,2723.000,2723.000,0.000,Plus Materials                                    ,,42.8161,42.8200,0.0000,,,32,0,
13359,3/10/2026 12:00:00 AM,Plus Monroe Warehouse                        ,COMPLETED,AUTO-TIE BALER (2ND SHIFT),Posted,3/11/2026 12:00:00 AM,5:56AM,,18:04:00,LBS    ,5116.000,5116.000,0.000,Plus Materials                                    ,,661.0386,661.0400,0.0000,,,4,0,
13363,3/10/2026 12:00:00 AM,Plus Monroe Warehouse                        ,COMPLETED,EXTRUDER (2ND SHIFT),Posted,3/11/2026 12:00:00 AM,5:57AM,,18:03:00,LBS    ,8500.000,8500.000,0.000,Plus Materials                                    ,,935.0000,935.0000,0.0000,,,160,0,
13365,3/10/2026 12:00:00 AM,Plus Monroe Warehouse                        ,COMPLETED,GUILLOTINE (2ND SHIFT),Posted,3/11/2026 12:00:00 AM,5:57AM,,18:03:00,LBS    ,7096.000,7096.000,0.000,Plus Materials                                    ,,234.9800,235.0000,0.0000,,,0,0,
13367,3/10/2026 12:00:00 AM,Monroe Processing Warehouse                  ,COMPLETED,SHREDDER/GRINDER (2ND SHIFT),Posted,3/11/2026 12:00:00 AM,5:58AM,,18:02:00,LBS    ,4112.000,4112.000,0.000,Plus Materials                                    ,,205.6000,205.6000,0.0000,,,0,0,
13373,3/10/2026 12:00:00 AM,Plus Monroe Warehouse                        ,COMPLETED,EXTRUDER (3RD SHIFT),Posted,3/11/2026 12:00:00 AM,5:59AM,,18:01:00,LBS    ,4502.000,4502.000,0.000,Plus Materials                                    ,,495.2200,495.2200,0.0000,,,0,0,
13375,3/10/2026 12:00:00 AM,Plus Monroe Warehouse                        ,COMPLETED,GUILLOTINE (3RD SHIFT),Posted,3/11/2026 12:00:00 AM,5:59AM,,18:01:00,LBS    ,6050.000,6050.000,0.000,Plus Materials                                    ,,665.5000,665.5000,0.0000,,,0,0,
13379,3/10/2026 12:00:00 AM,PRN Southeast                                ,COMPLETED,BALER,Posted,3/11/2026 12:00:00 AM,6:00AM,,18:00:00,LBS    ,14715.000,16995.000,-2280.000,Plus Materials                                    ,,847.3200,1583.0600,735.7500,,,66,11,
13380,3/11/2026 12:00:00 AM,Plus Monroe Warehouse                        ,COMPLETED,AUTO-TIE BALER (1ST SHIFT),Posted,3/12/2026 12:00:00 AM,5:52AM,,18:08:00,LBS    ,8259.000,8259.000,0.000,Plus Materials                                    ,,314.3623,314.3700,0.0000,,,8,5,
13381,3/11/2026 12:00:00 AM,Plus Monroe Warehouse                        ,COMPLETED,AVANGARD (OLD) (1ST SHIFT),Posted,3/12/2026 12:00:00 AM,5:52AM,,18:08:00,LBS    ,1832.000,1832.000,0.000,Plus Materials                                    ,,18.3200,18.3200,0.0000,,,0,0,
13384,3/11/2026 12:00:00 AM,Plus Monroe Warehouse                        ,COMPLETED,EXTRUDER (1ST SHIFT),Posted,3/12/2026 12:00:00 AM,5:52AM,,18:08:00,LBS    ,6134.000,6134.000,0.000,Plus Materials                                    ,,674.7400,674.7400,0.0000,,,0,0,
13386,3/11/2026 12:00:00 AM,Plus Monroe Warehouse                        ,COMPLETED,GUILLOTINE (1ST SHIFT),Posted,3/12/2026 12:00:00 AM,5:53AM,,18:07:00,LBS    ,4352.000,4352.000,0.000,Plus Materials                                    ,,395.8600,395.8700,0.0000,,,0,0,
13387,3/11/2026 12:00:00 AM,Plus Monroe Warehouse                        ,COMPLETED,SHREDDER (1ST SHIFT),Posted,3/12/2026 12:00:00 AM,5:53AM,,18:07:00,LBS    ,7675.000,7675.000,0.000,Plus Materials                                    ,,307.0000,307.0000,0.0000,,,17,9,
13388,3/11/2026 12:00:00 AM,Monroe Processing Warehouse                  ,COMPLETED,SHREDDER/GRINDER (1ST SHIFT),Posted,3/12/2026 12:00:00 AM,5:53AM,,18:07:00,LBS    ,4665.000,4665.000,0.000,Plus Materials                                    ,,304.1865,304.1800,0.0000,,,4,0,
13390,3/11/2026 12:00:00 AM,Plus Monroe Warehouse                        ,COMPLETED,AUTO-TIE BALER (2ND SHIFT),Posted,3/12/2026 12:00:00 AM,5:53AM,,18:07:00,LBS    ,4208.000,4208.000,0.000,Plus Materials                                    ,,105.2000,105.2000,0.0000,,,12,0,
13394,3/11/2026 12:00:00 AM,Plus Monroe Warehouse                        ,COMPLETED,EXTRUDER (2ND SHIFT),Posted,3/12/2026 12:00:00 AM,5:54AM,,18:06:00,LBS    ,8914.000,8914.000,0.000,Plus Materials                                    ,,534.8400,534.8400,0.0000,,,26,0,
13396,3/11/2026 12:00:00 AM,Plus Monroe Warehouse                        ,COMPLETED,GUILLOTINE (2ND SHIFT),Posted,3/12/2026 12:00:00 AM,5:55AM,,18:05:00,LBS    ,7904.000,7904.000,0.000,Plus Materials                                    ,,452.8600,452.8600,0.0000,,,0,0,
13397,3/11/2026 12:00:00 AM,Plus Monroe Warehouse                        ,COMPLETED,SHREDDER (2ND SHIFT),Posted,3/12/2026 12:00:00 AM,5:55AM,,18:05:00,LBS    ,2299.000,2299.000,0.000,Plus Materials                                    ,,344.6229,344.6200,0.0000,,,9,0,
13398,3/11/2026 12:00:00 AM,Monroe Processing Warehouse                  ,COMPLETED,SHREDDER/GRINDER (2ND SHIFT),Posted,3/12/2026 12:00:00 AM,5:55AM,,18:05:00,LBS    ,1696.000,1696.000,0.000,Plus Materials                                    ,,0.0000,0.0000,0.0000,,,3,0,
13411,3/12/2026 12:00:00 AM,Plus Monroe Warehouse                        ,COMPLETED,AUTO-TIE BALER (1ST SHIFT),Posted,3/13/2026 12:00:00 AM,5:49AM,,18:11:00,LBS    ,9383.000,9383.000,0.000,Plus Materials                                    ,,948.6037,948.6000,0.0000,,,41,6,
13412,3/12/2026 12:00:00 AM,Plus Monroe Warehouse                        ,COMPLETED,AVANGARD (OLD) (1ST SHIFT),Posted,3/13/2026 12:00:00 AM,5:49AM,,18:11:00,LBS    ,1017.000,1017.000,0.000,Plus Materials                                    ,,0.0000,0.0000,0.0000,,,0,0,
13415,3/12/2026 12:00:00 AM,Plus Monroe Warehouse                        ,COMPLETED,EXTRUDER (1ST SHIFT),Posted,3/13/2026 12:00:00 AM,5:49AM,,18:11:00,LBS    ,7844.000,7844.000,0.000,Plus Materials                                    ,,0.0000,0.0000,0.0000,,,11,0,
13417,3/12/2026 12:00:00 AM,Plus Monroe Warehouse                        ,COMPLETED,GUILLOTINE (1ST SHIFT),Posted,3/13/2026 12:00:00 AM,5:50AM,,18:10:00,LBS    ,8167.000,8167.000,0.000,Plus Materials                                    ,,490.0200,490.0200,0.0000,,,0,6,
13418,3/12/2026 12:00:00 AM,Plus Monroe Warehouse                        ,COMPLETED,SHREDDER (1ST SHIFT),Posted,3/13/2026 12:00:00 AM,5:50AM,,18:10:00,LBS    ,7495.000,7495.000,0.000,Plus Materials                                    ,,0.0000,0.0000,0.0000,,,52,6,
13421,3/12/2026 12:00:00 AM,Plus Monroe Warehouse                        ,COMPLETED,AUTO-TIE BALER (2ND SHIFT),Posted,3/13/2026 12:00:00 AM,5:52AM,,18:08:00,LBS    ,5028.000,5028.000,0.000,Plus Materials                                    ,,125.7029,125.7000,0.0000,,,17,0,
13425,3/12/2026 12:00:00 AM,Plus Monroe Warehouse                        ,COMPLETED,EXTRUDER (2ND SHIFT),Posted,3/13/2026 12:00:00 AM,5:52AM,,18:08:00,LBS    ,8514.000,8514.000,0.000,Plus Materials                                    ,,0.0000,0.0000,0.0000,,,0,0,
13427,3/12/2026 12:00:00 AM,Plus Monroe Warehouse                        ,COMPLETED,GUILLOTINE (2ND SHIFT),Posted,3/13/2026 12:00:00 AM,5:53AM,,18:07:00,LBS    ,7363.000,7363.000,0.000,Plus Materials                                    ,,358.0900,358.1000,0.0000,,,13,0,
13428,3/12/2026 12:00:00 AM,Plus Monroe Warehouse                        ,COMPLETED,SHREDDER (2ND SHIFT),Posted,3/13/2026 12:00:00 AM,5:53AM,,18:07:00,LBS    ,4594.000,4594.000,0.000,Plus Materials                                    ,,250.4853,250.4800,0.0000,,,14,0,
13429,3/12/2026 12:00:00 AM,Monroe Processing Warehouse                  ,COMPLETED,SHREDDER/GRINDER (2ND SHIFT),Posted,3/13/2026 12:00:00 AM,5:53AM,,18:07:00,LBS    ,1919.000,1919.000,0.000,Plus Materials                                    ,,153.5200,153.5200,0.0000,,,0,0,
13435,3/12/2026 12:00:00 AM,Plus Monroe Warehouse                        ,COMPLETED,EXTRUDER (3RD SHIFT),Posted,3/13/2026 12:00:00 AM,5:54AM,,18:06:00,LBS    ,4916.000,4916.000,0.000,Plus Materials                                    ,,294.9600,294.9600,0.0000,,,18,0,
13437,3/12/2026 12:00:00 AM,Plus Monroe Warehouse                        ,COMPLETED,GUILLOTINE (3RD SHIFT),Posted,3/13/2026 12:00:00 AM,5:55AM,,18:05:00,LBS    ,4292.000,4292.000,0.000,Plus Materials                                    ,,128.7600,128.7600,0.0000,,,0,0,
13441,3/12/2026 12:00:00 AM,PRN Southeast                                ,COMPLETED,BALER,Posted,3/13/2026 12:00:00 AM,5:55AM,,18:05:00,LBS    ,7296.000,6155.000,1141.000,Plus Materials                                    ,,414.5800,779.3800,364.8000,,,25,6,
13442,3/13/2026 12:00:00 AM,Plus Monroe Warehouse                        ,COMPLETED,AUTO-TIE BALER (1ST SHIFT),Posted,3/16/2026 12:00:00 AM,5:54AM,,18:06:00,LBS    ,6922.000,6922.000,0.000,Plus Materials                                    ,,88.3273,88.3200,0.0000,,,34,4,
13446,3/13/2026 12:00:00 AM,Plus Monroe Warehouse                        ,COMPLETED,EXTRUDER (1ST SHIFT),Posted,3/16/2026 12:00:00 AM,5:55AM,,18:05:00,LBS    ,7133.000,7133.000,0.000,Plus Materials                                    ,,292.9000,292.9000,0.0000,,,0,0,
13448,3/13/2026 12:00:00 AM,Plus Monroe Warehouse                        ,COMPLETED,GUILLOTINE (1ST SHIFT),Posted,3/16/2026 12:00:00 AM,5:55AM,,18:05:00,LBS    ,2026.000,2026.000,0.000,Plus Materials                                    ,,233.9319,233.9300,0.0000,,,0,3,
13449,3/13/2026 12:00:00 AM,Plus Monroe Warehouse                        ,COMPLETED,SHREDDER (1ST SHIFT),Posted,3/16/2026 12:00:00 AM,5:55AM,,18:05:00,LBS    ,2559.000,2559.000,0.000,Plus Materials                                    ,,93.8685,93.8700,0.0000,,,0,2,
13450,3/13/2026 12:00:00 AM,Monroe Processing Warehouse                  ,COMPLETED,SHREDDER/GRINDER (1ST SHIFT),Posted,3/16/2026 12:00:00 AM,5:56AM,,18:04:00,LBS    ,4597.000,4597.000,0.000,Plus Materials                                    ,,229.8500,229.8500,0.0000,,,9,6,
13456,3/13/2026 12:00:00 AM,Plus Monroe Warehouse                        ,COMPLETED,EXTRUDER (2ND SHIFT),Posted,3/16/2026 12:00:00 AM,5:57AM,,18:03:00,LBS    ,8148.000,8148.000,0.000,Plus Materials                                    ,,294.2700,294.2800,0.0000,,,3,0,
13458,3/13/2026 12:00:00 AM,Plus Monroe Warehouse                        ,COMPLETED,GUILLOTINE (2ND SHIFT),Posted,3/16/2026 12:00:00 AM,5:57AM,,18:03:00,LBS    ,7861.000,7861.000,0.000,Plus Materials                                    ,,463.3100,463.3000,0.0000,,,7,0,
13459,3/13/2026 12:00:00 AM,Plus Monroe Warehouse                        ,COMPLETED,SHREDDER (2ND SHIFT),Posted,3/16/2026 12:00:00 AM,5:57AM,,18:03:00,LBS    ,3857.000,3857.000,0.000,Plus Materials                                    ,,216.8057,216.8100,0.0000,,,12,4,
13460,3/13/2026 12:00:00 AM,Monroe Processing Warehouse                  ,COMPLETED,SHREDDER/GRINDER (2ND SHIFT),Posted,3/16/2026 12:00:00 AM,5:58AM,,18:02:00,LBS    ,5258.000,5258.000,0.000,Plus Materials                                    ,,262.9000,262.9000,0.0000,,,0,0,
13468,3/13/2026 12:00:00 AM,Plus Monroe Warehouse                        ,COMPLETED,GUILLOTINE (3RD SHIFT),Posted,3/16/2026 12:00:00 AM,5:59AM,,18:01:00,LBS    ,6241.000,6241.000,0.000,Plus Materials                                    ,,1051.1000,1051.0900,0.0000,,,0,0,
13471,3/13/2026 12:00:00 AM,Plus Monroe Warehouse                        ,COMPLETED,SHREDDER (3RD SHIFT),Posted,3/16/2026 12:00:00 AM,6:00AM,,18:00:00,LBS    ,4564.000,4564.000,0.000,Plus Materials                                    ,,162.7265,162.7300,0.0000,,,13,0,
13472,3/16/2026 12:00:00 AM,PRN Southeast                                ,COMPLETED,BALER,Posted,3/17/2026 12:00:00 AM,6:00AM,,18:00:00,LBS    ,9770.000,20085.000,-10315.000,Plus Materials                                    ,,545.7600,1034.2700,488.5000,,,24,9,
13477,3/16/2026 12:00:00 AM,Plus Monroe Warehouse                        ,COMPLETED,EXTRUDER (1ST SHIFT),Posted,3/17/2026 12:00:00 AM,4:55AM,,19:05:00,LBS    ,6060.000,6060.000,0.000,Plus Materials                                    ,,410.3967,410.4000,0.0000,,,12,0,
13478,3/16/2026 12:00:00 AM,Plus Monroe Warehouse                        ,COMPLETED,GREEN MAX (NEW) (1ST SHIFT),Posted,3/17/2026 12:00:00 AM,4:55AM,,19:05:00,LBS    ,1277.000,1277.000,0.000,Plus Materials                                    ,,46.2505,46.2500,0.0000,,,0,0,
13479,3/16/2026 12:00:00 AM,Plus Monroe Warehouse                        ,COMPLETED,GUILLOTINE (1ST SHIFT),Posted,3/17/2026 12:00:00 AM,4:55AM,,19:05:00,LBS    ,4242.000,4242.000,0.000,Plus Materials                                    ,,471.6255,471.6300,0.0000,,,9,5,
13480,3/16/2026 12:00:00 AM,Plus Monroe Warehouse                        ,COMPLETED,SHREDDER (1ST SHIFT),Posted,3/17/2026 12:00:00 AM,4:56AM,,19:04:00,LBS    ,4215.000,4215.000,0.000,Plus Materials                                    ,,253.1147,253.1100,0.0000,,,18,2,
13481,3/16/2026 12:00:00 AM,Monroe Processing Warehouse                  ,COMPLETED,SHREDDER/GRINDER (1ST SHIFT),Posted,3/17/2026 12:00:00 AM,4:56AM,,19:04:00,LBS    ,6191.000,6191.000,0.000,Plus Materials                                    ,,0.0000,0.0000,0.0000,,,0,0,
13487,3/16/2026 12:00:00 AM,Plus Monroe Warehouse                        ,COMPLETED,EXTRUDER (2ND SHIFT),Posted,3/17/2026 12:00:00 AM,4:57AM,,19:03:00,LBS    ,5144.000,5144.000,0.000,Plus Materials                                    ,,336.9600,336.9600,0.0000,,,7,0,
13489,3/16/2026 12:00:00 AM,Plus Monroe Warehouse                        ,COMPLETED,GUILLOTINE (2ND SHIFT),Posted,3/17/2026 12:00:00 AM,4:57AM,,19:03:00,LBS    ,3802.000,3802.000,0.000,Plus Materials                                    ,,254.7217,254.7200,0.0000,,,1,0,
13490,3/16/2026 12:00:00 AM,Plus Monroe Warehouse                        ,COMPLETED,SHREDDER (2ND SHIFT),Posted,3/17/2026 12:00:00 AM,4:57AM,,19:03:00,LBS    ,5378.000,5378.000,0.000,Plus Materials                                    ,,271.5144,271.5200,0.0000,,,7,5,
13491,3/16/2026 12:00:00 AM,Monroe Processing Warehouse                  ,COMPLETED,SHREDDER/GRINDER (2ND SHIFT),Posted,3/17/2026 12:00:00 AM,4:58AM,,19:02:00,LBS    ,5980.000,5980.000,0.000,Plus Materials                                    ,,0.0000,0.0000,0.0000,,,0,0,
13497,3/16/2026 12:00:00 AM,Plus Monroe Warehouse                        ,COMPLETED,EXTRUDER (3RD SHIFT),Posted,3/17/2026 12:00:00 AM,4:59AM,,19:01:00,LBS    ,4534.000,4534.000,0.000,Plus Materials                                    ,,303.7654,303.7700,0.0000,,,7,0,
13503,3/17/2026 12:00:00 AM,Plus Monroe Warehouse                        ,COMPLETED,AUTO-TIE BALER (1ST SHIFT),Posted,3/18/2026 12:00:00 AM,5:50AM,,18:10:00,LBS    ,6245.000,6245.000,0.000,Plus Materials                                    ,,419.2944,419.2900,0.0000,,,1,5,
13507,3/17/2026 12:00:00 AM,Plus Monroe Warehouse                        ,COMPLETED,EXTRUDER (1ST SHIFT),Posted,3/18/2026 12:00:00 AM,5:51AM,,18:09:00,LBS    ,7680.000,7680.000,0.000,Plus Materials                                    ,,806.4000,806.4000,0.0000,,,11,0,
13508,3/17/2026 12:00:00 AM,Plus Monroe Warehouse                        ,COMPLETED,GREEN MAX (NEW) (1ST SHIFT),Posted,3/18/2026 12:00:00 AM,5:51AM,,18:09:00,LBS    ,1609.000,1609.000,0.000,Plus Materials                                    ,,0.0000,0.0000,0.0000,,,0,0,
13509,3/17/2026 12:00:00 AM,Plus Monroe Warehouse                        ,COMPLETED,GUILLOTINE (1ST SHIFT),Posted,3/18/2026 12:00:00 AM,5:52AM,,18:08:00,LBS    ,9856.000,9856.000,0.000,Plus Materials                                    ,,660.3268,660.3400,0.0000,,,98,8,
13511,3/17/2026 12:00:00 AM,Monroe Processing Warehouse                  ,COMPLETED,SHREDDER/GRINDER (1ST SHIFT),Posted,3/18/2026 12:00:00 AM,5:52AM,,18:08:00,LBS    ,4054.000,4054.000,0.000,Plus Materials                                    ,,0.0000,0.0000,0.0000,,,0,0,
13513,3/17/2026 12:00:00 AM,Plus Monroe Warehouse                        ,COMPLETED,AUTO-TIE BALER (2ND SHIFT),Posted,3/18/2026 12:00:00 AM,5:52AM,,18:08:00,LBS    ,5173.000,5173.000,0.000,Plus Materials                                    ,,257.4654,257.4700,0.0000,,,12,0,
13517,3/17/2026 12:00:00 AM,Plus Monroe Warehouse                        ,COMPLETED,EXTRUDER (2ND SHIFT),Posted,3/18/2026 12:00:00 AM,5:53AM,,18:07:00,LBS    ,8000.000,8000.000,0.000,Plus Materials                                    ,,840.0000,840.0000,0.0000,,,10,0,
13519,3/17/2026 12:00:00 AM,Plus Monroe Warehouse                        ,COMPLETED,GUILLOTINE (2ND SHIFT),Posted,3/18/2026 12:00:00 AM,5:53AM,,18:07:00,LBS    ,7236.000,7236.000,0.000,Plus Materials                                    ,,484.7902,484.8000,0.0000,,,0,0,
13520,3/17/2026 12:00:00 AM,Plus Monroe Warehouse                        ,COMPLETED,SHREDDER (2ND SHIFT),Posted,3/18/2026 12:00:00 AM,5:53AM,,18:07:00,LBS    ,3584.000,3584.000,0.000,Plus Materials                                    ,,194.8455,194.8400,0.0000,,,16,4,
13521,3/17/2026 12:00:00 AM,Monroe Processing Warehouse                  ,COMPLETED,SHREDDER/GRINDER (2ND SHIFT),Posted,3/18/2026 12:00:00 AM,5:54AM,,18:06:00,LBS    ,6025.000,6025.000,0.000,Plus Materials                                    ,,0.0000,0.0000,0.0000,,,4,0,
13527,3/17/2026 12:00:00 AM,Plus Monroe Warehouse                        ,COMPLETED,EXTRUDER (3RD SHIFT),Posted,3/18/2026 12:00:00 AM,5:55AM,,18:05:00,LBS    ,6068.000,6068.000,0.000,Plus Materials                                    ,,637.1400,637.1400,0.0000,,,10,0,
13529,3/17/2026 12:00:00 AM,Plus Monroe Warehouse                        ,COMPLETED,GUILLOTINE (3RD SHIFT),Posted,3/18/2026 12:00:00 AM,5:55AM,,18:05:00,LBS    ,6124.000,6124.000,0.000,Plus Materials                                    ,,331.3347,331.3300,0.0000,,,8,0,
13534,3/18/2026 12:00:00 AM,Plus Monroe Warehouse                        ,COMPLETED,AUTO-TIE BALER (1ST SHIFT),Posted,3/19/2026 12:00:00 AM,5:48AM,,18:12:00,LBS    ,5319.000,5319.000,0.000,Plus Materials                                    ,,228.4225,228.4200,0.0000,,,16,4,
13538,3/18/2026 12:00:00 AM,Plus Monroe Warehouse                        ,COMPLETED,EXTRUDER (1ST SHIFT),Posted,3/19/2026 12:00:00 AM,5:49AM,,18:11:00,LBS    ,8597.000,8597.000,0.000,Plus Materials                                    ,,902.6850,902.6900,0.0000,,,10,0,
13539,3/18/2026 12:00:00 AM,Plus Monroe Warehouse                        ,COMPLETED,GREEN MAX (NEW) (1ST SHIFT),Posted,3/19/2026 12:00:00 AM,5:49AM,,18:11:00,LBS    ,1001.000,1001.000,0.000,Plus Materials                                    ,,0.0000,0.0000,0.0000,,,0,0,
13540,3/18/2026 12:00:00 AM,Plus Monroe Warehouse                        ,COMPLETED,GUILLOTINE (1ST SHIFT),Posted,3/19/2026 12:00:00 AM,5:49AM,,18:11:00,LBS    ,6833.000,6833.000,0.000,Plus Materials                                    ,,369.6953,369.6900,0.0000,,,38,7,
13541,3/18/2026 12:00:00 AM,Plus Monroe Warehouse                        ,COMPLETED,SHREDDER (1ST SHIFT),Posted,3/19/2026 12:00:00 AM,5:49AM,,18:11:00,LBS    ,8288.000,8288.000,0.000,Plus Materials                                    ,,0.0000,0.0000,0.0000,,,0,7,
13542,3/18/2026 12:00:00 AM,Monroe Processing Warehouse                  ,COMPLETED,SHREDDER/GRINDER (1ST SHIFT),Posted,3/19/2026 12:00:00 AM,5:50AM,,18:10:00,LBS    ,1585.000,1585.000,0.000,Plus Materials                                    ,,0.0000,0.0000,0.0000,,,0,0,
13544,3/18/2026 12:00:00 AM,Plus Monroe Warehouse                        ,COMPLETED,AUTO-TIE BALER (2ND SHIFT),Posted,3/19/2026 12:00:00 AM,5:50AM,,18:10:00,LBS    ,1430.000,1430.000,0.000,Plus Materials                                    ,,0.0000,0.0000,0.0000,,,1,0,
13548,3/18/2026 12:00:00 AM,Plus Monroe Warehouse                        ,COMPLETED,EXTRUDER (2ND SHIFT),Posted,3/19/2026 12:00:00 AM,5:51AM,,18:09:00,LBS    ,8646.000,8646.000,0.000,Plus Materials                                    ,,907.8300,907.8300,0.0000,,,11,0,
13550,3/18/2026 12:00:00 AM,Plus Monroe Warehouse                        ,COMPLETED,GUILLOTINE (2ND SHIFT),Posted,3/19/2026 12:00:00 AM,5:51AM,,18:09:00,LBS    ,9004.000,9004.000,0.000,Plus Materials                                    ,,487.1544,487.1500,0.0000,,,0,0,
13552,3/18/2026 12:00:00 AM,Monroe Processing Warehouse                  ,COMPLETED,SHREDDER/GRINDER (2ND SHIFT),Posted,3/19/2026 12:00:00 AM,5:52AM,,18:08:00,LBS    ,3067.000,3067.000,0.000,Plus Materials                                    ,,44.0000,44.0000,0.0000,,,0,0,
13558,3/18/2026 12:00:00 AM,Plus Monroe Warehouse                        ,COMPLETED,EXTRUDER (3RD SHIFT),Posted,3/19/2026 12:00:00 AM,5:53AM,,18:07:00,LBS    ,6014.000,6014.000,0.000,Plus Materials                                    ,,631.4700,631.4700,0.0000,,,10,0,
13560,3/18/2026 12:00:00 AM,Plus Monroe Warehouse                        ,COMPLETED,GUILLOTINE (3RD SHIFT),Posted,3/19/2026 12:00:00 AM,5:53AM,,18:07:00,LBS    ,5904.000,5904.000,0.000,Plus Materials                                    ,,319.4327,319.4300,0.0000,,,0,0,
13565,3/19/2026 12:00:00 AM,Plus Monroe Warehouse                        ,COMPLETED,AUTO-TIE BALER (1ST SHIFT),Posted,3/20/2026 12:00:00 AM,5:47AM,,18:13:00,LBS    ,3037.000,3037.000,0.000,Plus Materials                                    ,,394.8100,394.8100,0.0000,,,4,2,
13569,3/19/2026 12:00:00 AM,Plus Monroe Warehouse                        ,COMPLETED,EXTRUDER (1ST SHIFT),Posted,3/20/2026 12:00:00 AM,5:47AM,,18:13:00,LBS    ,8508.000,8508.000,0.000,Plus Materials                                    ,,850.8000,850.8000,0.0000,,,10,0,
13570,3/19/2026 12:00:00 AM,Plus Monroe Warehouse                        ,COMPLETED,GREEN MAX (NEW) (1ST SHIFT),Posted,3/20/2026 12:00:00 AM,5:47AM,,18:13:00,LBS    ,1269.000,1269.000,0.000,Plus Materials                                    ,,0.0000,0.0000,0.0000,,,0,0,
13571,3/19/2026 12:00:00 AM,Plus Monroe Warehouse                        ,COMPLETED,GUILLOTINE (1ST SHIFT),Posted,3/20/2026 12:00:00 AM,5:48AM,,18:12:00,LBS    ,5224.000,5224.000,0.000,Plus Materials                                    ,,282.6427,282.6500,0.0000,,,0,6,
13572,3/19/2026 12:00:00 AM,Plus Monroe Warehouse                        ,COMPLETED,SHREDDER (1ST SHIFT),Posted,3/20/2026 12:00:00 AM,5:48AM,,18:12:00,LBS    ,1246.000,1246.000,0.000,Plus Materials                                    ,,62.1443,62.1400,0.0000,,,14,7,
13579,3/19/2026 12:00:00 AM,Plus Monroe Warehouse                        ,COMPLETED,EXTRUDER (2ND SHIFT),Posted,3/20/2026 12:00:00 AM,5:49AM,,18:11:00,LBS    ,7752.000,7752.000,0.000,Plus Materials                                    ,,775.2000,775.2000,0.0000,,,9,0,
13581,3/19/2026 12:00:00 AM,Plus Monroe Warehouse                        ,COMPLETED,GUILLOTINE (2ND SHIFT),Posted,3/20/2026 12:00:00 AM,5:50AM,,18:10:00,LBS    ,8221.000,8221.000,0.000,Plus Materials                                    ,,555.1105,555.1200,0.0000,,,31,0,
13583,3/19/2026 12:00:00 AM,Monroe Processing Warehouse                  ,COMPLETED,SHREDDER/GRINDER (2ND SHIFT),Posted,3/20/2026 12:00:00 AM,5:50AM,,18:10:00,LBS    ,3244.000,3244.000,0.000,Plus Materials                                    ,,179.3140,179.3100,0.0000,,,7,0,
13589,3/19/2026 12:00:00 AM,Plus Monroe Warehouse                        ,COMPLETED,EXTRUDER (3RD SHIFT),Posted,3/20/2026 12:00:00 AM,5:51AM,,18:09:00,LBS    ,4694.000,4694.000,0.000,Plus Materials                                    ,,314.4811,314.4700,0.0000,,,0,0,
13591,3/19/2026 12:00:00 AM,Plus Monroe Warehouse                        ,COMPLETED,GUILLOTINE (3RD SHIFT),Posted,3/20/2026 12:00:00 AM,5:52AM,,18:08:00,LBS    ,6103.000,6103.000,0.000,Plus Materials                                    ,,330.1952,330.1900,0.0000,,,0,0,
13595,3/19/2026 12:00:00 AM,PRN Southeast                                ,COMPLETED,BALER,Posted,3/20/2026 12:00:00 AM,5:52AM,,18:08:00,LBS    ,12583.000,15190.000,-2607.000,Plus Materials                                    ,,825.8900,1455.0500,629.1500,,,35,11,
13596,3/20/2026 12:00:00 AM,Plus Monroe Warehouse                        ,COMPLETED,AUTO-TIE BALER (1ST SHIFT),Posted,3/23/2026 12:00:00 AM,5:49AM,,18:11:00,LBS    ,1055.000,1055.000,0.000,Plus Materials                                    ,,0.0000,0.0000,0.0000,,,6,1,
13600,3/20/2026 12:00:00 AM,Plus Monroe Warehouse                        ,COMPLETED,EXTRUDER (1ST SHIFT),Posted,3/23/2026 12:00:00 AM,5:50AM,,18:10:00,LBS    ,8860.000,8860.000,0.000,Plus Materials                                    ,,886.0000,886.0000,0.0000,,,8,0,
13601,3/20/2026 12:00:00 AM,Plus Monroe Warehouse                        ,COMPLETED,GREEN MAX (NEW) (1ST SHIFT),Posted,3/23/2026 12:00:00 AM,5:50AM,,18:10:00,LBS    ,550.000,550.000,0.000,Plus Materials                                    ,,0.0000,0.0000,0.0000,,,0,0,
13602,3/20/2026 12:00:00 AM,Plus Monroe Warehouse                        ,COMPLETED,GUILLOTINE (1ST SHIFT),Posted,3/23/2026 12:00:00 AM,5:50AM,,18:10:00,LBS    ,11555.000,11555.000,0.000,Plus Materials                                    ,,-23.0407,-23.0400,0.0000,,,0,6,
13605,3/20/2026 12:00:00 AM,Monroe Processing Warehouse                  ,COMPLETED,SHREDDER/GRINDER (1ST SHIFT),Posted,3/23/2026 12:00:00 AM,5:52AM,,18:08:00,LBS    ,3700.000,3700.000,0.000,Plus Materials                                    ,,202.6648,202.6700,0.0000,,,8,0,
13606,3/20/2026 12:00:00 AM,Plus Monroe Warehouse                        ,COMPLETED,SMALL GRINDER (1ST SHIFT),Posted,3/23/2026 12:00:00 AM,5:52AM,,18:08:00,LBS    ,1133.000,1133.000,0.000,Plus Materials                                    ,,14.1603,14.1600,0.0000,,,0,1,
13607,3/20/2026 12:00:00 AM,Plus Monroe Warehouse                        ,COMPLETED,AUTO-TIE BALER (2ND SHIFT),Posted,3/23/2026 12:00:00 AM,5:53AM,,18:07:00,LBS    ,3320.000,3320.000,0.000,Plus Materials                                    ,,569.9616,569.9600,0.0000,,,3,0,
13611,3/20/2026 12:00:00 AM,Plus Monroe Warehouse                        ,COMPLETED,EXTRUDER (2ND SHIFT),Posted,3/23/2026 12:00:00 AM,5:54AM,,18:06:00,LBS    ,6910.000,6910.000,0.000,Plus Materials                                    ,,691.0000,691.0000,0.0000,,,7,0,
13613,3/20/2026 12:00:00 AM,Plus Monroe Warehouse                        ,COMPLETED,GUILLOTINE (2ND SHIFT),Posted,3/23/2026 12:00:00 AM,5:54AM,,18:06:00,LBS    ,9726.000,9726.000,0.000,Plus Materials                                    ,,-36.2476,-36.2400,0.0000,,,9,0,
13615,3/20/2026 12:00:00 AM,Monroe Processing Warehouse                  ,COMPLETED,SHREDDER/GRINDER (2ND SHIFT),Posted,3/23/2026 12:00:00 AM,5:55AM,,18:05:00,LBS    ,1116.000,1116.000,0.000,Plus Materials                                    ,,86.1164,86.1200,0.0000,,,1,0,
13621,3/20/2026 12:00:00 AM,Plus Monroe Warehouse                        ,COMPLETED,EXTRUDER (3RD SHIFT),Posted,3/23/2026 12:00:00 AM,5:56AM,,18:04:00,LBS    ,4464.000,4464.000,0.000,Plus Materials                                    ,,301.4259,301.4300,0.0000,,,0,0,
13623,3/20/2026 12:00:00 AM,Plus Monroe Warehouse                        ,COMPLETED,GUILLOTINE (3RD SHIFT),Posted,3/23/2026 12:00:00 AM,5:56AM,,18:04:00,LBS    ,8232.000,8232.000,0.000,Plus Materials                                    ,,82.3200,82.3200,0.0000,,,20,0,
13628,3/20/2026 12:00:00 AM,Plus Ryder Midwest                           ,COMPLETED,BOGUS,Posted,3/20/2026 12:00:00 AM,6:02AM,,17:58:00,LBS    ,15644.000,15644.000,0.000,Plus Materials                                    ,,2583.3901,2583.3900,0.0000,,,9,1,
13629,3/23/2026 12:00:00 AM,Plus Monroe Warehouse                        ,COMPLETED,AUTO-TIE BALER (1ST SHIFT),Posted,3/24/2026 12:00:00 AM,4:38AM,,19:22:00,LBS    ,9071.000,9071.000,0.000,Plus Materials                                    ,,-63.8571,-63.8500,0.0000,,,50,5,
13633,3/23/2026 12:00:00 AM,Plus Monroe Warehouse                        ,COMPLETED,EXTRUDER (1ST SHIFT),Posted,3/24/2026 12:00:00 AM,4:38AM,,19:22:00,LBS    ,7590.000,7590.000,0.000,Plus Materials                                    ,,759.0000,759.0000,0.0000,,,7,0,
13634,3/23/2026 12:00:00 AM,Plus Monroe Warehouse                        ,COMPLETED,GREEN MAX (NEW) (1ST SHIFT),Posted,3/24/2026 12:00:00 AM,4:39AM,,19:21:00,LBS    ,1215.000,1215.000,0.000,Plus Materials                                    ,,0.0000,0.0000,0.0000,,,0,0,
13635,3/23/2026 12:00:00 AM,Plus Monroe Warehouse                        ,COMPLETED,GUILLOTINE (1ST SHIFT),Posted,3/24/2026 12:00:00 AM,4:39AM,,19:21:00,LBS    ,6073.000,6073.000,0.000,Plus Materials                                    ,,60.7300,60.7300,0.0000,,,0,8,
13638,3/23/2026 12:00:00 AM,Plus Monroe Warehouse                        ,COMPLETED,SMALL GRINDER (1ST SHIFT),Posted,3/24/2026 12:00:00 AM,4:39AM,,19:21:00,LBS    ,1916.000,1916.000,0.000,Plus Materials                                    ,,0.0000,0.0000,0.0000,,,0,1,
13639,3/23/2026 12:00:00 AM,Plus Monroe Warehouse                        ,COMPLETED,AUTO-TIE BALER (2ND SHIFT),Posted,3/24/2026 12:00:00 AM,4:40AM,,19:20:00,LBS    ,1964.000,1964.000,0.000,Plus Materials                                    ,,-111.5539,-111.5500,0.0000,,,0,0,
13643,3/23/2026 12:00:00 AM,Plus Monroe Warehouse                        ,COMPLETED,EXTRUDER (2ND SHIFT),Posted,3/24/2026 12:00:00 AM,4:40AM,,19:20:00,LBS    ,7648.000,7648.000,0.000,Plus Materials                                    ,,764.8000,764.8000,0.0000,,,8,0,
13645,3/23/2026 12:00:00 AM,Plus Monroe Warehouse                        ,COMPLETED,GUILLOTINE (2ND SHIFT),Posted,3/24/2026 12:00:00 AM,4:41AM,,19:19:00,LBS    ,7886.000,7886.000,0.000,Plus Materials                                    ,,315.4400,315.4400,0.0000,,,34,0,
13647,3/23/2026 12:00:00 AM,Monroe Processing Warehouse                  ,COMPLETED,SHREDDER/GRINDER (2ND SHIFT),Posted,3/24/2026 12:00:00 AM,4:42AM,,19:18:00,LBS    ,955.000,955.000,0.000,Plus Materials                                    ,,63.1534,63.1500,0.0000,,,5,0,
13653,3/23/2026 12:00:00 AM,Plus Monroe Warehouse                        ,COMPLETED,EXTRUDER (3RD SHIFT),Posted,3/24/2026 12:00:00 AM,4:43AM,,19:17:00,LBS    ,6022.000,6022.000,0.000,Plus Materials                                    ,,602.2000,602.2000,0.0000,,,10,0,
13655,3/23/2026 12:00:00 AM,Plus Monroe Warehouse                        ,COMPLETED,GUILLOTINE (3RD SHIFT),Posted,3/24/2026 12:00:00 AM,4:43AM,,19:17:00,LBS    ,4114.000,4114.000,0.000,Plus Materials                                    ,,275.6244,275.6200,0.0000,,,0,0,
13659,3/23/2026 12:00:00 AM,PRN Southeast                                ,COMPLETED,BALER,Posted,3/24/2026 12:00:00 AM,4:44AM,,19:16:00,LBS    ,12664.000,10175.000,2489.000,Plus Materials                                    ,,744.2400,1377.4400,633.2000,,,34,6,
13660,3/23/2026 12:00:00 AM,Plus Ryder Midwest                           ,COMPLETED,BOGUS,Posted,3/23/2026 12:00:00 AM,8:20AM,,15:40:00,LBS    ,5382.000,5382.000,0.000,Plus Materials                                    ,,875.6863,875.6900,0.0000,,,0,1,
13661,3/23/2026 12:00:00 AM,Plus Ryder Midwest                           ,COMPLETED,BOGUS,Posted,3/23/2026 12:00:00 AM,8:22AM,,15:38:00,LBS    ,15426.000,15426.000,0.000,Plus Materials                                    ,,1189.5423,1189.5400,0.0000,,,0,1,
13662,3/23/2026 12:00:00 AM,Plus Ryder Midwest                           ,COMPLETED,BOGUS,Posted,3/23/2026 12:00:00 AM,8:26AM,,15:34:00,LBS    ,6928.000,6928.000,0.000,Plus Materials                                    ,,534.2389,534.2400,0.0000,,,15,1,
13663,3/23/2026 12:00:00 AM,Plus Ryder Midwest                           ,COMPLETED,BOGUS,Posted,3/23/2026 12:00:00 AM,8:28AM,,15:32:00,LBS    ,17816.000,17816.000,0.000,Plus Materials                                    ,,2942.0659,2942.0700,0.0000,,,0,1,
13664,3/24/2026 12:00:00 AM,Plus Monroe Warehouse                        ,COMPLETED,AUTO-TIE BALER (1ST SHIFT),Posted,3/25/2026 12:00:00 AM,5:50AM,,18:10:00,LBS    ,7830.000,7830.000,0.000,Plus Materials                                    ,,9.7771,9.7800,0.0000,,,2,6,
13667,3/24/2026 12:00:00 AM,Plus Monroe Warehouse                        ,COMPLETED,BALER2 (1ST SHIFT),Posted,3/25/2026 12:00:00 AM,5:50AM,,18:10:00,LBS    ,3529.000,3529.000,0.000,Plus Materials                                    ,,0.0000,0.0000,0.0000,,,11,0,
13668,3/24/2026 12:00:00 AM,Plus Monroe Warehouse                        ,COMPLETED,EXTRUDER (1ST SHIFT),Posted,3/25/2026 12:00:00 AM,5:51AM,,18:09:00,LBS    ,7000.000,7000.000,0.000,Plus Materials                                    ,,700.0000,700.0000,0.0000,,,8,0,
13669,3/24/2026 12:00:00 AM,Plus Monroe Warehouse                        ,COMPLETED,GREEN MAX (NEW) (1ST SHIFT),Posted,3/25/2026 12:00:00 AM,5:51AM,,18:09:00,LBS    ,1355.000,1355.000,0.000,Plus Materials                                    ,,13.5500,13.5500,0.0000,,,0,0,
13670,3/24/2026 12:00:00 AM,Plus Monroe Warehouse                        ,COMPLETED,GUILLOTINE (1ST SHIFT),Posted,3/25/2026 12:00:00 AM,5:51AM,,18:09:00,LBS    ,2127.000,2127.000,0.000,Plus Materials                                    ,,236.4753,236.4800,0.0000,,,0,3,
13672,3/24/2026 12:00:00 AM,Monroe Processing Warehouse                  ,COMPLETED,SHREDDER/GRINDER (1ST SHIFT),Posted,3/25/2026 12:00:00 AM,5:51AM,,18:09:00,LBS    ,7247.000,7247.000,0.000,Plus Materials                                    ,,507.2900,507.2900,0.0000,,,32,0,
13673,3/24/2026 12:00:00 AM,Plus Monroe Warehouse                        ,COMPLETED,SMALL GRINDER (1ST SHIFT),Posted,3/25/2026 12:00:00 AM,5:51AM,,18:09:00,LBS    ,1309.000,1309.000,0.000,Plus Materials                                    ,,0.0000,0.0000,0.0000,,,0,1,
13674,3/24/2026 12:00:00 AM,Plus Monroe Warehouse                        ,COMPLETED,AUTO-TIE BALER (2ND SHIFT),Posted,3/25/2026 12:00:00 AM,5:52AM,,18:08:00,LBS    ,5809.000,5809.000,0.000,Plus Materials                                    ,,296.8586,296.8700,0.0000,,,16,0,
13678,3/24/2026 12:00:00 AM,Plus Monroe Warehouse                        ,COMPLETED,EXTRUDER (2ND SHIFT),Posted,3/25/2026 12:00:00 AM,5:52AM,,18:08:00,LBS    ,9154.000,9154.000,0.000,Plus Materials                                    ,,640.7800,640.7800,0.0000,,,10,0,
13680,3/24/2026 12:00:00 AM,Plus Monroe Warehouse                        ,COMPLETED,GUILLOTINE (2ND SHIFT),Posted,3/25/2026 12:00:00 AM,5:53AM,,18:07:00,LBS    ,10654.000,10654.000,0.000,Plus Materials                                    ,,426.1600,426.1600,0.0000,,,0,0,
13682,3/24/2026 12:00:00 AM,Monroe Processing Warehouse                  ,COMPLETED,SHREDDER/GRINDER (2ND SHIFT),Posted,3/25/2026 12:00:00 AM,5:53AM,,18:07:00,LBS    ,3301.000,3301.000,0.000,Plus Materials                                    ,,33.0100,33.0100,0.0000,,,0,0,
13688,3/24/2026 12:00:00 AM,Plus Monroe Warehouse                        ,COMPLETED,EXTRUDER (3RD SHIFT),Posted,3/25/2026 12:00:00 AM,5:54AM,,18:06:00,LBS    ,4510.000,4510.000,0.000,Plus Materials                                    ,,297.7340,297.7300,0.0000,,,6,0,
13694,3/24/2026 12:00:00 AM,PRN Southeast                                ,COMPLETED,BALER,Posted,3/26/2026 12:00:00 AM,5:55AM,,18:05:00,LBS    ,5155.000,5810.000,-655.000,Plus Materials                                    ,,338.0300,595.7800,257.7500,,,19,4,
13695,3/25/2026 12:00:00 AM,Plus Monroe Warehouse                        ,COMPLETED,AUTO-TIE BALER (1ST SHIFT),Posted,3/26/2026 12:00:00 AM,5:55AM,,18:05:00,LBS    ,5944.000,5944.000,0.000,Plus Materials                                    ,,298.9225,298.9200,0.0000,,,21,5,
13701,3/25/2026 12:00:00 AM,Plus Monroe Warehouse                        ,COMPLETED,GUILLOTINE (1ST SHIFT),Posted,3/26/2026 12:00:00 AM,5:56AM,,18:04:00,LBS    ,4387.000,4387.000,0.000,Plus Materials                                    ,,175.4800,175.4800,0.0000,,,0,5,
13703,3/25/2026 12:00:00 AM,Monroe Processing Warehouse                  ,COMPLETED,SHREDDER/GRINDER (1ST SHIFT),Posted,3/26/2026 12:00:00 AM,5:57AM,,18:03:00,LBS    ,7840.000,7840.000,0.000,Plus Materials                                    ,,0.0000,0.0000,0.0000,,,28,0,
13704,3/25/2026 12:00:00 AM,Plus Monroe Warehouse                        ,COMPLETED,SMALL GRINDER (1ST SHIFT),Posted,3/26/2026 12:00:00 AM,5:57AM,,18:03:00,LBS    ,1171.000,1171.000,0.000,Plus Materials                                    ,,0.0000,0.0000,0.0000,,,0,1,
13709,3/25/2026 12:00:00 AM,Plus Monroe Warehouse                        ,COMPLETED,EXTRUDER (2ND SHIFT),Posted,3/26/2026 12:00:00 AM,5:58AM,,18:02:00,LBS    ,3426.000,3426.000,0.000,Plus Materials                                    ,,232.0135,232.0100,0.0000,,,0,0,
13711,3/25/2026 12:00:00 AM,Plus Monroe Warehouse                        ,COMPLETED,GUILLOTINE (2ND SHIFT),Posted,3/26/2026 12:00:00 AM,5:58AM,,18:02:00,LBS    ,6374.000,6374.000,0.000,Plus Materials                                    ,,352.0808,352.0700,0.0000,,,0,0,
13713,3/25/2026 12:00:00 AM,Monroe Processing Warehouse                  ,COMPLETED,SHREDDER/GRINDER (2ND SHIFT),Posted,3/26/2026 12:00:00 AM,5:59AM,,18:01:00,LBS    ,3717.000,3717.000,0.000,Plus Materials                                    ,,64.5494,64.5500,0.0000,,,0,0,
13719,3/25/2026 12:00:00 AM,Plus Monroe Warehouse                        ,COMPLETED,EXTRUDER (3RD SHIFT),Posted,3/26/2026 12:00:00 AM,6:00AM,,18:00:00,LBS    ,3028.000,3028.000,0.000,Plus Materials                                    ,,202.1267,202.1300,0.0000,,,5,0,
13721,3/25/2026 12:00:00 AM,Plus Monroe Warehouse                        ,COMPLETED,GUILLOTINE (3RD SHIFT),Posted,3/26/2026 12:00:00 AM,6:00AM,,18:00:00,LBS    ,3618.000,3618.000,0.000,Plus Materials                                    ,,253.2600,253.2600,0.0000,,,42,0,
13725,3/26/2026 12:00:00 AM,Plus Monroe Warehouse                        ,COMPLETED,AUTO-TIE BALER (1ST SHIFT),Posted,3/27/2026 12:00:00 AM,5:48AM,,18:12:00,LBS    ,7054.000,7054.000,0.000,Plus Materials                                    ,,200.3560,200.3500,0.0000,,,28,6,
13729,3/26/2026 12:00:00 AM,Plus Monroe Warehouse                        ,COMPLETED,EXTRUDER (1ST SHIFT),Posted,3/27/2026 12:00:00 AM,5:48AM,,18:12:00,LBS    ,6436.000,6436.000,0.000,Plus Materials                                    ,,450.5200,450.5200,0.0000,,,13,0,
13730,3/26/2026 12:00:00 AM,Plus Monroe Warehouse                        ,COMPLETED,GREEN MAX (NEW) (1ST SHIFT),Posted,3/27/2026 12:00:00 AM,5:49AM,,18:11:00,LBS    ,1678.000,1678.000,0.000,Plus Materials                                    ,,70.0334,70.0300,0.0000,,,52,0,
13731,3/26/2026 12:00:00 AM,Plus Monroe Warehouse                        ,COMPLETED,GUILLOTINE (1ST SHIFT),Posted,3/27/2026 12:00:00 AM,5:49AM,,18:11:00,LBS    ,8773.000,8773.000,0.000,Plus Materials                                    ,,535.4100,535.4200,0.0000,,,7,14,
13733,3/26/2026 12:00:00 AM,Monroe Processing Warehouse                  ,COMPLETED,SHREDDER/GRINDER (1ST SHIFT),Posted,3/27/2026 12:00:00 AM,5:49AM,,18:11:00,LBS    ,4746.000,4746.000,0.000,Plus Materials                                    ,,237.3000,237.3000,0.0000,,,6,0,
13734,3/26/2026 12:00:00 AM,Plus Monroe Warehouse                        ,COMPLETED,SMALL GRINDER (1ST SHIFT),Posted,3/27/2026 12:00:00 AM,5:49AM,,18:11:00,LBS    ,1056.000,1056.000,0.000,Plus Materials                                    ,,0.0000,0.0000,0.0000,,,0,0,
13735,3/26/2026 12:00:00 AM,Plus Monroe Warehouse                        ,COMPLETED,AUTO-TIE BALER (2ND SHIFT),Posted,3/27/2026 12:00:00 AM,5:49AM,,18:11:00,LBS    ,6474.000,6474.000,0.000,Plus Materials                                    ,,0.0000,0.0000,0.0000,,,44,0,
13739,3/26/2026 12:00:00 AM,Plus Monroe Warehouse                        ,COMPLETED,EXTRUDER (2ND SHIFT),Posted,3/27/2026 12:00:00 AM,5:50AM,,18:10:00,LBS    ,4014.000,4014.000,0.000,Plus Materials                                    ,,421.4700,421.4700,0.0000,,,0,0,
13741,3/26/2026 12:00:00 AM,Plus Monroe Warehouse                        ,COMPLETED,GUILLOTINE (2ND SHIFT),Posted,3/27/2026 12:00:00 AM,5:51AM,,18:09:00,LBS    ,7805.000,7805.000,0.000,Plus Materials                                    ,,296.8300,296.8400,0.0000,,,5,0,
13743,3/26/2026 12:00:00 AM,Monroe Processing Warehouse                  ,COMPLETED,SHREDDER/GRINDER (2ND SHIFT),Posted,3/27/2026 12:00:00 AM,5:51AM,,18:09:00,LBS    ,3329.000,3329.000,0.000,Plus Materials                                    ,,0.0000,0.0000,0.0000,,,1,0,
13749,3/26/2026 12:00:00 AM,Plus Monroe Warehouse                        ,COMPLETED,EXTRUDER (3RD SHIFT),Posted,3/27/2026 12:00:00 AM,5:52AM,,18:08:00,LBS    ,3025.000,3025.000,0.000,Plus Materials                                    ,,317.6250,317.6300,0.0000,,,0,0,
13755,3/26/2026 12:00:00 AM,PRN Southeast                                ,COMPLETED,BALER,Posted,3/27/2026 12:00:00 AM,5:53AM,,18:07:00,LBS    ,4915.000,5190.000,-275.000,Plus Materials                                    ,,243.5000,489.2500,245.7500,,,13,3,
13756,3/27/2026 12:00:00 AM,Plus Monroe Warehouse                        ,COMPLETED,AUTO-TIE BALER (1ST SHIFT),Posted,3/30/2026 12:00:00 AM,5:47AM,,18:13:00,LBS    ,8854.000,8854.000,0.000,Plus Materials                                    ,,407.1342,407.1300,0.0000,,,7,8,
13760,3/27/2026 12:00:00 AM,Plus Monroe Warehouse                        ,COMPLETED,EXTRUDER (1ST SHIFT),Posted,3/30/2026 12:00:00 AM,5:47AM,,18:13:00,LBS    ,6029.000,6029.000,0.000,Plus Materials                                    ,,602.9000,602.9000,0.0000,,,0,1,
13761,3/27/2026 12:00:00 AM,Plus Monroe Warehouse                        ,COMPLETED,GREEN MAX (NEW) (1ST SHIFT),Posted,3/30/2026 12:00:00 AM,5:48AM,,18:12:00,LBS    ,968.000,968.000,0.000,Plus Materials                                    ,,34.0842,34.0800,0.0000,,,0,0,
13762,3/27/2026 12:00:00 AM,Plus Monroe Warehouse                        ,COMPLETED,GUILLOTINE (1ST SHIFT),Posted,3/30/2026 12:00:00 AM,5:48AM,,18:12:00,LBS    ,16629.000,16629.000,0.000,Plus Materials                                    ,,-56.4100,-56.4000,0.0000,,,10,12,
13764,3/27/2026 12:00:00 AM,Monroe Processing Warehouse                  ,COMPLETED,SHREDDER/GRINDER (1ST SHIFT),Posted,3/30/2026 12:00:00 AM,5:48AM,,18:12:00,LBS    ,3633.000,3633.000,0.000,Plus Materials                                    ,,0.0000,0.0000,0.0000,,,0,0,
13766,3/27/2026 12:00:00 AM,Plus Monroe Warehouse                        ,COMPLETED,AUTO-TIE BALER (2ND SHIFT),Posted,3/30/2026 12:00:00 AM,5:49AM,,18:11:00,LBS    ,2078.000,2078.000,0.000,Plus Materials                                    ,,98.9775,98.9800,0.0000,,,2,0,
13770,3/27/2026 12:00:00 AM,Plus Monroe Warehouse                        ,COMPLETED,EXTRUDER (2ND SHIFT),Posted,3/30/2026 12:00:00 AM,5:49AM,,18:11:00,LBS    ,5022.000,5022.000,0.000,Plus Materials                                    ,,527.3100,527.3100,0.0000,,,0,0,
13772,3/27/2026 12:00:00 AM,Plus Monroe Warehouse                        ,COMPLETED,GUILLOTINE (2ND SHIFT),Posted,3/30/2026 12:00:00 AM,5:50AM,,18:10:00,LBS    ,6696.000,6696.000,0.000,Plus Materials                                    ,,416.6200,416.6100,0.0000,,,0,0,
13774,3/27/2026 12:00:00 AM,Monroe Processing Warehouse                  ,COMPLETED,SHREDDER/GRINDER (2ND SHIFT),Posted,3/30/2026 12:00:00 AM,5:50AM,,18:10:00,LBS    ,2902.000,2902.000,0.000,Plus Materials                                    ,,0.0000,0.0000,0.0000,,,0,0,
13787,3/30/2026 12:00:00 AM,Plus Monroe Warehouse                        ,COMPLETED,AUTO-TIE BALER (1ST SHIFT),Posted,3/31/2026 12:00:00 AM,5:00AM,,19:00:00,LBS    ,5254.000,5254.000,0.000,Plus Materials                                    ,,513.3077,513.3100,0.0000,,,10,4,
13791,3/30/2026 12:00:00 AM,Plus Monroe Warehouse                        ,COMPLETED,EXTRUDER (1ST SHIFT),Posted,3/31/2026 12:00:00 AM,5:01AM,,18:59:00,LBS    ,5165.000,5165.000,0.000,Plus Materials                                    ,,542.3250,542.3300,0.0000,,,0,0,
13792,3/30/2026 12:00:00 AM,Plus Monroe Warehouse                        ,COMPLETED,GREEN MAX (NEW) (1ST SHIFT),Posted,3/31/2026 12:00:00 AM,5:01AM,,18:59:00,LBS    ,1981.000,1981.000,0.000,Plus Materials                                    ,,66.4760,66.4800,0.0000,,,0,0,
13793,3/30/2026 12:00:00 AM,Plus Monroe Warehouse                        ,COMPLETED,GUILLOTINE (1ST SHIFT),Posted,3/31/2026 12:00:00 AM,5:01AM,,18:59:00,LBS    ,6100.000,6100.000,0.000,Plus Materials                                    ,,95.3356,95.3500,0.0000,,,60,12,
13795,3/30/2026 12:00:00 AM,Monroe Processing Warehouse                  ,COMPLETED,SHREDDER/GRINDER (1ST SHIFT),Posted,3/31/2026 12:00:00 AM,5:01AM,,18:59:00,LBS    ,3629.000,3629.000,0.000,Plus Materials                                    ,,0.0000,0.0000,0.0000,,,0,0,
13797,3/30/2026 12:00:00 AM,Plus Monroe Warehouse                        ,COMPLETED,AUTO-TIE BALER (2ND SHIFT),Posted,3/31/2026 12:00:00 AM,5:02AM,,18:58:00,LBS    ,3380.000,3380.000,0.000,Plus Materials                                    ,,19.5500,19.5500,0.0000,,,2,0,
13801,3/30/2026 12:00:00 AM,Plus Monroe Warehouse                        ,COMPLETED,EXTRUDER (2ND SHIFT),Posted,3/31/2026 12:00:00 AM,5:02AM,,18:58:00,LBS    ,4670.000,4670.000,0.000,Plus Materials                                    ,,326.9000,326.9000,0.0000,,,0,0,
13803,3/30/2026 12:00:00 AM,Plus Monroe Warehouse                        ,COMPLETED,GUILLOTINE (2ND SHIFT),Posted,3/31/2026 12:00:00 AM,5:03AM,,18:57:00,LBS    ,10834.000,10834.000,0.000,Plus Materials                                    ,,91.0700,91.0700,0.0000,,,8,0,
13805,3/30/2026 12:00:00 AM,Monroe Processing Warehouse                  ,COMPLETED,SHREDDER/GRINDER (2ND SHIFT),Posted,3/31/2026 12:00:00 AM,5:03AM,,18:57:00,LBS    ,1953.000,1953.000,0.000,Plus Materials                                    ,,97.6500,97.6500,0.0000,,,0,0,
13811,3/30/2026 12:00:00 AM,Plus Monroe Warehouse                        ,COMPLETED,EXTRUDER (3RD SHIFT),Posted,3/31/2026 12:00:00 AM,5:04AM,,18:56:00,LBS    ,1680.000,1680.000,0.000,Plus Materials                                    ,,112.1420,112.1400,0.0000,,,0,0,
13813,3/30/2026 12:00:00 AM,Plus Monroe Warehouse                        ,COMPLETED,GUILLOTINE (3RD SHIFT),Posted,3/31/2026 12:00:00 AM,5:05AM,,18:55:00,LBS    ,5936.000,5936.000,0.000,Plus Materials                                    ,,415.5200,415.5200,0.0000,,,12,0,
13818,3/31/2026 12:00:00 AM,Plus Monroe Warehouse                        ,COMPLETED,AUTO-TIE BALER (1ST SHIFT),Posted,4/1/2026 12:00:00 AM,5:29AM,,18:31:00,LBS    ,4529.000,4529.000,0.000,Plus Materials                                    ,,242.9150,242.9200,0.0000,,,15,3,
13822,3/31/2026 12:00:00 AM,Plus Monroe Warehouse                        ,COMPLETED,EXTRUDER (1ST SHIFT),Posted,4/1/2026 12:00:00 AM,5:29AM,,18:31:00,LBS    ,5025.000,5025.000,0.000,Plus Materials                                    ,,351.7500,351.7500,0.0000,,,8,0,
13823,3/31/2026 12:00:00 AM,Plus Monroe Warehouse                        ,COMPLETED,GREEN MAX (NEW) (1ST SHIFT),Posted,4/1/2026 12:00:00 AM,5:29AM,,18:31:00,LBS    ,1213.000,1213.000,0.000,Plus Materials                                    ,,50.6264,50.6300,0.0000,,,0,0,
13824,3/31/2026 12:00:00 AM,Plus Monroe Warehouse                        ,COMPLETED,GUILLOTINE (1ST SHIFT),Posted,4/1/2026 12:00:00 AM,5:30AM,,18:30:00,LBS    ,6704.000,6704.000,0.000,Plus Materials                                    ,,434.6200,434.6200,0.0000,,,198,8,
13826,3/31/2026 12:00:00 AM,Monroe Processing Warehouse                  ,COMPLETED,SHREDDER/GRINDER (1ST SHIFT),Posted,4/1/2026 12:00:00 AM,5:30AM,,18:30:00,LBS    ,3498.000,3498.000,0.000,Plus Materials                                    ,,0.0000,0.0000,0.0000,,,0,0,
13828,3/31/2026 12:00:00 AM,Plus Monroe Warehouse                        ,COMPLETED,AUTO-TIE BALER (2ND SHIFT),Posted,4/1/2026 12:00:00 AM,5:31AM,,18:29:00,LBS    ,2660.000,2660.000,0.000,Plus Materials                                    ,,66.5000,66.5100,0.0000,,,0,0,
13832,3/31/2026 12:00:00 AM,Plus Monroe Warehouse                        ,COMPLETED,EXTRUDER (2ND SHIFT),Posted,4/1/2026 12:00:00 AM,5:31AM,,18:29:00,LBS    ,6083.000,6083.000,0.000,Plus Materials                                    ,,425.8100,425.8100,0.0000,,,8,0,
13834,3/31/2026 12:00:00 AM,Plus Monroe Warehouse                        ,COMPLETED,GUILLOTINE (2ND SHIFT),Posted,4/1/2026 12:00:00 AM,5:32AM,,18:28:00,LBS    ,6497.000,6497.000,0.000,Plus Materials                                    ,,454.7900,454.7900,0.0000,,,0,0,
13842,3/31/2026 12:00:00 AM,Plus Monroe Warehouse                        ,COMPLETED,EXTRUDER (3RD SHIFT),Posted,4/1/2026 12:00:00 AM,5:44AM,,18:16:00,LBS    ,4586.000,4586.000,0.000,Plus Materials                                    ,,321.0200,321.0200,0.0000,,,10,0,
13844,3/31/2026 12:00:00 AM,Plus Monroe Warehouse                        ,COMPLETED,GUILLOTINE (3RD SHIFT),Posted,4/1/2026 12:00:00 AM,5:44AM,,18:16:00,LBS    ,7134.000,7134.000,0.000,Plus Materials                                    ,,499.3800,499.3800,0.0000,,,52,0,
13852,4/1/2026 12:00:00 AM,Plus Monroe Warehouse                        ,COMPLETED,EXTRUDER (1ST SHIFT),Posted,4/2/2026 12:00:00 AM,5:48AM,,18:12:00,LBS    ,5850.000,5850.000,0.000,Plus Materials                                    ,,409.5000,409.5000,0.0000,,,0,0,
13853,4/1/2026 12:00:00 AM,Plus Monroe Warehouse                        ,COMPLETED,GREEN MAX (NEW) (1ST SHIFT),Posted,4/2/2026 12:00:00 AM,5:48AM,,18:12:00,LBS    ,487.000,487.000,0.000,Plus Materials                                    ,,23.8089,23.8100,0.0000,,,0,0,
13854,4/1/2026 12:00:00 AM,Plus Monroe Warehouse                        ,COMPLETED,GUILLOTINE (1ST SHIFT),Posted,4/2/2026 12:00:00 AM,5:49AM,,18:11:00,LBS    ,11469.000,11469.000,0.000,Plus Materials                                    ,,802.8300,802.8300,0.0000,,,0,12,
13856,4/1/2026 12:00:00 AM,Monroe Processing Warehouse                  ,COMPLETED,SHREDDER/GRINDER (1ST SHIFT),Posted,4/2/2026 12:00:00 AM,5:49AM,,18:11:00,LBS    ,4919.000,4919.000,0.000,Plus Materials                                    ,,0.0000,0.0000,0.0000,,,0,0,
13857,4/1/2026 12:00:00 AM,Plus Monroe Warehouse                        ,COMPLETED,SMALL GRINDER (1ST SHIFT),Posted,4/2/2026 12:00:00 AM,5:49AM,,18:11:00,LBS    ,1206.000,1206.000,0.000,Plus Materials                                    ,,12.0600,12.0600,0.0000,,,0,1,
13862,4/1/2026 12:00:00 AM,Plus Monroe Warehouse                        ,COMPLETED,EXTRUDER (2ND SHIFT),Posted,4/2/2026 12:00:00 AM,5:50AM,,18:10:00,LBS    ,4342.000,4342.000,0.000,Plus Materials                                    ,,455.9100,455.9100,0.0000,,,0,0,
13864,4/1/2026 12:00:00 AM,Plus Monroe Warehouse                        ,COMPLETED,GUILLOTINE (2ND SHIFT),Posted,4/2/2026 12:00:00 AM,5:50AM,,18:10:00,LBS    ,14121.000,14121.000,0.000,Plus Materials                                    ,,73.2472,73.2500,0.0000,,,15,0,
13866,4/1/2026 12:00:00 AM,Monroe Processing Warehouse                  ,COMPLETED,SHREDDER/GRINDER (2ND SHIFT),Posted,4/2/2026 12:00:00 AM,5:51AM,,18:09:00,LBS    ,2771.000,2771.000,0.000,Plus Materials                                    ,,0.0000,0.0000,0.0000,,,0,0,
13872,4/1/2026 12:00:00 AM,Plus Monroe Warehouse                        ,COMPLETED,EXTRUDER (3RD SHIFT),Posted,4/2/2026 12:00:00 AM,5:52AM,,18:08:00,LBS    ,2912.000,2912.000,0.000,Plus Materials                                    ,,291.2000,291.2000,0.0000,,,0,0,
13874,4/1/2026 12:00:00 AM,Plus Monroe Warehouse                        ,COMPLETED,GUILLOTINE (3RD SHIFT),Posted,4/2/2026 12:00:00 AM,5:52AM,,18:08:00,LBS    ,4705.000,4705.000,0.000,Plus Materials                                    ,,329.3500,329.3500,0.0000,,,0,0,
13879,4/2/2026 12:00:00 AM,Plus Monroe Warehouse                        ,COMPLETED,AUTO-TIE BALER (1ST SHIFT),Posted,4/6/2026 12:00:00 AM,5:45AM,,18:15:00,LBS    ,2702.000,2702.000,0.000,Plus Materials                                    ,,67.5500,67.5500,0.0000,,,9,2,
13883,4/2/2026 12:00:00 AM,Plus Monroe Warehouse                        ,COMPLETED,EXTRUDER (1ST SHIFT),Posted,4/6/2026 12:00:00 AM,5:46AM,,18:14:00,LBS    ,7521.000,7521.000,0.000,Plus Materials                                    ,,526.4700,526.4700,0.0000,,,10,0,
13885,4/2/2026 12:00:00 AM,Plus Monroe Warehouse                        ,COMPLETED,GUILLOTINE (1ST SHIFT),Posted,4/6/2026 12:00:00 AM,5:46AM,,18:14:00,LBS    ,7006.000,7006.000,0.000,Plus Materials                                    ,,166.4600,166.4600,0.0000,,,1,3,
13887,4/2/2026 12:00:00 AM,Monroe Processing Warehouse                  ,COMPLETED,SHREDDER/GRINDER (1ST SHIFT),Posted,4/6/2026 12:00:00 AM,5:47AM,,18:13:00,LBS    ,2435.000,2435.000,0.000,Plus Materials                                    ,,0.0000,0.0000,0.0000,,,0,0,
13888,4/2/2026 12:00:00 AM,Plus Monroe Warehouse                        ,COMPLETED,SMALL GRINDER (1ST SHIFT),Posted,4/6/2026 12:00:00 AM,5:47AM,,18:13:00,LBS    ,2085.000,2085.000,0.000,Plus Materials                                    ,,20.8500,20.8500,0.0000,,,0,1,
13893,4/2/2026 12:00:00 AM,Plus Monroe Warehouse                        ,COMPLETED,EXTRUDER (2ND SHIFT),Posted,4/6/2026 12:00:00 AM,5:48AM,,18:12:00,LBS    ,4889.000,4889.000,0.000,Plus Materials                                    ,,244.4500,244.4500,0.0000,,,18,0,
13895,4/2/2026 12:00:00 AM,Plus Monroe Warehouse                        ,COMPLETED,GUILLOTINE (2ND SHIFT),Posted,4/6/2026 12:00:00 AM,5:48AM,,18:12:00,LBS    ,11088.000,11088.000,0.000,Plus Materials                                    ,,-76.3457,-76.3600,0.0000,,,18,0,
13897,4/2/2026 12:00:00 AM,Monroe Processing Warehouse                  ,COMPLETED,SHREDDER/GRINDER (2ND SHIFT),Posted,4/6/2026 12:00:00 AM,5:48AM,,18:12:00,LBS    ,2134.000,2134.000,0.000,Plus Materials                                    ,,0.0000,0.0000,0.0000,,,0,0,
13903,4/2/2026 12:00:00 AM,Plus Monroe Warehouse                        ,COMPLETED,EXTRUDER (3RD SHIFT),Posted,4/6/2026 12:00:00 AM,5:50AM,,18:10:00,LBS    ,4830.000,4830.000,0.000,Plus Materials                                    ,,241.5000,241.5000,0.0000,,,0,0,
13905,4/2/2026 12:00:00 AM,Plus Monroe Warehouse                        ,COMPLETED,GUILLOTINE (3RD SHIFT),Posted,4/6/2026 12:00:00 AM,5:50AM,,18:10:00,LBS    ,3577.000,3577.000,0.000,Plus Materials                                    ,,250.3900,250.3900,0.0000,,,56,0,
13910,4/6/2026 12:00:00 AM,Plus Monroe Warehouse                        ,COMPLETED,AUTO-TIE BALER (1ST SHIFT),Posted,4/7/2026 12:00:00 AM,5:02AM,,18:58:00,LBS    ,1646.000,1646.000,0.000,Plus Materials                                    ,,16.4600,16.4600,0.0000,,,9,1,
13914,4/6/2026 12:00:00 AM,Plus Monroe Warehouse                        ,COMPLETED,EXTRUDER (1ST SHIFT),Posted,4/7/2026 12:00:00 AM,5:03AM,,18:57:00,LBS    ,7410.000,7410.000,0.000,Plus Materials                                    ,,370.5000,370.5000,0.0000,,,0,0,
13915,4/6/2026 12:00:00 AM,Plus Monroe Warehouse                        ,COMPLETED,GREEN MAX (NEW) (1ST SHIFT),Posted,4/7/2026 12:00:00 AM,5:03AM,,18:57:00,LBS    ,960.000,960.000,0.000,Plus Materials                                    ,,32.2109,32.2100,0.0000,,,0,0,
13916,4/6/2026 12:00:00 AM,Plus Monroe Warehouse                        ,COMPLETED,GUILLOTINE (1ST SHIFT),Posted,4/7/2026 12:00:00 AM,5:03AM,,18:57:00,LBS    ,10099.000,10099.000,0.000,Plus Materials                                    ,,652.9300,652.9300,0.0000,,,38,10,
13918,4/6/2026 12:00:00 AM,Monroe Processing Warehouse                  ,COMPLETED,SHREDDER/GRINDER (1ST SHIFT),Posted,4/7/2026 12:00:00 AM,5:04AM,,18:56:00,LBS    ,4721.000,4721.000,0.000,Plus Materials                                    ,,0.0000,0.0000,0.0000,,,0,0,
13919,4/6/2026 12:00:00 AM,Plus Monroe Warehouse                        ,COMPLETED,SMALL GRINDER (1ST SHIFT),Posted,4/7/2026 12:00:00 AM,5:04AM,,18:56:00,LBS    ,2438.000,2438.000,0.000,Plus Materials                                    ,,24.3800,24.3800,0.0000,,,0,0,
13920,4/6/2026 12:00:00 AM,Plus Monroe Warehouse                        ,COMPLETED,AUTO-TIE BALER (2ND SHIFT),Posted,4/7/2026 12:00:00 AM,5:04AM,,18:56:00,LBS    ,5136.000,5136.000,0.000,Plus Materials                                    ,,156.0489,156.0400,0.0000,,,5,0,
13924,4/6/2026 12:00:00 AM,Plus Monroe Warehouse                        ,COMPLETED,EXTRUDER (2ND SHIFT),Posted,4/7/2026 12:00:00 AM,5:05AM,,18:55:00,LBS    ,6130.000,6130.000,0.000,Plus Materials                                    ,,306.5000,306.5000,0.0000,,,0,0,
13926,4/6/2026 12:00:00 AM,Plus Monroe Warehouse                        ,COMPLETED,GUILLOTINE (2ND SHIFT),Posted,4/7/2026 12:00:00 AM,5:05AM,,18:55:00,LBS    ,7456.000,7456.000,0.000,Plus Materials                                    ,,521.9200,521.9200,0.0000,,,0,0,
13928,4/6/2026 12:00:00 AM,Monroe Processing Warehouse                  ,COMPLETED,SHREDDER/GRINDER (2ND SHIFT),Posted,4/7/2026 12:00:00 AM,5:06AM,,18:54:00,LBS    ,1975.000,1975.000,0.000,Plus Materials                                    ,,0.0000,0.0000,0.0000,,,0,0,
