Job No,Job Date,Warehouse,Warehouse Status,Machine,Status,Post Date,Start-Time,End-Time,Elapsed-Time,UOM,Input Qty,Output Qty,Yield Loss Qty,Department,Description,Input Value,Output Value,Expenses,User Defined 1,UserDefined2,Input Units,Output Units,Operator,Finished Product,First Seen,Last Seen
12003,2026-01-02,Plus Monroe Warehouse,COMPLETED,AUTO-TIE BALER (1ST SHIFT),Posted,2026-01-05,5:06AM,,18:54:00,LBS,5397.0,5397.0,0.0,Plus Materials,,94.1,94.1,0.0,,,21,5,CARL,,2026-09-17T13:18:36,2026-09-17T13:18:36
12007,2026-01-02,Plus Monroe Warehouse,COMPLETED,AVANGARD (OLD) (1ST SHIFT),Posted,2026-01-05,5:07AM,,18:53:00,LBS,2424.0,2424.0,0.0,Plus Materials,,0.0,0.0,0.0,,,0,0,CARL,,2026-09-17T13:18:36,2026-09-17T13:18:36
12009,2026-01-02,Plus Monroe Warehouse,COMPLETED,GUILLOTINE (1ST SHIFT),Posted,2026-01-05,5:07AM,,18:53:00,LBS,6110.0,6110.0,0.0,Plus Materials,,305.5,305.5,0.0,,,11,0,CARL,,2026-09-17T13:18:36,2026-09-17T13:18:36
12010,2026-01-02,Plus Monroe Warehouse,COMPLETED,SHREDDER (1ST SHIFT),Posted,2026-01-05,5:07AM,,18:53:00,LBS,9311.0,9311.0,0.0,Plus Materials,,465.55,465.55,0.0,,,48,0,CARL,,2026-09-17T13:18:36,2026-09-17T13:18:36
12011,2026-01-02,Monroe Processing Warehouse,COMPLETED,SHREDDER/GRINDER (1ST SHIFT),Posted,2026-01-05,5:07AM,,18:53:00,LBS,10469.0,10469.0,0.0,Plus Materials,,0.0,0.0,0.0,,,0,0,CARL,,2026-09-17T13:18:36,2026-09-17T13:18:36
12014,2026-01-05,Plus Monroe Warehouse,COMPLETED,AUTO-TIE BALER (1ST SHIFT),Posted,2026-01-06,5:06AM,,18:54:00,LBS,4635.0,4635.0,0.0,Plus Materials,,187.11,187.1,0.0,,,33,5,CARL,,2026-09-17T13:18:36,2026-09-17T13:18:36
12015,2026-01-05,Plus Monroe Warehouse,COMPLETED,AVANGARD (OLD) (1ST SHIFT),Posted,2026-01-06,5:06AM,,18:54:00,LBS,2581.0,2581.0,0.0,Plus Materials,,0.0,0.0,0.0,,,0,0,CARL,,2026-09-17T13:18:36,2026-09-17T13:18:36
12018,2026-01-05,Plus Monroe Warehouse,COMPLETED,EXTRUDER (1ST SHIFT),Posted,2026-01-06,5:06AM,,18:54:00,LBS,6565.0,6565.0,0.0,Plus Materials,,328.25,328.25,0.0,,,12,0,CARL,,2026-09-17T13:18:36,2026-09-17T13:18:36
12020,2026-01-05,Plus Monroe Warehouse,COMPLETED,GUILLOTINE (1ST SHIFT),Posted,2026-01-06,5:07AM,,18:53:00,LBS,11739.0,11739.0,0.0,Plus Materials,,117.39,117.39,0.0,,,1,0,CARL,,2026-09-17T13:18:36,2026-09-17T13:18:36
12021,2026-01-05,Plus Monroe Warehouse,COMPLETED,SHREDDER (1ST SHIFT),Posted,2026-01-06,5:07AM,,18:53:00,LBS,2008.0,2008.0,0.0,Plus Materials,,0.0,0.0,0.0,,,1,6,CARL,,2026-09-17T13:18:36,2026-09-17T13:18:36
12022,2026-01-05,Monroe Processing Warehouse,COMPLETED,SHREDDER/GRINDER (1ST SHIFT),Posted,2026-01-06,5:07AM,,18:53:00,LBS,5569.0,5569.0,0.0,Plus Materials,,0.0,0.0,0.0,,,1,0,CARL,,2026-09-17T13:18:36,2026-09-17T13:18:36
12028,2026-01-05,Plus Monroe Warehouse,COMPLETED,EXTRUDER (2ND SHIFT),Posted,2026-01-06,5:08AM,,18:52:00,LBS,7824.0,7824.0,0.0,Plus Materials,,78.24,78.24,0.0,,,0,0,CARL,,2026-09-17T13:18:36,2026-09-17T13:18:36
12030,2026-01-05,Plus Monroe Warehouse,COMPLETED,GUILLOTINE (2ND SHIFT),Posted,2026-01-06,5:09AM,,18:51:00,LBS,10241.0,10241.0,0.0,Plus Materials,,102.41,102.41,0.0,,,1,0,CARL,,2026-09-17T13:18:36,2026-09-17T13:18:36
12035,2026-01-06,Plus Monroe Warehouse,COMPLETED,AUTO-TIE BALER (1ST SHIFT),Posted,2026-01-07,5:10AM,,18:50:00,LBS,8010.0,8010.0,0.0,Plus Materials,,-49.5,-49.5,0.0,,,17,7,CARL,,2026-09-17T13:18:36,2026-09-17T13:18:36
12036,2026-01-06,Plus Monroe Warehouse,COMPLETED,AVANGARD (OLD) (1ST SHIFT),Posted,2026-01-07,5:10AM,,18:50:00,LBS,1632.0,1632.0,0.0,Plus Materials,,172.843,172.84,0.0,,,0,1,CARL,,2026-09-17T13:18:36,2026-09-17T13:18:36
12039,2026-01-06,Plus Monroe Warehouse,COMPLETED,EXTRUDER (1ST SHIFT),Posted,2026-01-07,5:11AM,,18:49:00,LBS,8345.0,8345.0,0.0,Plus Materials,,412.3,412.3,0.0,,,0,2,CARL,,2026-09-17T13:18:36,2026-09-17T13:18:36
12041,2026-01-06,Plus Monroe Warehouse,COMPLETED,GUILLOTINE (1ST SHIFT),Posted,2026-01-07,5:11AM,,18:49:00,LBS,4648.0,4648.0,0.0,Plus Materials,,232.4,232.4,0.0,,,8,0,CARL,,2026-09-17T13:18:36,2026-09-17T13:18:36
12042,2026-01-06,Plus Monroe Warehouse,COMPLETED,SHREDDER (1ST SHIFT),Posted,2026-01-07,5:11AM,,18:49:00,LBS,3483.0,3483.0,0.0,Plus Materials,,0.0,0.0,0.0,,,0,0,CARL,,2026-09-17T13:18:36,2026-09-17T13:18:36
12046,2026-01-06,Plus Monroe Warehouse,COMPLETED,AVANGARD (OLD) (2ND SHIFT),Posted,2026-01-07,5:12AM,,18:48:00,LBS,5612.0,5612.0,0.0,Plus Materials,,197.6063,197.6,0.0,,,0,0,CARL,,2026-09-17T13:18:36,2026-09-17T13:18:36
12049,2026-01-06,Plus Monroe Warehouse,COMPLETED,EXTRUDER (2ND SHIFT),Posted,2026-01-07,5:12AM,,18:48:00,LBS,7627.0,7627.0,0.0,Plus Materials,,381.35,381.35,0.0,,,0,0,CARL,,2026-09-17T13:18:36,2026-09-17T13:18:36
12051,2026-01-06,Plus Monroe Warehouse,COMPLETED,GUILLOTINE (2ND SHIFT),Posted,2026-01-07,5:13AM,,18:47:00,LBS,6227.0,6227.0,0.0,Plus Materials,,0.0,0.0,0.0,,,10,0,CARL,,2026-09-17T13:18:36,2026-09-17T13:18:36
12055,2026-01-06,PRN Southeast,COMPLETED,BALER,Posted,2026-01-07,5:13AM,,18:47:00,LBS,8875.0,9260.0,-385.0,Plus Materials,,587.96,1031.72,443.75,,,25,4,CARL,,2026-09-17T13:18:36,2026-09-17T13:18:36
12056,2026-01-07,Plus Monroe Warehouse,COMPLETED,AUTO-TIE BALER (1ST SHIFT),Posted,2026-01-08,5:12AM,,18:48:00,LBS,3248.0,3248.0,0.0,Plus Materials,,52.9718,52.98,0.0,,,10,3,CARL,,2026-09-17T13:18:36,2026-09-17T13:18:36
12057,2026-01-07,Plus Monroe Warehouse,COMPLETED,AVANGARD (OLD) (1ST SHIFT),Posted,2026-01-08,5:12AM,,18:48:00,LBS,1615.0,1615.0,0.0,Plus Materials,,56.8656,56.87,0.0,,,0,1,CARL,,2026-09-17T13:18:36,2026-09-17T13:18:36
12060,2026-01-07,Plus Monroe Warehouse,COMPLETED,EXTRUDER (1ST SHIFT),Posted,2026-01-08,5:13AM,,18:47:00,LBS,8155.0,8155.0,0.0,Plus Materials,,0.0,0.0,0.0,,,0,0,CARL,,2026-09-17T13:18:36,2026-09-17T13:18:36
12062,2026-01-07,Plus Monroe Warehouse,COMPLETED,GUILLOTINE (1ST SHIFT),Posted,2026-01-08,5:13AM,,18:47:00,LBS,9956.0,9956.0,0.0,Plus Materials,,236.23,236.22,0.0,,,14,0,CARL,,2026-09-17T13:18:36,2026-09-17T13:18:36
12064,2026-01-07,Monroe Processing Warehouse,COMPLETED,SHREDDER/GRINDER (1ST SHIFT),Posted,2026-01-08,5:13AM,,18:47:00,LBS,7119.0,7119.0,0.0,Plus Materials,,0.0,0.0,0.0,,,1,0,CARL,,2026-09-17T13:18:36,2026-09-17T13:18:36
12067,2026-01-07,Plus Monroe Warehouse,COMPLETED,AVANGARD (OLD) (2ND SHIFT),Posted,2026-01-08,5:14AM,,18:46:00,LBS,2550.0,2550.0,0.0,Plus Materials,,89.7902,89.79,0.0,,,0,0,CARL,,2026-09-17T13:18:36,2026-09-17T13:18:36
12070,2026-01-07,Plus Monroe Warehouse,COMPLETED,EXTRUDER (2ND SHIFT),Posted,2026-01-08,5:14AM,,18:46:00,LBS,7052.0,7052.0,0.0,Plus Materials,,0.0,0.0,0.0,,,0,0,CARL,,2026-09-17T13:18:36,2026-09-17T13:18:36
12072,2026-01-07,Plus Monroe Warehouse,COMPLETED,GUILLOTINE (2ND SHIFT),Posted,2026-01-08,5:15AM,,18:45:00,LBS,10359.0,10351.0,8.0,Plus Materials,,0.0,0.0,0.0,,,14,0,CARL,,2026-09-17T13:18:36,2026-09-17T13:18:36
12073,2026-01-07,Plus Monroe Warehouse,COMPLETED,SHREDDER (2ND SHIFT),Posted,2026-01-08,5:15AM,,18:45:00,LBS,4209.0,4209.0,0.0,Plus Materials,,0.0,0.0,0.0,,,1,0,CARL,,2026-09-17T13:18:36,2026-09-17T13:18:36
12074,2026-01-07,Monroe Processing Warehouse,COMPLETED,SHREDDER/GRINDER (2ND SHIFT),Posted,2026-01-08,5:15AM,,18:45:00,LBS,3823.0,3823.0,0.0,Plus Materials,,0.0,0.0,0.0,,,1,0,CARL,,2026-09-17T13:18:36,2026-09-17T13:18:36
12078,2026-01-08,Plus Monroe Warehouse,COMPLETED,AVANGARD (OLD) (1ST SHIFT),Posted,2026-01-09,5:11AM,,18:49:00,LBS,2166.0,2166.0,0.0,Plus Materials,,76.269,76.27,0.0,,,0,2,CARL,,2026-09-17T13:18:36,2026-09-17T13:18:36
12081,2026-01-08,Plus Monroe Warehouse,COMPLETED,EXTRUDER (1ST SHIFT),Posted,2026-01-09,5:11AM,,18:49:00,LBS,8360.0,8360.0,0.0,Plus Materials,,0.0,0.0,0.0,,,0,0,CARL,,2026-09-17T13:18:36,2026-09-17T13:18:36
12083,2026-01-08,Plus Monroe Warehouse,COMPLETED,GUILLOTINE (1ST SHIFT),Posted,2026-01-09,5:12AM,,18:48:00,LBS,4881.0,4881.0,0.0,Plus Materials,,488.1,488.1,0.0,,,0,0,CARL,,2026-09-17T13:18:36,2026-09-17T13:18:36
12084,2026-01-08,Plus Monroe Warehouse,COMPLETED,SHREDDER (1ST SHIFT),Posted,2026-01-09,5:12AM,,18:48:00,LBS,3111.0,3111.0,0.0,Plus Materials,,0.0,0.0,0.0,,,0,0,CARL,,2026-09-17T13:18:36,2026-09-17T13:18:36
12085,2026-01-08,Monroe Processing Warehouse,COMPLETED,SHREDDER/GRINDER (1ST SHIFT),Posted,2026-01-09,5:12AM,,18:48:00,LBS,4671.0,4671.0,0.0,Plus Materials,,6.1392,6.14,0.0,,,0,0,CARL,,2026-09-17T13:18:36,2026-09-17T13:18:36
12088,2026-01-08,Plus Monroe Warehouse,COMPLETED,AVANGARD (OLD) (2ND SHIFT),Posted,2026-01-09,5:13AM,,18:47:00,LBS,2967.0,2967.0,0.0,Plus Materials,,0.0,0.0,0.0,,,0,0,CARL,,2026-09-17T13:18:36,2026-09-17T13:18:36
12091,2026-01-08,Plus Monroe Warehouse,COMPLETED,EXTRUDER (2ND SHIFT),Posted,2026-01-09,5:13AM,,18:47:00,LBS,5142.0,5142.0,0.0,Plus Materials,,0.0,0.0,0.0,,,0,0,CARL,,2026-09-17T13:18:36,2026-09-17T13:18:36
12093,2026-01-08,Plus Monroe Warehouse,COMPLETED,GUILLOTINE (2ND SHIFT),Posted,2026-01-09,5:13AM,,18:47:00,LBS,8747.0,8747.0,0.0,Plus Materials,,117.56,117.56,0.0,,,12,0,CARL,,2026-09-17T13:18:36,2026-09-17T13:18:36
12094,2026-01-08,Plus Monroe Warehouse,COMPLETED,SHREDDER (2ND SHIFT),Posted,2026-01-09,5:14AM,,18:46:00,LBS,4460.0,4460.0,0.0,Plus Materials,,0.0,0.0,0.0,,,1,0,CARL,,2026-09-17T13:18:36,2026-09-17T13:18:36
12095,2026-01-08,Monroe Processing Warehouse,COMPLETED,SHREDDER/GRINDER (2ND SHIFT),Posted,2026-01-09,5:14AM,,18:46:00,LBS,4816.0,4816.0,0.0,Plus Materials,,192.64,192.64,0.0,,,0,0,CARL,,2026-09-17T13:18:36,2026-09-17T13:18:36
12099,2026-01-09,Plus Monroe Warehouse,COMPLETED,AVANGARD (OLD) (1ST SHIFT),Posted,2026-01-12,5:14AM,,18:46:00,LBS,3169.0,3169.0,0.0,Plus Materials,,106.3423,106.35,0.0,,,52,2,CARL,,2026-09-17T13:18:36,2026-09-17T13:18:36
12102,2026-01-09,Plus Monroe Warehouse,COMPLETED,EXTRUDER (1ST SHIFT),Posted,2026-01-12,5:14AM,,18:46:00,LBS,8325.0,8325.0,0.0,Plus Materials,,0.0,0.0,0.0,,,0,0,CARL,,2026-09-17T13:18:36,2026-09-17T13:18:36
12104,2026-01-09,Plus Monroe Warehouse,COMPLETED,GUILLOTINE (1ST SHIFT),Posted,2026-01-12,5:15AM,,18:45:00,LBS,7459.0,7459.0,0.0,Plus Materials,,402.0532,402.05,0.0,,,38,0,CARL,,2026-09-17T13:18:36,2026-09-17T13:18:36
12105,2026-01-09,Plus Monroe Warehouse,COMPLETED,SHREDDER (1ST SHIFT),Posted,2026-01-12,5:15AM,,18:45:00,LBS,5410.0,5410.0,0.0,Plus Materials,,0.0,0.0,0.0,,,1,0,CARL,,2026-09-17T13:18:36,2026-09-17T13:18:36
12106,2026-01-09,Monroe Processing Warehouse,COMPLETED,SHREDDER/GRINDER (1ST SHIFT),Posted,2026-01-12,5:15AM,,18:45:00,LBS,7392.0,7392.0,0.0,Plus Materials,,398.4425,398.44,0.0,,,0,0,CARL,,2026-09-17T13:18:36,2026-09-17T13:18:36
12109,2026-01-09,Plus Monroe Warehouse,COMPLETED,AVANGARD (OLD) (2ND SHIFT),Posted,2026-01-12,5:15AM,,18:45:00,LBS,1922.0,1922.0,0.0,Plus Materials,,64.497,64.5,0.0,,,0,0,CARL,,2026-09-17T13:18:36,2026-09-17T13:18:36
12112,2026-01-09,Plus Monroe Warehouse,COMPLETED,EXTRUDER (2ND SHIFT),Posted,2026-01-12,5:16AM,,18:44:00,LBS,6576.0,6576.0,0.0,Plus Materials,,0.0,0.0,0.0,,,12,0,CARL,,2026-09-17T13:18:36,2026-09-17T13:18:36
12114,2026-01-09,Plus Monroe Warehouse,COMPLETED,GUILLOTINE (2ND SHIFT),Posted,2026-01-12,5:16AM,,18:44:00,LBS,10000.0,10000.0,0.0,Plus Materials,,283.4684,283.47,0.0,,,0,0,CARL,,2026-09-17T13:18:36,2026-09-17T13:18:36
12115,2026-01-09,Plus Monroe Warehouse,COMPLETED,SHREDDER (2ND SHIFT),Posted,2026-01-12,5:16AM,,18:44:00,LBS,4169.0,4169.0,0.0,Plus Materials,,0.0,0.0,0.0,,,1,0,CARL,,2026-09-17T13:18:36,2026-09-17T13:18:36
12116,2026-01-09,Monroe Processing Warehouse,COMPLETED,SHREDDER/GRINDER (2ND SHIFT),Posted,2026-01-12,5:17AM,,18:43:00,LBS,4784.0,4784.0,0.0,Plus Materials,,257.8669,257.87,0.0,,,0,0,CARL,,2026-09-17T13:18:36,2026-09-17T13:18:36
12120,2026-01-12,Plus Monroe Warehouse,COMPLETED,AVANGARD (OLD) (1ST SHIFT),Posted,2026-01-13,5:07AM,,18:53:00,LBS,1602.0,1602.0,0.0,Plus Materials,,53.7582,53.76,0.0,,,0,1,CARL,,2026-09-17T13:18:36,2026-09-17T13:18:36
12123,2026-01-12,Plus Monroe Warehouse,COMPLETED,EXTRUDER (1ST SHIFT),Posted,2026-01-13,5:08AM,,18:52:00,LBS,9575.0,9575.0,0.0,Plus Materials,,0.0,0.0,0.0,,,0,0,CARL,,2026-09-17T13:18:36,2026-09-17T13:18:36
12125,2026-01-12,Plus Monroe Warehouse,COMPLETED,GUILLOTINE (1ST SHIFT),Posted,2026-01-13,5:08AM,,18:52:00,LBS,6523.0,6523.0,0.0,Plus Materials,,351.6013,351.59,0.0,,,0,0,CARL,,2026-09-17T13:18:36,2026-09-17T13:18:36
12126,2026-01-12,Plus Monroe Warehouse,COMPLETED,SHREDDER (1ST SHIFT),Posted,2026-01-13,5:08AM,,18:52:00,LBS,4042.0,4042.0,0.0,Plus Materials,,0.0,0.0,0.0,,,1,0,CARL,,2026-09-17T13:18:36,2026-09-17T13:18:36
12127,2026-01-12,Monroe Processing Warehouse,COMPLETED,SHREDDER/GRINDER (1ST SHIFT),Posted,2026-01-13,5:09AM,,18:51:00,LBS,3595.0,3595.0,0.0,Plus Materials,,193.7773,193.78,0.0,,,0,0,CARL,,2026-09-17T13:18:36,2026-09-17T13:18:36
12129,2026-01-12,Plus Monroe Warehouse,COMPLETED,AUTO-TIE BALER (2ND SHIFT),Posted,2026-01-13,5:09AM,,18:51:00,LBS,2063.0,2063.0,0.0,Plus Materials,,41.66,41.65,0.0,,,0,0,CARL,,2026-09-17T13:18:36,2026-09-17T13:18:36
12133,2026-01-12,Plus Monroe Warehouse,COMPLETED,EXTRUDER (2ND SHIFT),Posted,2026-01-13,5:10AM,,18:50:00,LBS,6658.0,6658.0,0.0,Plus Materials,,0.0,0.0,0.0,,,14,0,CARL,,2026-09-17T13:18:36,2026-09-17T13:18:36
12135,2026-01-12,Plus Monroe Warehouse,COMPLETED,GUILLOTINE (2ND SHIFT),Posted,2026-01-13,5:10AM,,18:50:00,LBS,7089.0,7089.0,0.0,Plus Materials,,106.32,106.32,0.0,,,0,0,CARL,,2026-09-17T13:18:36,2026-09-17T13:18:36
12137,2026-01-12,Monroe Processing Warehouse,COMPLETED,SHREDDER/GRINDER (2ND SHIFT),Posted,2026-01-13,5:10AM,,18:50:00,LBS,2335.0,2335.0,0.0,Plus Materials,,125.8602,125.87,0.0,,,0,0,CARL,,2026-09-17T13:18:36,2026-09-17T13:18:36
12140,2026-01-12,Plus Monroe Warehouse,COMPLETED,REPACKAGING,Posted,2026-01-13,1:22PM,,10:38:00,LBS,10863.0,10863.0,0.0,Plus Materials,,0.0,0.0,0.0,,,24,0,CARL,,2026-09-17T13:18:36,2026-09-17T13:18:36
12141,2026-01-13,Plus Monroe Warehouse,COMPLETED,AUTO-TIE BALER (1ST SHIFT),Posted,2026-01-14,5:10AM,,18:50:00,LBS,6039.0,6039.0,0.0,Plus Materials,,892.049,892.05,0.0,,,38,4,CARL,,2026-09-17T13:18:36,2026-09-17T13:18:36
12142,2026-01-13,Plus Monroe Warehouse,COMPLETED,AVANGARD (OLD) (1ST SHIFT),Posted,2026-01-14,5:11AM,,18:49:00,LBS,1716.0,1716.0,0.0,Plus Materials,,57.5833,57.58,0.0,,,0,1,CARL,,2026-09-17T13:18:36,2026-09-17T13:18:36
12145,2026-01-13,Plus Monroe Warehouse,COMPLETED,EXTRUDER (1ST SHIFT),Posted,2026-01-14,5:11AM,,18:49:00,LBS,10075.0,10075.0,0.0,Plus Materials,,0.0,0.0,0.0,,,0,0,CARL,,2026-09-17T13:18:36,2026-09-17T13:18:36
12147,2026-01-13,Plus Monroe Warehouse,COMPLETED,GUILLOTINE (1ST SHIFT),Posted,2026-01-14,5:11AM,,18:49:00,LBS,6426.0,6426.0,0.0,Plus Materials,,-45.6277,-45.63,0.0,,,0,0,CARL,,2026-09-17T13:18:36,2026-09-17T13:18:36
12148,2026-01-13,Plus Monroe Warehouse,COMPLETED,SHREDDER (1ST SHIFT),Posted,2026-01-14,5:12AM,,18:48:00,LBS,373.0,373.0,0.0,Plus Materials,,0.0,0.0,0.0,,,0,0,CARL,,2026-09-17T13:18:36,2026-09-17T13:18:36
12152,2026-01-13,Plus Monroe Warehouse,COMPLETED,AUTO-TIE BALER (2ND SHIFT),Posted,2026-01-14,5:12AM,,18:48:00,LBS,6648.0,6648.0,0.0,Plus Materials,,779.1419,779.14,0.0,,,23,0,CARL,,2026-09-17T13:18:36,2026-09-17T13:18:36
12156,2026-01-13,Plus Monroe Warehouse,COMPLETED,EXTRUDER (2ND SHIFT),Posted,2026-01-14,5:13AM,,18:47:00,LBS,8150.0,8150.0,0.0,Plus Materials,,570.5,570.5,0.0,,,10,0,CARL,,2026-09-17T13:18:36,2026-09-17T13:18:36
12158,2026-01-13,Plus Monroe Warehouse,COMPLETED,GUILLOTINE (2ND SHIFT),Posted,2026-01-14,5:13AM,,18:47:00,LBS,8292.0,8292.0,0.0,Plus Materials,,263.6122,263.61,0.0,,,7,0,CARL,,2026-09-17T13:18:36,2026-09-17T13:18:36
12160,2026-01-13,Monroe Processing Warehouse,COMPLETED,SHREDDER/GRINDER (2ND SHIFT),Posted,2026-01-14,5:13AM,,18:47:00,LBS,6190.0,6190.0,0.0,Plus Materials,,373.2337,373.23,0.0,,,14,0,CARL,,2026-09-17T13:18:36,2026-09-17T13:18:36
12163,2026-01-14,Plus Monroe Warehouse,COMPLETED,AUTO-TIE BALER (1ST SHIFT),Posted,2026-01-15,5:11AM,,18:49:00,LBS,4447.0,4447.0,0.0,Plus Materials,,111.175,111.19,0.0,,,10,3,CARL,,2026-09-17T13:18:36,2026-09-17T13:18:36
12164,2026-01-14,Plus Monroe Warehouse,COMPLETED,AVANGARD (OLD) (1ST SHIFT),Posted,2026-01-15,5:11AM,,18:49:00,LBS,1312.0,1312.0,0.0,Plus Materials,,44.0271,44.03,0.0,,,0,1,CARL,,2026-09-17T13:18:36,2026-09-17T13:18:36
12167,2026-01-14,Plus Monroe Warehouse,COMPLETED,EXTRUDER (1ST SHIFT),Posted,2026-01-15,5:12AM,,18:48:00,LBS,7662.0,7662.0,0.0,Plus Materials,,133.49,133.5,0.0,,,0,0,CARL,,2026-09-17T13:18:36,2026-09-17T13:18:36
12169,2026-01-14,Plus Monroe Warehouse,COMPLETED,GUILLOTINE (1ST SHIFT),Posted,2026-01-15,5:12AM,,18:48:00,LBS,8479.0,8479.0,0.0,Plus Materials,,166.5791,166.58,0.0,,,35,0,CARL,,2026-09-17T13:18:36,2026-09-17T13:18:36
12171,2026-01-14,Monroe Processing Warehouse,COMPLETED,SHREDDER/GRINDER (1ST SHIFT),Posted,2026-01-15,5:12AM,,18:48:00,LBS,5338.0,5338.0,0.0,Plus Materials,,104.8704,104.88,0.0,,,0,0,CARL,,2026-09-17T13:18:36,2026-09-17T13:18:36
12174,2026-01-14,Plus Monroe Warehouse,COMPLETED,AUTO-TIE BALER (2ND SHIFT),Posted,2026-01-15,5:13AM,,18:47:00,LBS,5278.0,5278.0,0.0,Plus Materials,,131.95,131.96,0.0,,,38,0,CARL,,2026-09-17T13:18:36,2026-09-17T13:18:36
12178,2026-01-14,Plus Monroe Warehouse,COMPLETED,EXTRUDER (2ND SHIFT),Posted,2026-01-15,5:14AM,,18:46:00,LBS,6667.0,6667.0,0.0,Plus Materials,,-48.7778,-48.78,0.0,,,1,0,CARL,,2026-09-17T13:18:36,2026-09-17T13:18:36
12182,2026-01-14,Monroe Processing Warehouse,COMPLETED,SHREDDER/GRINDER (2ND SHIFT),Posted,2026-01-15,5:14AM,,18:46:00,LBS,4889.0,4889.0,0.0,Plus Materials,,96.0496,96.05,0.0,,,0,0,CARL,,2026-09-17T13:18:36,2026-09-17T13:18:36
12186,2026-01-15,Plus Monroe Warehouse,COMPLETED,AUTO-TIE BALER (1ST SHIFT),Posted,2026-01-16,5:09AM,,18:51:00,LBS,9894.0,9894.0,0.0,Plus Materials,,247.355,247.36,0.0,,,31,6,CARL,,2026-09-17T13:18:36,2026-09-17T13:18:36
12187,2026-01-15,Plus Monroe Warehouse,COMPLETED,AVANGARD (OLD) (1ST SHIFT),Posted,2026-01-16,5:09AM,,18:51:00,LBS,1073.0,1073.0,0.0,Plus Materials,,36.0063,36.01,0.0,,,0,1,CARL,,2026-09-17T13:18:36,2026-09-17T13:18:36
12190,2026-01-15,Plus Monroe Warehouse,COMPLETED,EXTRUDER (1ST SHIFT),Posted,2026-01-16,5:09AM,,18:51:00,LBS,8028.0,8028.0,0.0,Plus Materials,,401.4,401.4,0.0,,,8,0,CARL,,2026-09-17T13:18:36,2026-09-17T13:18:36
12192,2026-01-15,Plus Monroe Warehouse,COMPLETED,GUILLOTINE (1ST SHIFT),Posted,2026-01-16,5:10AM,,18:50:00,LBS,12054.0,12054.0,0.0,Plus Materials,,626.39,626.4,0.0,,,10,0,CARL,,2026-09-17T13:18:36,2026-09-17T13:18:36
12194,2026-01-15,Monroe Processing Warehouse,COMPLETED,SHREDDER/GRINDER (1ST SHIFT),Posted,2026-01-16,5:10AM,,18:50:00,LBS,3608.0,3608.0,0.0,Plus Materials,,225.8257,225.82,0.0,,,12,0,CARL,,2026-09-17T13:18:36,2026-09-17T13:18:36
12197,2026-01-15,Plus Monroe Warehouse,COMPLETED,AUTO-TIE BALER (2ND SHIFT),Posted,2026-01-16,5:11AM,,18:49:00,LBS,6188.0,6188.0,0.0,Plus Materials,,154.7048,154.72,0.0,,,14,0,CARL,,2026-09-17T13:18:36,2026-09-17T13:18:36
12201,2026-01-15,Plus Monroe Warehouse,COMPLETED,EXTRUDER (2ND SHIFT),Posted,2026-01-16,5:11AM,,18:49:00,LBS,6478.0,6478.0,0.0,Plus Materials,,453.46,453.46,0.0,,,204,0,CARL,,2026-09-17T13:18:36,2026-09-17T13:18:36
12203,2026-01-15,Plus Monroe Warehouse,COMPLETED,GUILLOTINE (2ND SHIFT),Posted,2026-01-16,5:11AM,,18:49:00,LBS,15827.0,15827.0,0.0,Plus Materials,,668.86,668.84,0.0,,,27,0,CARL,,2026-09-17T13:18:36,2026-09-17T13:18:36
12205,2026-01-15,Monroe Processing Warehouse,COMPLETED,SHREDDER/GRINDER (2ND SHIFT),Posted,2026-01-16,5:12AM,,18:48:00,LBS,7720.0,7720.0,0.0,Plus Materials,,515.5928,515.6,0.0,,,17,0,CARL,,2026-09-17T13:18:36,2026-09-17T13:18:36
12209,2026-01-16,Plus Monroe Warehouse,COMPLETED,AVANGARD (OLD) (1ST SHIFT),Posted,2026-01-19,5:11AM,,18:49:00,LBS,1078.0,1078.0,0.0,Plus Materials,,36.1757,36.18,0.0,,,0,1,CARL,,2026-09-17T13:18:36,2026-09-17T13:18:36
12212,2026-01-16,Plus Monroe Warehouse,COMPLETED,EXTRUDER (1ST SHIFT),Posted,2026-01-19,5:11AM,,18:49:00,LBS,7252.0,7252.0,0.0,Plus Materials,,507.64,507.64,0.0,,,10,0,CARL,,2026-09-17T13:18:36,2026-09-17T13:18:36
12214,2026-01-16,Plus Monroe Warehouse,COMPLETED,GUILLOTINE (1ST SHIFT),Posted,2026-01-19,5:12AM,,18:48:00,LBS,12590.0,12590.0,0.0,Plus Materials,,881.3,881.3,0.0,,,0,0,CARL,,2026-09-17T13:18:36,2026-09-17T13:18:36
12216,2026-01-16,Monroe Processing Warehouse,COMPLETED,SHREDDER/GRINDER (1ST SHIFT),Posted,2026-01-19,5:12AM,,18:48:00,LBS,3052.0,3052.0,0.0,Plus Materials,,523.6749,523.67,0.0,,,2,0,CARL,,2026-09-17T13:18:36,2026-09-17T13:18:36
12222,2026-01-16,Plus Monroe Warehouse,COMPLETED,EXTRUDER (2ND SHIFT),Posted,2026-01-19,5:13AM,,18:47:00,LBS,8076.0,8076.0,0.0,Plus Materials,,484.56,484.56,0.0,,,8,0,CARL,,2026-09-17T13:18:36,2026-09-17T13:18:36
12224,2026-01-16,Plus Monroe Warehouse,COMPLETED,GUILLOTINE (2ND SHIFT),Posted,2026-01-19,5:13AM,,18:47:00,LBS,8851.0,8851.0,0.0,Plus Materials,,221.275,221.3,0.0,,,22,0,CARL,,2026-09-17T13:18:36,2026-09-17T13:18:36
12226,2026-01-16,Monroe Processing Warehouse,COMPLETED,SHREDDER/GRINDER (2ND SHIFT),Posted,2026-01-19,5:13AM,,18:47:00,LBS,8834.0,8834.0,0.0,Plus Materials,,1280.93,1280.94,0.0,,,25,0,CARL,,2026-09-17T13:18:36,2026-09-17T13:18:36
12229,2026-01-19,Plus Monroe Warehouse,COMPLETED,AUTO-TIE BALER (1ST SHIFT),Posted,2026-01-20,5:07AM,,18:53:00,LBS,8551.0,8551.0,0.0,Plus Materials,,-51.0436,-51.04,0.0,,,19,5,CARL,,2026-09-17T13:18:36,2026-09-17T13:18:36
12230,2026-01-19,Monroe Processing Warehouse,COMPLETED,SHREDDER/GRINDER (1ST SHIFT),Posted,2026-01-20,5:07AM,,18:53:00,LBS,5685.0,5685.0,0.0,Plus Materials,,0.0,0.0,0.0,,,0,4,CARL,,2026-09-17T13:18:36,2026-09-17T13:18:36
12233,2026-01-19,Plus Monroe Warehouse,COMPLETED,EXTRUDER (1ST SHIFT),Posted,2026-01-20,5:08AM,,18:52:00,LBS,9054.0,9054.0,0.0,Plus Materials,,0.0,0.0,0.0,,,12,0,CARL,,2026-09-17T13:18:36,2026-09-17T13:18:36
12235,2026-01-19,Plus Monroe Warehouse,COMPLETED,GUILLOTINE (1ST SHIFT),Posted,2026-01-20,5:08AM,,18:52:00,LBS,13374.0,13374.0,0.0,Plus Materials,,2553.9463,2553.94,0.0,,,32,0,CARL,,2026-09-17T13:18:36,2026-09-17T13:18:36
12237,2026-01-19,Monroe Processing Warehouse,COMPLETED,SHREDDER/GRINDER (1ST SHIFT),Posted,2026-01-20,5:08AM,,18:52:00,LBS,3255.0,3255.0,0.0,Plus Materials,,325.5,325.5,0.0,,,0,0,CARL,,2026-09-17T13:18:36,2026-09-17T13:18:36
12239,2026-01-19,Plus Monroe Warehouse,COMPLETED,AUTO-TIE BALER (2ND SHIFT),Posted,2026-01-20,5:09AM,,18:51:00,LBS,6800.0,6800.0,0.0,Plus Materials,,50.9696,50.97,0.0,,,11,0,CARL,,2026-09-17T13:18:36,2026-09-17T13:18:36
12243,2026-01-19,Plus Monroe Warehouse,COMPLETED,EXTRUDER (2ND SHIFT),Posted,2026-01-20,5:09AM,,18:51:00,LBS,8012.0,8012.0,0.0,Plus Materials,,480.72,480.72,0.0,,,34,0,CARL,,2026-09-17T13:18:36,2026-09-17T13:18:36
12245,2026-01-19,Plus Monroe Warehouse,COMPLETED,GUILLOTINE (2ND SHIFT),Posted,2026-01-20,5:10AM,,18:50:00,LBS,7120.0,7120.0,0.0,Plus Materials,,427.2,427.2,0.0,,,0,0,CARL,,2026-09-17T13:18:36,2026-09-17T13:18:36
12247,2026-01-19,Monroe Processing Warehouse,COMPLETED,SHREDDER/GRINDER (2ND SHIFT),Posted,2026-01-20,5:10AM,,18:50:00,LBS,10487.0,10487.0,0.0,Plus Materials,,1520.615,1520.64,0.0,,,38,0,CARL,,2026-09-17T13:18:36,2026-09-17T13:18:36
12253,2026-01-19,Plus Monroe Warehouse,COMPLETED,EXTRUDER (3RD SHIFT),Posted,2026-01-20,5:11AM,,18:49:00,LBS,5790.0,5790.0,0.0,Plus Materials,,1592.2549,1592.25,0.0,,,0,0,CARL,,2026-09-17T13:18:36,2026-09-17T13:18:36
12255,2026-01-19,Plus Monroe Warehouse,COMPLETED,GUILLOTINE (3RD SHIFT),Posted,2026-01-20,5:12AM,,18:48:00,LBS,11051.0,11051.0,0.0,Plus Materials,,663.06,663.06,0.0,,,0,0,CARL,,2026-09-17T13:18:36,2026-09-17T13:18:36
12260,2026-01-20,Plus Monroe Warehouse,COMPLETED,AUTO-TIE BALER (1ST SHIFT),Posted,2026-01-21,5:59AM,,18:01:00,LBS,8304.0,8304.0,0.0,Plus Materials,,-67.16,-67.16,0.0,,,15,7,CARL,,2026-09-17T13:18:36,2026-09-17T13:18:36
12264,2026-01-20,Plus Monroe Warehouse,COMPLETED,EXTRUDER (1ST SHIFT),Posted,2026-01-21,6:00AM,,18:00:00,LBS,7750.0,7750.0,0.0,Plus Materials,,365.2041,365.21,0.0,,,2,0,CARL,,2026-09-17T13:18:36,2026-09-17T13:18:36
12265,2026-01-20,Plus Monroe Warehouse,COMPLETED,EXTRUDER (1ST SHIFT),Posted,2026-01-21,6:00AM,,18:00:00,LBS,1798.0,1798.0,0.0,Plus Materials,,-71.92,-71.92,0.0,,,2,0,CARL,,2026-09-17T13:18:36,2026-09-17T13:18:36
12266,2026-01-20,Plus Monroe Warehouse,COMPLETED,GUILLOTINE (1ST SHIFT),Posted,2026-01-21,6:00AM,,18:00:00,LBS,3904.0,3904.0,0.0,Plus Materials,,273.28,273.28,0.0,,,8,0,CARL,,2026-09-17T13:18:36,2026-09-17T13:18:36
12268,2026-01-20,Monroe Processing Warehouse,COMPLETED,SHREDDER/GRINDER (1ST SHIFT),Posted,2026-01-21,6:00AM,,18:00:00,LBS,4743.0,4743.0,0.0,Plus Materials,,94.35,94.35,0.0,,,39,0,CARL,,2026-09-17T13:18:36,2026-09-17T13:18:36
12270,2026-01-20,Plus Monroe Warehouse,COMPLETED,AUTO-TIE BALER (2ND SHIFT),Posted,2026-01-21,6:00AM,,18:00:00,LBS,9055.0,9055.0,0.0,Plus Materials,,1068.3154,1068.31,0.0,,,20,0,CARL,,2026-09-17T13:18:36,2026-09-17T13:18:36
12274,2026-01-20,Plus Monroe Warehouse,COMPLETED,EXTRUDER (2ND SHIFT),Posted,2026-01-21,6:01AM,,17:59:00,LBS,8644.0,8644.0,0.0,Plus Materials,,432.2,432.2,0.0,,,26,0,CARL,,2026-09-17T13:18:36,2026-09-17T13:18:36
12276,2026-01-20,Plus Monroe Warehouse,COMPLETED,GUILLOTINE (2ND SHIFT),Posted,2026-01-21,6:01AM,,17:59:00,LBS,9042.0,9042.0,0.0,Plus Materials,,637.96,637.96,0.0,,,5,0,CARL,,2026-09-17T13:18:36,2026-09-17T13:18:36
12278,2026-01-20,Monroe Processing Warehouse,COMPLETED,SHREDDER/GRINDER (2ND SHIFT),Posted,2026-01-21,6:02AM,,17:58:00,LBS,2802.0,2802.0,0.0,Plus Materials,,0.0,0.0,0.0,,,0,0,CARL,,2026-09-17T13:18:36,2026-09-17T13:18:36
12284,2026-01-20,Plus Monroe Warehouse,COMPLETED,EXTRUDER (3RD SHIFT),Posted,2026-01-21,6:03AM,,17:57:00,LBS,6468.0,6468.0,0.0,Plus Materials,,194.9792,194.98,0.0,,,0,0,CARL,,2026-09-17T13:18:36,2026-09-17T13:18:36
12286,2026-01-20,Plus Monroe Warehouse,COMPLETED,GUILLOTINE (3RD SHIFT),Posted,2026-01-21,6:03AM,,17:57:00,LBS,11271.0,11271.0,0.0,Plus Materials,,788.97,788.97,0.0,,,205,0,CARL,,2026-09-17T13:18:36,2026-09-17T13:18:36
12290,2026-01-20,PRN Southeast,COMPLETED,BALER,Posted,2026-01-21,6:03AM,,17:57:00,LBS,9860.0,8630.0,1230.0,Plus Materials,,706.67,1199.66,493.0,,,29,4,CARL,,2026-09-17T13:18:36,2026-09-17T13:18:36
12291,2026-01-21,Plus Monroe Warehouse,COMPLETED,AUTO-TIE BALER (1ST SHIFT),Posted,2026-01-22,6:00AM,,18:00:00,LBS,2109.0,2109.0,0.0,Plus Materials,,202.9401,202.94,0.0,,,15,2,CARL,,2026-09-17T13:18:36,2026-09-17T13:18:36
12295,2026-01-21,Plus Monroe Warehouse,COMPLETED,EXTRUDER (1ST SHIFT),Posted,2026-01-22,6:01AM,,17:59:00,LBS,8652.0,8652.0,0.0,Plus Materials,,692.16,692.16,0.0,,,11,0,CARL,,2026-09-17T13:18:36,2026-09-17T13:18:36
12297,2026-01-21,Plus Monroe Warehouse,COMPLETED,GUILLOTINE (1ST SHIFT),Posted,2026-01-22,6:01AM,,17:59:00,LBS,13600.0,13600.0,0.0,Plus Materials,,482.72,482.73,0.0,,,17,0,CARL,,2026-09-17T13:18:36,2026-09-17T13:18:36
12299,2026-01-21,Monroe Processing Warehouse,COMPLETED,SHREDDER/GRINDER (1ST SHIFT),Posted,2026-01-22,6:01AM,,17:59:00,LBS,1962.0,1962.0,0.0,Plus Materials,,27.04,27.04,0.0,,,0,0,CARL,,2026-09-17T13:18:36,2026-09-17T13:18:36
12301,2026-01-21,Plus Monroe Warehouse,COMPLETED,AUTO-TIE BALER (2ND SHIFT),Posted,2026-01-22,6:02AM,,17:58:00,LBS,6660.0,6660.0,0.0,Plus Materials,,534.3069,534.31,0.0,,,30,0,CARL,,2026-09-17T13:18:36,2026-09-17T13:18:36
12305,2026-01-21,Plus Monroe Warehouse,COMPLETED,EXTRUDER (2ND SHIFT),Posted,2026-01-22,6:02AM,,17:58:00,LBS,8658.0,8658.0,0.0,Plus Materials,,930.0135,930.02,0.0,,,14,0,CARL,,2026-09-17T13:18:36,2026-09-17T13:18:36
12307,2026-01-21,Plus Monroe Warehouse,COMPLETED,GUILLOTINE (2ND SHIFT),Posted,2026-01-22,6:03AM,,17:57:00,LBS,12613.0,12613.0,0.0,Plus Materials,,882.91,882.91,0.0,,,10,0,CARL,,2026-09-17T13:18:36,2026-09-17T13:18:36
12309,2026-01-21,Monroe Processing Warehouse,COMPLETED,SHREDDER/GRINDER (2ND SHIFT),Posted,2026-01-22,6:03AM,,17:57:00,LBS,2474.0,2474.0,0.0,Plus Materials,,322.6499,322.65,0.0,,,0,0,CARL,,2026-09-17T13:18:36,2026-09-17T13:18:36
12315,2026-01-21,Plus Monroe Warehouse,COMPLETED,EXTRUDER (3RD SHIFT),Posted,2026-01-22,6:04AM,,17:56:00,LBS,6474.0,6474.0,0.0,Plus Materials,,64.74,64.74,0.0,,,1,0,CARL,,2026-09-17T13:18:36,2026-09-17T13:18:36
12317,2026-01-21,Plus Monroe Warehouse,COMPLETED,GUILLOTINE (3RD SHIFT),Posted,2026-01-22,6:04AM,,17:56:00,LBS,10431.0,10431.0,0.0,Plus Materials,,104.31,104.31,0.0,,,0,0,CARL,,2026-09-17T13:18:36,2026-09-17T13:18:36
12321,2026-01-22,Plus Monroe Warehouse,COMPLETED,AUTO-TIE BALER (1ST SHIFT),Posted,2026-01-23,5:57AM,,18:03:00,LBS,8952.0,8952.0,0.0,Plus Materials,,0.0,0.0,0.0,,,10,6,CARL,,2026-09-17T13:18:36,2026-09-17T13:18:36
12322,2026-01-22,Plus Monroe Warehouse,COMPLETED,AVANGARD (OLD) (1ST SHIFT),Posted,2026-01-23,5:57AM,,18:03:00,LBS,1131.0,1131.0,0.0,Plus Materials,,0.0,0.0,0.0,,,0,1,CARL,,2026-09-17T13:18:36,2026-09-17T13:18:36
12325,2026-01-22,Plus Monroe Warehouse,COMPLETED,EXTRUDER (1ST SHIFT),Posted,2026-01-23,5:58AM,,18:02:00,LBS,9206.0,9206.0,0.0,Plus Materials,,928.69,928.68,0.0,,,45,0,CARL,,2026-09-17T13:18:36,2026-09-17T13:18:36
12327,2026-01-22,Plus Monroe Warehouse,COMPLETED,GUILLOTINE (1ST SHIFT),Posted,2026-01-23,5:58AM,,18:02:00,LBS,14603.0,14603.0,0.0,Plus Materials,,1153.2,1153.2,0.0,,,3,0,CARL,,2026-09-17T13:18:36,2026-09-17T13:18:36
12329,2026-01-22,Monroe Processing Warehouse,COMPLETED,SHREDDER/GRINDER (1ST SHIFT),Posted,2026-01-23,5:58AM,,18:02:00,LBS,7502.0,7502.0,0.0,Plus Materials,,918.9803,918.98,0.0,,,18,0,CARL,,2026-09-17T13:18:36,2026-09-17T13:18:36
12335,2026-01-22,Plus Monroe Warehouse,COMPLETED,EXTRUDER (2ND SHIFT),Posted,2026-01-23,5:59AM,,18:01:00,LBS,9525.0,9525.0,0.0,Plus Materials,,696.57,696.57,0.0,,,0,0,CARL,,2026-09-17T13:18:36,2026-09-17T13:18:36
12337,2026-01-22,Plus Monroe Warehouse,COMPLETED,GUILLOTINE (2ND SHIFT),Posted,2026-01-23,5:59AM,,18:01:00,LBS,11013.0,11013.0,0.0,Plus Materials,,924.3304,924.32,0.0,,,0,0,CARL,,2026-09-17T13:18:36,2026-09-17T13:18:36
12339,2026-01-22,Monroe Processing Warehouse,COMPLETED,SHREDDER/GRINDER (2ND SHIFT),Posted,2026-01-23,6:00AM,,18:00:00,LBS,7057.0,7057.0,0.0,Plus Materials,,864.4691,864.47,0.0,,,0,0,CARL,,2026-09-17T13:18:36,2026-09-17T13:18:36
12345,2026-01-22,Plus Monroe Warehouse,COMPLETED,EXTRUDER (3RD SHIFT),Posted,2026-01-23,6:01AM,,17:59:00,LBS,6448.0,6448.0,0.0,Plus Materials,,379.1089,379.11,0.0,,,0,0,CARL,,2026-09-17T13:18:36,2026-09-17T13:18:36
12347,2026-01-22,Plus Monroe Warehouse,COMPLETED,GUILLOTINE (3RD SHIFT),Posted,2026-01-23,6:01AM,,17:59:00,LBS,10162.0,10162.0,0.0,Plus Materials,,101.62,101.62,0.0,,,0,1,CARL,,2026-09-17T13:18:36,2026-09-17T13:18:36
12351,2026-01-22,PRN Southeast,COMPLETED,BALER,Posted,2026-01-23,6:02AM,,17:58:00,LBS,4142.0,3625.0,517.0,Plus Materials,,292.72,499.82,207.1,,,15,2,CARL,,2026-09-17T13:18:36,2026-09-17T13:18:36
12352,2026-01-23,Plus Monroe Warehouse,COMPLETED,AUTO-TIE BALER (1ST SHIFT),Posted,2026-01-26,5:53AM,,18:07:00,LBS,1470.0,1470.0,0.0,Plus Materials,,0.0,0.0,0.0,,,1,1,CARL,,2026-09-17T13:18:36,2026-09-17T13:18:36
12353,2026-01-23,Plus Monroe Warehouse,COMPLETED,AVANGARD (OLD) (1ST SHIFT),Posted,2026-01-26,5:53AM,,18:07:00,LBS,1095.0,1095.0,0.0,Plus Materials,,0.0,0.0,0.0,,,0,1,CARL,,2026-09-17T13:18:36,2026-09-17T13:18:36
12356,2026-01-23,Plus Monroe Warehouse,COMPLETED,EXTRUDER (1ST SHIFT),Posted,2026-01-26,5:54AM,,18:06:00,LBS,10200.0,10200.0,0.0,Plus Materials,,343.72,343.72,0.0,,,0,0,CARL,,2026-09-17T13:18:36,2026-09-17T13:18:36
12358,2026-01-23,Plus Monroe Warehouse,COMPLETED,GUILLOTINE (1ST SHIFT),Posted,2026-01-26,5:54AM,,18:06:00,LBS,11327.0,11327.0,0.0,Plus Materials,,428.78,428.78,0.0,,,44,0,CARL,,2026-09-17T13:18:36,2026-09-17T13:18:36
12360,2026-01-23,Monroe Processing Warehouse,COMPLETED,SHREDDER/GRINDER (1ST SHIFT),Posted,2026-01-26,5:55AM,,18:05:00,LBS,7490.0,7490.0,0.0,Plus Materials,,224.7,224.7,0.0,,,0,0,CARL,,2026-09-17T13:18:36,2026-09-17T13:18:36
12362,2026-01-23,Plus Monroe Warehouse,COMPLETED,AUTO-TIE BALER (2ND SHIFT),Posted,2026-01-26,5:55AM,,18:05:00,LBS,6691.0,6691.0,0.0,Plus Materials,,160.2857,160.29,0.0,,,0,0,CARL,,2026-09-17T13:18:36,2026-09-17T13:18:36
12366,2026-01-23,Plus Monroe Warehouse,COMPLETED,EXTRUDER (2ND SHIFT),Posted,2026-01-26,5:55AM,,18:05:00,LBS,8462.0,8462.0,0.0,Plus Materials,,527.1613,527.15,0.0,,,0,0,CARL,,2026-09-17T13:18:36,2026-09-17T13:18:36
12368,2026-01-23,Plus Monroe Warehouse,COMPLETED,GUILLOTINE (2ND SHIFT),Posted,2026-01-26,5:56AM,,18:04:00,LBS,8633.0,8633.0,0.0,Plus Materials,,646.2086,646.19,0.0,,,10,0,CARL,,2026-09-17T13:18:36,2026-09-17T13:18:36
12370,2026-01-23,Monroe Processing Warehouse,COMPLETED,SHREDDER/GRINDER (2ND SHIFT),Posted,2026-01-26,5:56AM,,18:04:00,LBS,4708.0,4708.0,0.0,Plus Materials,,188.32,188.32,0.0,,,0,0,CARL,,2026-09-17T13:18:36,2026-09-17T13:18:36
12376,2026-01-23,Plus Monroe Warehouse,COMPLETED,EXTRUDER (3RD SHIFT),Posted,2026-01-26,5:57AM,,18:03:00,LBS,6644.0,6644.0,0.0,Plus Materials,,438.494,438.49,0.0,,,0,0,CARL,,2026-09-17T13:18:36,2026-09-17T13:18:36
12378,2026-01-23,Plus Monroe Warehouse,COMPLETED,GUILLOTINE (3RD SHIFT),Posted,2026-01-26,5:57AM,,18:03:00,LBS,8221.0,8221.0,0.0,Plus Materials,,791.72,791.72,0.0,,,0,0,CARL,,2026-09-17T13:18:36,2026-09-17T13:18:36
12397,2026-01-26,Plus Monroe Warehouse,COMPLETED,EXTRUDER (2ND SHIFT),Posted,2026-01-27,8:23AM,,15:37:00,LBS,4816.0,4816.0,0.0,Plus Materials,,491.3088,491.31,0.0,,,0,0,CARL,,2026-09-17T13:18:36,2026-09-17T13:18:36
12399,2026-01-26,Plus Monroe Warehouse,COMPLETED,GUILLOTINE (2ND SHIFT),Posted,2026-01-27,8:23AM,,15:37:00,LBS,5457.0,5457.0,0.0,Plus Materials,,0.0,0.0,0.0,,,0,0,CARL,,2026-09-17T13:18:36,2026-09-17T13:18:36
12414,2026-01-27,Plus Monroe Warehouse,COMPLETED,AUTO-TIE BALER (1ST SHIFT),Posted,2026-01-28,5:07AM,,18:53:00,LBS,6323.0,6323.0,0.0,Plus Materials,,65.4052,65.41,0.0,,,52,4,CARL,,2026-09-17T13:18:36,2026-09-17T13:18:36
12418,2026-01-27,Plus Monroe Warehouse,COMPLETED,EXTRUDER (1ST SHIFT),Posted,2026-01-28,5:08AM,,18:52:00,LBS,3500.0,3500.0,0.0,Plus Materials,,35.0,35.0,0.0,,,1,0,CARL,,2026-09-17T13:18:36,2026-09-17T13:18:36
12420,2026-01-27,Plus Monroe Warehouse,COMPLETED,GUILLOTINE (1ST SHIFT),Posted,2026-01-28,5:08AM,,18:52:00,LBS,11990.0,11990.0,0.0,Plus Materials,,232.22,232.2,0.0,,,0,0,CARL,,2026-09-17T13:18:36,2026-09-17T13:18:36
12422,2026-01-27,Monroe Processing Warehouse,COMPLETED,SHREDDER/GRINDER (1ST SHIFT),Posted,2026-01-28,5:08AM,,18:52:00,LBS,6305.0,6305.0,0.0,Plus Materials,,189.15,189.15,0.0,,,0,0,CARL,,2026-09-17T13:18:36,2026-09-17T13:18:36
12424,2026-01-27,Plus Monroe Warehouse,COMPLETED,AUTO-TIE BALER (2ND SHIFT),Posted,2026-01-28,5:09AM,,18:51:00,LBS,4937.0,4937.0,0.0,Plus Materials,,584.4,584.4,0.0,,,7,0,CARL,,2026-09-17T13:18:36,2026-09-17T13:18:36
12428,2026-01-27,Plus Monroe Warehouse,COMPLETED,EXTRUDER (2ND SHIFT),Posted,2026-01-28,5:09AM,,18:51:00,LBS,8648.0,8648.0,0.0,Plus Materials,,86.48,86.48,0.0,,,0,0,CARL,,2026-09-17T13:18:36,2026-09-17T13:18:36
12430,2026-01-27,Plus Monroe Warehouse,COMPLETED,GUILLOTINE (2ND SHIFT),Posted,2026-01-28,5:10AM,,18:50:00,LBS,10089.0,10089.0,0.0,Plus Materials,,49.07,49.06,0.0,,,1,0,CARL,,2026-09-17T13:18:36,2026-09-17T13:18:36
12432,2026-01-27,Monroe Processing Warehouse,COMPLETED,SHREDDER/GRINDER (2ND SHIFT),Posted,2026-01-28,5:10AM,,18:50:00,LBS,3674.0,3674.0,0.0,Plus Materials,,281.0644,281.07,0.0,,,5,0,CARL,,2026-09-17T13:18:36,2026-09-17T13:18:36
12438,2026-01-27,Plus Monroe Warehouse,COMPLETED,EXTRUDER (3RD SHIFT),Posted,2026-01-28,5:11AM,,18:49:00,LBS,6630.0,6630.0,0.0,Plus Materials,,-36.7679,-36.77,0.0,,,0,0,CARL,,2026-09-17T13:18:36,2026-09-17T13:18:36
12440,2026-01-27,Plus Monroe Warehouse,COMPLETED,GUILLOTINE (3RD SHIFT),Posted,2026-01-28,5:12AM,,18:48:00,LBS,10120.0,10120.0,0.0,Plus Materials,,-16.5822,-16.58,0.0,,,7,0,CARL,,2026-09-17T13:18:36,2026-09-17T13:18:36
12444,2026-01-27,PRN Southeast,COMPLETED,BALER,Posted,2026-01-28,5:12AM,,18:48:00,LBS,3520.0,3455.0,65.0,Plus Materials,,216.03,392.03,176.0,,,9,2,CARL,,2026-09-17T13:18:36,2026-09-17T13:18:36
12445,2026-01-28,Plus Monroe Warehouse,COMPLETED,AUTO-TIE BALER (1ST SHIFT),Posted,2026-01-29,5:54AM,,18:06:00,LBS,6707.0,6707.0,0.0,Plus Materials,,52.9144,52.91,0.0,,,2,6,CARL,,2026-09-17T13:18:36,2026-09-17T13:18:36
12449,2026-01-28,Plus Monroe Warehouse,COMPLETED,EXTRUDER (1ST SHIFT),Posted,2026-01-29,5:55AM,,18:05:00,LBS,10006.0,10006.0,0.0,Plus Materials,,0.0,0.0,0.0,,,12,0,CARL,,2026-09-17T13:18:36,2026-09-17T13:18:36
12451,2026-01-28,Plus Monroe Warehouse,COMPLETED,GUILLOTINE (1ST SHIFT),Posted,2026-01-29,5:55AM,,18:05:00,LBS,10754.0,10754.0,0.0,Plus Materials,,12.3827,12.37,0.0,,,0,0,CARL,,2026-09-17T13:18:36,2026-09-17T13:18:36
12453,2026-01-28,Monroe Processing Warehouse,COMPLETED,SHREDDER/GRINDER (1ST SHIFT),Posted,2026-01-29,5:55AM,,18:05:00,LBS,4406.0,4406.0,0.0,Plus Materials,,132.18,132.18,0.0,,,0,0,CARL,,2026-09-17T13:18:36,2026-09-17T13:18:36
12455,2026-01-28,Plus Monroe Warehouse,COMPLETED,AUTO-TIE BALER (2ND SHIFT),Posted,2026-01-29,5:56AM,,18:04:00,LBS,6334.0,6334.0,0.0,Plus Materials,,166.2673,166.27,0.0,,,5,0,CARL,,2026-09-17T13:18:36,2026-09-17T13:18:36
12459,2026-01-28,Plus Monroe Warehouse,COMPLETED,EXTRUDER (2ND SHIFT),Posted,2026-01-29,5:56AM,,18:04:00,LBS,8616.0,8616.0,0.0,Plus Materials,,689.28,689.28,0.0,,,46,0,CARL,,2026-09-17T13:18:36,2026-09-17T13:18:36
12461,2026-01-28,Plus Monroe Warehouse,COMPLETED,GUILLOTINE (2ND SHIFT),Posted,2026-01-29,5:56AM,,18:04:00,LBS,9822.0,9822.0,0.0,Plus Materials,,390.3091,390.31,0.0,,,33,0,CARL,,2026-09-17T13:18:36,2026-09-17T13:18:36
12463,2026-01-28,Monroe Processing Warehouse,COMPLETED,SHREDDER/GRINDER (2ND SHIFT),Posted,2026-01-29,5:57AM,,18:03:00,LBS,3489.0,3489.0,0.0,Plus Materials,,104.67,104.67,0.0,,,0,0,CARL,,2026-09-17T13:18:36,2026-09-17T13:18:36
12469,2026-01-28,Plus Monroe Warehouse,COMPLETED,EXTRUDER (3RD SHIFT),Posted,2026-01-29,5:58AM,,18:02:00,LBS,5636.0,5636.0,0.0,Plus Materials,,718.041,718.04,0.0,,,48,0,CARL,,2026-09-17T13:18:36,2026-09-17T13:18:36
12471,2026-01-28,Plus Monroe Warehouse,COMPLETED,GUILLOTINE (3RD SHIFT),Posted,2026-01-29,5:58AM,,18:02:00,LBS,3340.0,3340.0,0.0,Plus Materials,,267.2,267.2,0.0,,,0,0,CARL,,2026-09-17T13:18:36,2026-09-17T13:18:36
12475,2026-01-28,PRN Southeast,COMPLETED,BALER,Posted,2026-01-30,5:59AM,,18:01:00,LBS,6607.0,6585.0,22.0,Plus Materials,,230.9,561.25,330.35,,,7,8,CARL,,2026-09-17T13:18:36,2026-09-17T13:18:36
12476,2026-01-29,Plus Monroe Warehouse,COMPLETED,AUTO-TIE BALER (1ST SHIFT),Posted,2026-01-30,5:59AM,,18:01:00,LBS,1147.0,1147.0,0.0,Plus Materials,,22.94,22.94,0.0,,,0,1,CARL,,2026-09-17T13:18:36,2026-09-17T13:18:36
12477,2026-01-29,Plus Monroe Warehouse,COMPLETED,AVANGARD (OLD) (1ST SHIFT),Posted,2026-01-30,5:59AM,,18:01:00,LBS,1293.0,1293.0,0.0,Plus Materials,,0.0,0.0,0.0,,,0,1,CARL,,2026-09-17T13:18:36,2026-09-17T13:18:36
12480,2026-01-29,Plus Monroe Warehouse,COMPLETED,EXTRUDER (1ST SHIFT),Posted,2026-01-30,6:00AM,,18:00:00,LBS,10282.0,10282.0,0.0,Plus Materials,,822.56,822.56,0.0,,,0,0,CARL,,2026-09-17T13:18:36,2026-09-17T13:18:36
12482,2026-01-29,Plus Monroe Warehouse,COMPLETED,GUILLOTINE (1ST SHIFT),Posted,2026-01-30,6:00AM,,18:00:00,LBS,11762.0,11762.0,0.0,Plus Materials,,874.9203,874.93,0.0,,,9,0,CARL,,2026-09-17T13:18:36,2026-09-17T13:18:36
12484,2026-01-29,Monroe Processing Warehouse,COMPLETED,SHREDDER/GRINDER (1ST SHIFT),Posted,2026-01-30,6:00AM,,18:00:00,LBS,3850.0,3850.0,0.0,Plus Materials,,115.5,115.5,0.0,,,0,0,CARL,,2026-09-17T13:18:36,2026-09-17T13:18:36
12486,2026-01-29,Plus Monroe Warehouse,COMPLETED,AUTO-TIE BALER (2ND SHIFT),Posted,2026-01-30,6:01AM,,17:59:00,LBS,6430.0,6430.0,0.0,Plus Materials,,649.1044,649.11,0.0,,,8,0,CARL,,2026-09-17T13:18:36,2026-09-17T13:18:36
12490,2026-01-29,Plus Monroe Warehouse,COMPLETED,EXTRUDER (2ND SHIFT),Posted,2026-01-30,6:02AM,,17:58:00,LBS,8802.0,8802.0,0.0,Plus Materials,,704.16,704.16,0.0,,,0,0,CARL,,2026-09-17T13:18:36,2026-09-17T13:18:36
12492,2026-01-29,Plus Monroe Warehouse,COMPLETED,GUILLOTINE (2ND SHIFT),Posted,2026-01-30,6:02AM,,17:58:00,LBS,10811.0,10811.0,0.0,Plus Materials,,798.2384,798.23,0.0,,,0,0,CARL,,2026-09-17T13:18:36,2026-09-17T13:18:36
12494,2026-01-29,Monroe Processing Warehouse,COMPLETED,SHREDDER/GRINDER (2ND SHIFT),Posted,2026-01-30,6:02AM,,17:58:00,LBS,3999.0,3999.0,0.0,Plus Materials,,270.8779,270.88,0.0,,,0,0,CARL,,2026-09-17T13:18:36,2026-09-17T13:18:36
12500,2026-01-29,Plus Monroe Warehouse,COMPLETED,EXTRUDER (3RD SHIFT),Posted,2026-01-30,6:03AM,,17:57:00,LBS,6010.0,6010.0,0.0,Plus Materials,,601.0,601.0,0.0,,,12,0,CARL,,2026-09-17T13:18:36,2026-09-17T13:18:36
12502,2026-01-29,Plus Monroe Warehouse,COMPLETED,GUILLOTINE (3RD SHIFT),Posted,2026-01-30,6:03AM,,17:57:00,LBS,10475.0,10475.0,0.0,Plus Materials,,1047.5,1047.5,0.0,,,195,0,CARL,,2026-09-17T13:18:36,2026-09-17T13:18:36
12507,2026-01-30,Plus Monroe Warehouse,COMPLETED,AUTO-TIE BALER (1ST SHIFT),Posted,2026-02-02,5:56AM,,18:04:00,LBS,9046.0,9046.0,0.0,Plus Materials,,427.7902,427.78,0.0,,,5,6,CARL,,2026-09-17T13:18:36,2026-09-17T13:18:36
12511,2026-01-30,Plus Monroe Warehouse,COMPLETED,EXTRUDER (1ST SHIFT),Posted,2026-02-02,5:57AM,,18:03:00,LBS,8544.0,8544.0,0.0,Plus Materials,,854.4,854.4,0.0,,,213,0,CARL,,2026-09-17T13:18:36,2026-09-17T13:18:36
12513,2026-01-30,Plus Monroe Warehouse,COMPLETED,GUILLOTINE (1ST SHIFT),Posted,2026-02-02,5:57AM,,18:03:00,LBS,9755.0,9755.0,0.0,Plus Materials,,755.3,755.29,0.0,,,9,0,CARL,,2026-09-17T13:18:36,2026-09-17T13:18:36
12515,2026-01-30,Monroe Processing Warehouse,COMPLETED,SHREDDER/GRINDER (1ST SHIFT),Posted,2026-02-02,5:57AM,,18:03:00,LBS,4050.0,4050.0,0.0,Plus Materials,,0.0,0.0,0.0,,,0,0,CARL,,2026-09-17T13:18:36,2026-09-17T13:18:36
12517,2026-01-30,Plus Monroe Warehouse,COMPLETED,AUTO-TIE BALER (2ND SHIFT),Posted,2026-02-02,5:58AM,,18:02:00,LBS,6340.0,6340.0,0.0,Plus Materials,,152.35,152.35,0.0,,,0,0,CARL,,2026-09-17T13:18:36,2026-09-17T13:18:36
12521,2026-01-30,Plus Monroe Warehouse,COMPLETED,EXTRUDER (2ND SHIFT),Posted,2026-02-02,5:58AM,,18:02:00,LBS,8954.0,8954.0,0.0,Plus Materials,,895.4,895.4,0.0,,,0,0,CARL,,2026-09-17T13:18:36,2026-09-17T13:18:36
12523,2026-01-30,Plus Monroe Warehouse,COMPLETED,GUILLOTINE (2ND SHIFT),Posted,2026-02-02,5:58AM,,18:02:00,LBS,7463.0,7463.0,0.0,Plus Materials,,393.4136,393.4,0.0,,,51,0,CARL,,2026-09-17T13:18:36,2026-09-17T13:18:36
12525,2026-01-30,Monroe Processing Warehouse,COMPLETED,SHREDDER/GRINDER (2ND SHIFT),Posted,2026-02-02,5:59AM,,18:01:00,LBS,2303.0,2303.0,0.0,Plus Materials,,138.8652,138.86,0.0,,,0,0,CARL,,2026-09-17T13:18:36,2026-09-17T13:18:36
12531,2026-01-30,Plus Monroe Warehouse,COMPLETED,EXTRUDER (3RD SHIFT),Posted,2026-02-02,6:00AM,,18:00:00,LBS,3256.0,3256.0,0.0,Plus Materials,,325.6,325.6,0.0,,,7,0,CARL,,2026-09-17T13:18:36,2026-09-17T13:18:36
12533,2026-01-30,Plus Monroe Warehouse,COMPLETED,GUILLOTINE (3RD SHIFT),Posted,2026-02-02,6:00AM,,18:00:00,LBS,5234.0,5234.0,0.0,Plus Materials,,261.7,261.7,0.0,,,0,0,CARL,,2026-09-17T13:18:36,2026-09-17T13:18:36
12537,2026-01-30,PRN Southeast,COMPLETED,BALER,Posted,2026-02-02,6:01AM,,17:59:00,LBS,2985.0,2000.0,985.0,Plus Materials,,211.02,211.02,0.0,,,9,0,CARL,,2026-09-17T13:18:36,2026-09-17T13:18:36
12538,2026-02-02,Plus Monroe Warehouse,COMPLETED,AUTO-TIE BALER (1ST SHIFT),Posted,2026-02-03,5:12AM,,18:48:00,LBS,2518.0,2518.0,0.0,Plus Materials,,251.8,251.8,0.0,,,0,3,CARL,,2026-09-17T13:18:36,2026-09-17T13:18:36
12539,2026-02-02,Plus Monroe Warehouse,COMPLETED,AVANGARD (OLD) (1ST SHIFT),Posted,2026-02-03,5:13AM,,18:47:00,LBS,1552.0,1552.0,0.0,Plus Materials,,0.0,0.0,0.0,,,0,0,CARL,,2026-09-17T13:18:36,2026-09-17T13:18:36
12542,2026-02-02,Plus Monroe Warehouse,COMPLETED,EXTRUDER (1ST SHIFT),Posted,2026-02-03,5:13AM,,18:47:00,LBS,8612.0,8612.0,0.0,Plus Materials,,430.6,430.6,0.0,,,0,0,CARL,,2026-09-17T13:18:36,2026-09-17T13:18:36
12544,2026-02-02,Plus Monroe Warehouse,COMPLETED,GUILLOTINE (1ST SHIFT),Posted,2026-02-03,5:13AM,,18:47:00,LBS,7417.0,7417.0,0.0,Plus Materials,,370.85,370.85,0.0,,,0,0,CARL,,2026-09-17T13:18:36,2026-09-17T13:18:36
12546,2026-02-02,Monroe Processing Warehouse,COMPLETED,SHREDDER/GRINDER (1ST SHIFT),Posted,2026-02-03,5:14AM,,18:46:00,LBS,6805.0,6805.0,0.0,Plus Materials,,0.0,0.0,0.0,,,1,0,CARL,,2026-09-17T13:18:36,2026-09-17T13:18:36
12548,2026-02-02,Plus Monroe Warehouse,COMPLETED,AUTO-TIE BALER (2ND SHIFT),Posted,2026-02-03,5:14AM,,18:46:00,LBS,3340.0,3340.0,0.0,Plus Materials,,167.0,167.0,0.0,,,0,0,CARL,,2026-09-17T13:18:36,2026-09-17T13:18:36
12552,2026-02-02,Plus Monroe Warehouse,COMPLETED,EXTRUDER (2ND SHIFT),Posted,2026-02-03,5:15AM,,18:45:00,LBS,5448.0,5448.0,0.0,Plus Materials,,272.4,272.4,0.0,,,0,0,CARL,,2026-09-17T13:18:36,2026-09-17T13:18:36
12554,2026-02-02,Plus Monroe Warehouse,COMPLETED,GUILLOTINE (2ND SHIFT),Posted,2026-02-03,5:15AM,,18:45:00,LBS,6181.0,6181.0,0.0,Plus Materials,,1236.2,1236.2,0.0,,,16,0,CARL,,2026-09-17T13:18:36,2026-09-17T13:18:36
12556,2026-02-02,Monroe Processing Warehouse,COMPLETED,SHREDDER/GRINDER (2ND SHIFT),Posted,2026-02-03,5:15AM,,18:45:00,LBS,3186.0,3186.0,0.0,Plus Materials,,0.0,0.0,0.0,,,0,0,CARL,,2026-09-17T13:18:36,2026-09-17T13:18:36
12562,2026-02-02,Plus Monroe Warehouse,COMPLETED,EXTRUDER (3RD SHIFT),Posted,2026-02-03,5:16AM,,18:44:00,LBS,6700.0,6700.0,0.0,Plus Materials,,1340.0,1340.0,0.0,,,0,0,CARL,,2026-09-17T13:18:36,2026-09-17T13:18:36
12564,2026-02-02,Plus Monroe Warehouse,COMPLETED,GUILLOTINE (3RD SHIFT),Posted,2026-02-03,5:17AM,,18:43:00,LBS,6734.0,6734.0,0.0,Plus Materials,,1346.8,1346.8,0.0,,,0,0,CARL,,2026-09-17T13:18:36,2026-09-17T13:18:36
12568,2026-02-03,Plus Monroe Warehouse,COMPLETED,AUTO-TIE BALER (1ST SHIFT),Posted,2026-02-04,5:47AM,,18:13:00,LBS,4034.0,4034.0,0.0,Plus Materials,,201.7,201.7,0.0,,,0,5,CARL,,2026-09-17T13:18:36,2026-09-17T13:18:36
12569,2026-02-03,Plus Monroe Warehouse,COMPLETED,AVANGARD (OLD) (1ST SHIFT),Posted,2026-02-04,5:48AM,,18:12:00,LBS,1509.0,1509.0,0.0,Plus Materials,,0.0,0.0,0.0,,,0,0,CARL,,2026-09-17T13:18:36,2026-09-17T13:18:36
12572,2026-02-03,Plus Monroe Warehouse,COMPLETED,EXTRUDER (1ST SHIFT),Posted,2026-02-04,5:48AM,,18:12:00,LBS,10358.0,10358.0,0.0,Plus Materials,,2071.6,2071.6,0.0,,,0,0,CARL,,2026-09-17T13:18:36,2026-09-17T13:18:36
12574,2026-02-03,Plus Monroe Warehouse,COMPLETED,GUILLOTINE (1ST SHIFT),Posted,2026-02-04,5:48AM,,18:12:00,LBS,7465.0,7465.0,0.0,Plus Materials,,373.25,373.25,0.0,,,53,0,CARL,,2026-09-17T13:18:36,2026-09-17T13:18:36
12576,2026-02-03,Monroe Processing Warehouse,COMPLETED,SHREDDER/GRINDER (1ST SHIFT),Posted,2026-02-04,5:49AM,,18:11:00,LBS,6587.0,6587.0,0.0,Plus Materials,,65.87,65.87,0.0,,,45,0,CARL,,2026-09-17T13:18:36,2026-09-17T13:18:36
12578,2026-02-03,Plus Monroe Warehouse,COMPLETED,AUTO-TIE BALER (2ND SHIFT),Posted,2026-02-04,5:49AM,,18:11:00,LBS,4894.0,4894.0,0.0,Plus Materials,,244.7,244.7,0.0,,,0,0,CARL,,2026-09-17T13:18:36,2026-09-17T13:18:36
12582,2026-02-03,Plus Monroe Warehouse,COMPLETED,EXTRUDER (2ND SHIFT),Posted,2026-02-04,5:49AM,,18:11:00,LBS,8254.0,8254.0,0.0,Plus Materials,,412.7,412.7,0.0,,,0,0,CARL,,2026-09-17T13:18:36,2026-09-17T13:18:36
12584,2026-02-03,Plus Monroe Warehouse,COMPLETED,GUILLOTINE (2ND SHIFT),Posted,2026-02-04,5:50AM,,18:10:00,LBS,7142.0,7142.0,0.0,Plus Materials,,357.1,357.1,0.0,,,0,0,CARL,,2026-09-17T13:18:36,2026-09-17T13:18:36
12586,2026-02-03,Monroe Processing Warehouse,COMPLETED,SHREDDER/GRINDER (2ND SHIFT),Posted,2026-02-04,5:50AM,,18:10:00,LBS,2732.0,2732.0,0.0,Plus Materials,,154.3539,154.35,0.0,,,0,0,CARL,,2026-09-17T13:18:36,2026-09-17T13:18:36
12592,2026-02-03,Plus Monroe Warehouse,COMPLETED,EXTRUDER (3RD SHIFT),Posted,2026-02-04,5:51AM,,18:09:00,LBS,6294.0,6294.0,0.0,Plus Materials,,314.7,314.7,0.0,,,0,0,CARL,,2026-09-17T13:18:36,2026-09-17T13:18:36
12594,2026-02-03,Plus Monroe Warehouse,COMPLETED,GUILLOTINE (3RD SHIFT),Posted,2026-02-04,5:51AM,,18:09:00,LBS,7064.0,7064.0,0.0,Plus Materials,,1412.8,1412.8,0.0,,,36,0,CARL,,2026-09-17T13:18:36,2026-09-17T13:18:36
12598,2026-02-03,PRN Southeast,COMPLETED,BALER,Posted,2026-02-04,5:52AM,,18:08:00,LBS,11125.0,23772.0,-12647.0,Plus Materials,,676.9,1233.16,556.25,,,41,18,CARL,,2026-09-17T13:18:36,2026-09-17T13:18:36
12599,2026-02-04,Plus Monroe Warehouse,COMPLETED,AUTO-TIE BALER (1ST SHIFT),Posted,2026-02-05,6:01AM,,17:59:00,LBS,7005.0,7005.0,0.0,Plus Materials,,1401.0,1401.0,0.0,,,0,8,CARL,,2026-09-17T13:18:36,2026-09-17T13:18:36
12600,2026-02-04,Plus Monroe Warehouse,COMPLETED,AVANGARD (OLD) (1ST SHIFT),Posted,2026-02-05,6:01AM,,17:59:00,LBS,1015.0,1015.0,0.0,Plus Materials,,0.0,0.0,0.0,,,0,0,CARL,,2026-09-17T13:18:36,2026-09-17T13:18:36
12603,2026-02-04,Plus Monroe Warehouse,COMPLETED,EXTRUDER (1ST SHIFT),Posted,2026-02-05,6:01AM,,17:59:00,LBS,8078.0,8078.0,0.0,Plus Materials,,1615.6,1615.6,0.0,,,0,0,CARL,,2026-09-17T13:18:36,2026-09-17T13:18:36
12605,2026-02-04,Plus Monroe Warehouse,COMPLETED,GUILLOTINE (1ST SHIFT),Posted,2026-02-05,6:02AM,,17:58:00,LBS,12587.0,12587.0,0.0,Plus Materials,,629.35,629.35,0.0,,,42,0,CARL,,2026-09-17T13:18:36,2026-09-17T13:18:36
12607,2026-02-04,Monroe Processing Warehouse,COMPLETED,SHREDDER/GRINDER (1ST SHIFT),Posted,2026-02-05,6:02AM,,17:58:00,LBS,3286.0,3286.0,0.0,Plus Materials,,131.44,131.44,0.0,,,0,2,CARL,,2026-09-17T13:18:36,2026-09-17T13:18:36
12609,2026-02-04,Plus Monroe Warehouse,COMPLETED,AUTO-TIE BALER (2ND SHIFT),Posted,2026-02-05,6:02AM,,17:58:00,LBS,5605.0,5605.0,0.0,Plus Materials,,280.25,280.25,0.0,,,0,0,CARL,,2026-09-17T13:18:36,2026-09-17T13:18:36
12613,2026-02-04,Plus Monroe Warehouse,COMPLETED,EXTRUDER (2ND SHIFT),Posted,2026-02-05,6:03AM,,17:57:00,LBS,8576.0,8576.0,0.0,Plus Materials,,428.8,428.8,0.0,,,0,0,CARL,,2026-09-17T13:18:36,2026-09-17T13:18:36
12615,2026-02-04,Plus Monroe Warehouse,COMPLETED,GUILLOTINE (2ND SHIFT),Posted,2026-02-05,6:03AM,,17:57:00,LBS,6941.0,6941.0,0.0,Plus Materials,,347.05,347.05,0.0,,,0,0,CARL,,2026-09-17T13:18:36,2026-09-17T13:18:36
12617,2026-02-04,Monroe Processing Warehouse,COMPLETED,SHREDDER/GRINDER (2ND SHIFT),Posted,2026-02-05,6:04AM,,17:56:00,LBS,3305.0,3305.0,0.0,Plus Materials,,33.05,33.05,0.0,,,0,0,CARL,,2026-09-17T13:18:36,2026-09-17T13:18:36
12623,2026-02-04,Plus Monroe Warehouse,COMPLETED,EXTRUDER (3RD SHIFT),Posted,2026-02-05,6:04AM,,17:56:00,LBS,5001.0,5001.0,0.0,Plus Materials,,125.025,125.03,0.0,,,44,0,CARL,,2026-09-17T13:18:36,2026-09-17T13:18:36
12625,2026-02-04,Plus Monroe Warehouse,COMPLETED,GUILLOTINE (3RD SHIFT),Posted,2026-02-05,6:05AM,,17:55:00,LBS,6035.0,6035.0,0.0,Plus Materials,,150.8761,150.88,0.0,,,0,0,CARL,,2026-09-17T13:18:36,2026-09-17T13:18:36
12630,2026-02-05,Plus Monroe Warehouse,COMPLETED,AUTO-TIE BALER (1ST SHIFT),Posted,2026-02-06,5:53AM,,18:07:00,LBS,5992.0,5992.0,0.0,Plus Materials,,149.8,149.81,0.0,,,0,7,CARL,,2026-09-17T13:18:36,2026-09-17T13:18:36
12631,2026-02-05,Plus Monroe Warehouse,COMPLETED,AVANGARD (OLD) (1ST SHIFT),Posted,2026-02-06,5:53AM,,18:07:00,LBS,1205.0,1205.0,0.0,Plus Materials,,0.0,0.0,0.0,,,0,0,CARL,,2026-09-17T13:18:36,2026-09-17T13:18:36
12634,2026-02-05,Plus Monroe Warehouse,COMPLETED,EXTRUDER (1ST SHIFT),Posted,2026-02-06,5:53AM,,18:07:00,LBS,8760.0,8760.0,0.0,Plus Materials,,219.0,219.0,0.0,,,0,0,CARL,,2026-09-17T13:18:36,2026-09-17T13:18:36
12636,2026-02-05,Plus Monroe Warehouse,COMPLETED,GUILLOTINE (1ST SHIFT),Posted,2026-02-06,5:54AM,,18:06:00,LBS,11788.0,11788.0,0.0,Plus Materials,,0.0,0.0,0.0,,,1,0,CARL,,2026-09-17T13:18:36,2026-09-17T13:18:36
12638,2026-02-05,Monroe Processing Warehouse,COMPLETED,SHREDDER/GRINDER (1ST SHIFT),Posted,2026-02-06,5:54AM,,18:06:00,LBS,6325.0,6325.0,0.0,Plus Materials,,63.25,63.25,0.0,,,0,0,CARL,,2026-09-17T13:18:36,2026-09-17T13:18:36
12640,2026-02-05,Plus Monroe Warehouse,COMPLETED,AUTO-TIE BALER (2ND SHIFT),Posted,2026-02-06,5:54AM,,18:06:00,LBS,4613.0,4613.0,0.0,Plus Materials,,69.545,69.54,0.0,,,0,0,CARL,,2026-09-17T13:18:36,2026-09-17T13:18:36
12644,2026-02-05,Plus Monroe Warehouse,COMPLETED,EXTRUDER (2ND SHIFT),Posted,2026-02-06,5:55AM,,18:05:00,LBS,9054.0,9054.0,0.0,Plus Materials,,226.35,226.35,0.0,,,32,0,CARL,,2026-09-17T13:18:36,2026-09-17T13:18:36
12646,2026-02-05,Plus Monroe Warehouse,COMPLETED,GUILLOTINE (2ND SHIFT),Posted,2026-02-06,5:55AM,,18:05:00,LBS,8724.0,8724.0,0.0,Plus Materials,,218.1,218.1,0.0,,,0,0,CARL,,2026-09-17T13:18:36,2026-09-17T13:18:36
12648,2026-02-05,Monroe Processing Warehouse,COMPLETED,SHREDDER/GRINDER (2ND SHIFT),Posted,2026-02-06,5:55AM,,18:05:00,LBS,3198.0,3198.0,0.0,Plus Materials,,31.98,31.98,0.0,,,0,0,CARL,,2026-09-17T13:18:36,2026-09-17T13:18:36
12654,2026-02-05,Plus Monroe Warehouse,COMPLETED,EXTRUDER (3RD SHIFT),Posted,2026-02-06,5:56AM,,18:04:00,LBS,6344.0,6344.0,0.0,Plus Materials,,158.6,158.6,0.0,,,0,0,CARL,,2026-09-17T13:18:36,2026-09-17T13:18:36
12656,2026-02-05,Plus Monroe Warehouse,COMPLETED,GUILLOTINE (3RD SHIFT),Posted,2026-02-06,5:57AM,,18:03:00,LBS,8037.0,8037.0,0.0,Plus Materials,,401.85,401.85,0.0,,,43,0,CARL,,2026-09-17T13:18:36,2026-09-17T13:18:36
12660,2026-02-05,PRN Southeast,COMPLETED,BALER,Posted,2026-02-06,10:23AM,,13:37:00,LBS,12895.0,9240.0,3655.0,Plus Materials,,762.43,1407.19,644.75,,,34,6,CARL,,2026-09-17T13:18:36,2026-09-17T13:18:36
12661,2026-02-06,Plus Monroe Warehouse,COMPLETED,AUTO-TIE BALER (1ST SHIFT),Posted,2026-02-09,5:48AM,,18:12:00,LBS,7085.0,7085.0,0.0,Plus Materials,,410.4773,410.47,0.0,,,17,6,CARL,,2026-09-17T13:18:36,2026-09-17T13:18:36
12662,2026-02-06,Plus Monroe Warehouse,COMPLETED,AVANGARD (OLD) (1ST SHIFT),Posted,2026-02-09,5:48AM,,18:12:00,LBS,855.0,855.0,0.0,Plus Materials,,0.0,0.0,0.0,,,0,0,CARL,,2026-09-17T13:18:36,2026-09-17T13:18:36
12665,2026-02-06,Plus Monroe Warehouse,COMPLETED,EXTRUDER (1ST SHIFT),Posted,2026-02-09,5:48AM,,18:12:00,LBS,10210.0,10210.0,0.0,Plus Materials,,510.5,510.5,0.0,,,0,0,CARL,,2026-09-17T13:18:36,2026-09-17T13:18:36
12667,2026-02-06,Plus Monroe Warehouse,COMPLETED,GUILLOTINE (1ST SHIFT),Posted,2026-02-09,5:49AM,,18:11:00,LBS,9111.0,9111.0,0.0,Plus Materials,,455.55,455.55,0.0,,,0,0,CARL,,2026-09-17T13:18:36,2026-09-17T13:18:36
12669,2026-02-06,Monroe Processing Warehouse,COMPLETED,SHREDDER/GRINDER (1ST SHIFT),Posted,2026-02-09,5:49AM,,18:11:00,LBS,9753.0,9753.0,0.0,Plus Materials,,97.53,97.53,0.0,,,44,0,CARL,,2026-09-17T13:18:36,2026-09-17T13:18:36
12671,2026-02-06,Plus Monroe Warehouse,COMPLETED,AUTO-TIE BALER (2ND SHIFT),Posted,2026-02-09,5:49AM,,18:11:00,LBS,4001.0,4001.0,0.0,Plus Materials,,200.05,200.05,0.0,,,0,0,CARL,,2026-09-17T13:18:36,2026-09-17T13:18:36
12675,2026-02-06,Plus Monroe Warehouse,COMPLETED,EXTRUDER (2ND SHIFT),Posted,2026-02-09,5:50AM,,18:10:00,LBS,6962.0,6962.0,0.0,Plus Materials,,348.1,348.1,0.0,,,0,0,CARL,,2026-09-17T13:18:36,2026-09-17T13:18:36
12677,2026-02-06,Plus Monroe Warehouse,COMPLETED,GUILLOTINE (2ND SHIFT),Posted,2026-02-09,5:50AM,,18:10:00,LBS,4594.0,4594.0,0.0,Plus Materials,,0.0,0.0,0.0,,,0,0,CARL,,2026-09-17T13:18:36,2026-09-17T13:18:36
12679,2026-02-06,Monroe Processing Warehouse,COMPLETED,SHREDDER/GRINDER (2ND SHIFT),Posted,2026-02-09,5:50AM,,18:10:00,LBS,3427.0,3427.0,0.0,Plus Materials,,34.27,34.27,0.0,,,0,0,CARL,,2026-09-17T13:18:36,2026-09-17T13:18:36
12685,2026-02-06,Plus Monroe Warehouse,COMPLETED,EXTRUDER (3RD SHIFT),Posted,2026-02-09,5:51AM,,18:09:00,LBS,5188.0,5188.0,0.0,Plus Materials,,259.4,259.4,0.0,,,0,0,CARL,,2026-09-17T13:18:36,2026-09-17T13:18:36
12691,2026-02-06,PRN Southeast,COMPLETED,BALER,Posted,2026-02-09,5:52AM,,18:08:00,LBS,6935.0,8310.0,-1375.0,Plus Materials,,303.64,650.39,346.75,,,16,7,CARL,,2026-09-17T13:18:36,2026-09-17T13:18:36
12692,2026-02-09,Plus Monroe Warehouse,COMPLETED,AUTO-TIE BALER (1ST SHIFT),Posted,2026-02-10,5:15AM,,18:45:00,LBS,7957.0,7957.0,0.0,Plus Materials,,39.785,39.81,0.0,,,11,9,CARL,,2026-09-17T13:18:36,2026-09-17T13:18:36
12693,2026-02-09,Plus Monroe Warehouse,COMPLETED,AVANGARD (OLD) (1ST SHIFT),Posted,2026-02-10,5:15AM,,18:45:00,LBS,1725.0,1725.0,0.0,Plus Materials,,31.2909,31.29,0.0,,,23,0,CARL,,2026-09-17T13:18:36,2026-09-17T13:18:36
12696,2026-02-09,Plus Monroe Warehouse,COMPLETED,EXTRUDER (1ST SHIFT),Posted,2026-02-10,5:15AM,,18:45:00,LBS,6348.0,6348.0,0.0,Plus Materials,,63.48,63.48,0.0,,,1,0,CARL,,2026-09-17T13:18:36,2026-09-17T13:18:36
12698,2026-02-09,Plus Monroe Warehouse,COMPLETED,GUILLOTINE (1ST SHIFT),Posted,2026-02-10,5:16AM,,18:44:00,LBS,7243.0,7243.0,0.0,Plus Materials,,-32.51,-32.51,0.0,,,0,0,CARL,,2026-09-17T13:18:36,2026-09-17T13:18:36
12700,2026-02-09,Monroe Processing Warehouse,COMPLETED,SHREDDER/GRINDER (1ST SHIFT),Posted,2026-02-10,5:16AM,,18:44:00,LBS,1125.0,1125.0,0.0,Plus Materials,,202.5,202.5,0.0,,,0,0,CARL,,2026-09-17T13:18:36,2026-09-17T13:18:36
12702,2026-02-09,Plus Monroe Warehouse,COMPLETED,AUTO-TIE BALER (2ND SHIFT),Posted,2026-02-10,5:17AM,,18:43:00,LBS,4240.0,4240.0,0.0,Plus Materials,,21.2035,21.22,0.0,,,0,0,CARL,,2026-09-17T13:18:36,2026-09-17T13:18:36
12706,2026-02-09,Plus Monroe Warehouse,COMPLETED,EXTRUDER (2ND SHIFT),Posted,2026-02-10,5:17AM,,18:43:00,LBS,5842.0,5842.0,0.0,Plus Materials,,58.42,58.42,0.0,,,0,0,CARL,,2026-09-17T13:18:36,2026-09-17T13:18:36
12708,2026-02-09,Plus Monroe Warehouse,COMPLETED,GUILLOTINE (2ND SHIFT),Posted,2026-02-10,5:17AM,,18:43:00,LBS,6538.0,6538.0,0.0,Plus Materials,,-116.86,-116.86,0.0,,,4,0,CARL,,2026-09-17T13:18:36,2026-09-17T13:18:36
12710,2026-02-09,Monroe Processing Warehouse,COMPLETED,SHREDDER/GRINDER (2ND SHIFT),Posted,2026-02-10,5:18AM,,18:42:00,LBS,997.0,997.0,0.0,Plus Materials,,179.46,179.46,0.0,,,0,0,CARL,,2026-09-17T13:18:36,2026-09-17T13:18:36
12716,2026-02-09,Plus Monroe Warehouse,COMPLETED,EXTRUDER (3RD SHIFT),Posted,2026-02-10,5:19AM,,18:41:00,LBS,3718.0,3718.0,0.0,Plus Materials,,92.9453,92.95,0.0,,,0,0,CARL,,2026-09-17T13:18:36,2026-09-17T13:18:36
12718,2026-02-09,Plus Monroe Warehouse,COMPLETED,GUILLOTINE (3RD SHIFT),Posted,2026-02-10,5:19AM,,18:41:00,LBS,6470.0,6470.0,0.0,Plus Materials,,-452.9,-452.9,0.0,,,0,0,CARL,,2026-09-17T13:18:36,2026-09-17T13:18:36
12723,2026-02-10,Plus Monroe Warehouse,COMPLETED,AUTO-TIE BALER (1ST SHIFT),Posted,2026-02-11,6:02AM,,17:58:00,LBS,5252.0,5252.0,0.0,Plus Materials,,206.7,206.71,0.0,,,5,6,CARL,,2026-09-17T13:18:36,2026-09-17T13:18:36
12727,2026-02-10,Plus Monroe Warehouse,COMPLETED,EXTRUDER (1ST SHIFT),Posted,2026-02-11,6:02AM,,17:58:00,LBS,8914.0,8914.0,0.0,Plus Materials,,445.7,445.7,0.0,,,12,0,CARL,,2026-09-17T13:18:36,2026-09-17T13:18:36
12729,2026-02-10,Plus Monroe Warehouse,COMPLETED,GUILLOTINE (1ST SHIFT),Posted,2026-02-11,6:03AM,,17:57:00,LBS,2403.0,7123.0,-4720.0,Plus Materials,,480.6,480.61,0.0,,,0,0,CARL,,2026-09-17T13:18:36,2026-09-17T13:18:36
12731,2026-02-10,Monroe Processing Warehouse,COMPLETED,SHREDDER/GRINDER (1ST SHIFT),Posted,2026-02-11,6:03AM,,17:57:00,LBS,5760.0,5760.0,0.0,Plus Materials,,67.5316,67.53,0.0,,,9,0,CARL,,2026-09-17T13:18:36,2026-09-17T13:18:36
12733,2026-02-10,Plus Monroe Warehouse,COMPLETED,AUTO-TIE BALER (2ND SHIFT),Posted,2026-02-11,6:04AM,,17:56:00,LBS,1754.0,1754.0,0.0,Plus Materials,,175.4,175.4,0.0,,,0,0,CARL,,2026-09-17T13:18:36,2026-09-17T13:18:36
12737,2026-02-10,Plus Monroe Warehouse,COMPLETED,EXTRUDER (2ND SHIFT),Posted,2026-02-11,6:04AM,,17:56:00,LBS,7154.0,7154.0,0.0,Plus Materials,,500.78,500.78,0.0,,,15,0,CARL,,2026-09-17T13:18:36,2026-09-17T13:18:36
12739,2026-02-10,Plus Monroe Warehouse,COMPLETED,GUILLOTINE (2ND SHIFT),Posted,2026-02-11,6:04AM,,17:56:00,LBS,5199.0,5199.0,0.0,Plus Materials,,259.95,259.95,0.0,,,0,0,CARL,,2026-09-17T13:18:36,2026-09-17T13:18:36
12741,2026-02-10,Monroe Processing Warehouse,COMPLETED,SHREDDER/GRINDER (2ND SHIFT),Posted,2026-02-11,6:05AM,,17:55:00,LBS,5931.0,5931.0,0.0,Plus Materials,,59.31,59.31,0.0,,,0,0,CARL,,2026-09-17T13:18:36,2026-09-17T13:18:36
12747,2026-02-10,Plus Monroe Warehouse,COMPLETED,EXTRUDER (3RD SHIFT),Posted,2026-02-11,6:06AM,,17:54:00,LBS,5112.0,5112.0,0.0,Plus Materials,,287.025,287.02,0.0,,,2,0,CARL,,2026-09-17T13:18:36,2026-09-17T13:18:36
12749,2026-02-10,Plus Monroe Warehouse,COMPLETED,GUILLOTINE (3RD SHIFT),Posted,2026-02-11,6:06AM,,17:54:00,LBS,10173.0,10173.0,0.0,Plus Materials,,337.75,337.75,0.0,,,206,0,CARL,,2026-09-17T13:18:36,2026-09-17T13:18:36
12753,2026-02-10,PRN Southeast,COMPLETED,BALER,Posted,2026-02-11,6:07AM,,17:53:00,LBS,9568.0,7895.0,1673.0,Plus Materials,,315.94,794.35,478.4,,,30,6,CARL,,2026-09-17T13:18:36,2026-09-17T13:18:36
12754,2026-02-11,Plus Monroe Warehouse,COMPLETED,AUTO-TIE BALER (1ST SHIFT),Posted,2026-02-12,5:55AM,,18:05:00,LBS,8877.0,8877.0,0.0,Plus Materials,,2.77,2.77,0.0,,,10,8,CARL,,2026-09-17T13:18:36,2026-09-17T13:18:36
12755,2026-02-11,Plus Monroe Warehouse,COMPLETED,AVANGARD (OLD) (1ST SHIFT),Posted,2026-02-12,5:55AM,,18:05:00,LBS,2289.0,2289.0,0.0,Plus Materials,,172.1464,172.15,0.0,,,24,0,CARL,,2026-09-17T13:18:36,2026-09-17T13:18:36
12758,2026-02-11,Plus Monroe Warehouse,COMPLETED,EXTRUDER (1ST SHIFT),Posted,2026-02-12,5:55AM,,18:05:00,LBS,7000.0,7000.0,0.0,Plus Materials,,0.0,0.0,0.0,,,13,0,CARL,,2026-09-17T13:18:36,2026-09-17T13:18:36
12760,2026-02-11,Plus Monroe Warehouse,COMPLETED,GUILLOTINE (1ST SHIFT),Posted,2026-02-12,5:56AM,,18:04:00,LBS,5496.0,5496.0,0.0,Plus Materials,,94.36,94.36,0.0,,,3,0,CARL,,2026-09-17T13:18:36,2026-09-17T13:18:36
12761,2026-02-11,Plus Monroe Warehouse,COMPLETED,SHREDDER (1ST SHIFT),Posted,2026-02-12,5:56AM,,18:04:00,LBS,1554.0,1554.0,0.0,Plus Materials,,15.54,15.54,0.0,,,0,14,CARL,,2026-09-17T13:18:36,2026-09-17T13:18:36
12762,2026-02-11,Monroe Processing Warehouse,COMPLETED,SHREDDER/GRINDER (1ST SHIFT),Posted,2026-02-12,5:56AM,,18:04:00,LBS,5677.0,5677.0,0.0,Plus Materials,,342.61,342.62,0.0,,,56,0,CARL,,2026-09-17T13:18:36,2026-09-17T13:18:36
12764,2026-02-11,Plus Monroe Warehouse,COMPLETED,AUTO-TIE BALER (2ND SHIFT),Posted,2026-02-12,5:56AM,,18:04:00,LBS,6706.0,6706.0,0.0,Plus Materials,,469.42,469.42,0.0,,,0,0,CARL,,2026-09-17T13:18:36,2026-09-17T13:18:36
12768,2026-02-11,Plus Monroe Warehouse,COMPLETED,EXTRUDER (2ND SHIFT),Posted,2026-02-12,5:57AM,,18:03:00,LBS,5044.0,5044.0,0.0,Plus Materials,,0.0,0.0,0.0,,,0,0,CARL,,2026-09-17T13:18:36,2026-09-17T13:18:36
12770,2026-02-11,Plus Monroe Warehouse,COMPLETED,GUILLOTINE (2ND SHIFT),Posted,2026-02-12,5:57AM,,18:03:00,LBS,5532.0,5532.0,0.0,Plus Materials,,387.24,387.24,0.0,,,0,0,CARL,,2026-09-17T13:18:36,2026-09-17T13:18:36
12772,2026-02-11,Monroe Processing Warehouse,COMPLETED,SHREDDER/GRINDER (2ND SHIFT),Posted,2026-02-12,5:57AM,,18:03:00,LBS,9074.0,9074.0,0.0,Plus Materials,,0.0,0.0,0.0,,,30,0,CARL,,2026-09-17T13:18:36,2026-09-17T13:18:36
12778,2026-02-11,Plus Monroe Warehouse,COMPLETED,EXTRUDER (3RD SHIFT),Posted,2026-02-12,5:58AM,,18:02:00,LBS,6442.0,6442.0,0.0,Plus Materials,,0.0,0.0,0.0,,,13,0,CARL,,2026-09-17T13:18:36,2026-09-17T13:18:36
12780,2026-02-11,Plus Monroe Warehouse,COMPLETED,GUILLOTINE (3RD SHIFT),Posted,2026-02-12,5:59AM,,18:01:00,LBS,7584.0,7584.0,0.0,Plus Materials,,12.92,12.92,0.0,,,15,0,CARL,,2026-09-17T13:18:36,2026-09-17T13:18:36
12784,2026-02-11,PRN Southeast,COMPLETED,BALER,Posted,2026-02-12,5:59AM,,18:01:00,LBS,1974.0,2550.0,-576.0,Plus Materials,,79.2,177.9,98.7,,,7,2,CARL,,2026-09-17T13:18:36,2026-09-17T13:18:36
12785,2026-02-12,Plus Monroe Warehouse,COMPLETED,AUTO-TIE BALER (1ST SHIFT),Posted,2026-02-13,5:55AM,,18:05:00,LBS,7156.0,7156.0,0.0,Plus Materials,,500.92,500.92,0.0,,,204,8,CARL,,2026-09-17T13:18:36,2026-09-17T13:18:36
12786,2026-02-12,Plus Monroe Warehouse,COMPLETED,AVANGARD (OLD) (1ST SHIFT),Posted,2026-02-13,5:55AM,,18:05:00,LBS,2155.0,2155.0,0.0,Plus Materials,,78.0551,78.05,0.0,,,20,0,CARL,,2026-09-17T13:18:36,2026-09-17T13:18:36
12789,2026-02-12,Plus Monroe Warehouse,COMPLETED,EXTRUDER (1ST SHIFT),Posted,2026-02-13,5:55AM,,18:05:00,LBS,8465.0,8465.0,0.0,Plus Materials,,0.0,0.0,0.0,,,0,1,CARL,,2026-09-17T13:18:36,2026-09-17T13:18:36
12791,2026-02-12,Plus Monroe Warehouse,COMPLETED,GUILLOTINE (1ST SHIFT),Posted,2026-02-13,5:56AM,,18:04:00,LBS,6733.0,6733.0,0.0,Plus Materials,,471.31,471.31,0.0,,,11,0,CARL,,2026-09-17T13:18:36,2026-09-17T13:18:36
12792,2026-02-12,Plus Monroe Warehouse,COMPLETED,SHREDDER (1ST SHIFT),Posted,2026-02-13,5:56AM,,18:04:00,LBS,1327.0,1327.0,0.0,Plus Materials,,74.9701,74.97,0.0,,,0,9,CARL,,2026-09-17T13:18:36,2026-09-17T13:18:36
12793,2026-02-12,Monroe Processing Warehouse,COMPLETED,SHREDDER/GRINDER (1ST SHIFT),Posted,2026-02-13,5:56AM,,18:04:00,LBS,10575.0,10575.0,0.0,Plus Materials,,0.0,0.0,0.0,,,0,7,CARL,,2026-09-17T13:18:36,2026-09-17T13:18:36
12795,2026-02-12,Plus Monroe Warehouse,COMPLETED,AUTO-TIE BALER (2ND SHIFT),Posted,2026-02-13,5:56AM,,18:04:00,LBS,6425.0,6425.0,0.0,Plus Materials,,42.11,42.11,0.0,,,9,0,CARL,,2026-09-17T13:18:36,2026-09-17T13:18:36
12799,2026-02-12,Plus Monroe Warehouse,COMPLETED,EXTRUDER (2ND SHIFT),Posted,2026-02-13,5:57AM,,18:03:00,LBS,8548.0,8548.0,0.0,Plus Materials,,598.36,598.36,0.0,,,0,0,CARL,,2026-09-17T13:18:36,2026-09-17T13:18:36
12801,2026-02-12,Plus Monroe Warehouse,COMPLETED,GUILLOTINE (2ND SHIFT),Posted,2026-02-13,5:57AM,,18:03:00,LBS,6443.0,6443.0,0.0,Plus Materials,,451.01,451.01,0.0,,,0,0,CARL,,2026-09-17T13:18:36,2026-09-17T13:18:36
12803,2026-02-12,Monroe Processing Warehouse,COMPLETED,SHREDDER/GRINDER (2ND SHIFT),Posted,2026-02-13,5:58AM,,18:02:00,LBS,10474.0,10474.0,0.0,Plus Materials,,0.0,0.0,0.0,,,0,0,CARL,,2026-09-17T13:18:36,2026-09-17T13:18:36
12809,2026-02-12,Plus Monroe Warehouse,COMPLETED,EXTRUDER (3RD SHIFT),Posted,2026-02-13,5:58AM,,18:02:00,LBS,5910.0,5910.0,0.0,Plus Materials,,0.0,0.0,0.0,,,0,0,CARL,,2026-09-17T13:18:36,2026-09-17T13:18:36
12811,2026-02-12,Plus Monroe Warehouse,COMPLETED,GUILLOTINE (3RD SHIFT),Posted,2026-02-13,5:59AM,,18:01:00,LBS,8436.0,8436.0,0.0,Plus Materials,,253.08,253.08,0.0,,,13,0,CARL,,2026-09-17T13:18:36,2026-09-17T13:18:36
12815,2026-02-12,PRN Southeast,COMPLETED,BALER,Posted,2026-02-13,5:59AM,,18:01:00,LBS,8280.0,8515.0,-235.0,Plus Materials,,483.23,897.24,414.0,,,18,6,CARL,,2026-09-17T13:18:36,2026-09-17T13:18:36
12816,2026-02-13,Plus Monroe Warehouse,COMPLETED,AUTO-TIE BALER (1ST SHIFT),Posted,2026-02-16,6:01AM,,17:59:00,LBS,4835.0,4835.0,0.0,Plus Materials,,96.2661,96.26,0.0,,,1,4,CARL,,2026-09-17T13:18:36,2026-09-17T13:18:36
12817,2026-02-13,Plus Monroe Warehouse,COMPLETED,AVANGARD (OLD) (1ST SHIFT),Posted,2026-02-16,6:01AM,,17:59:00,LBS,1652.0,1652.0,0.0,Plus Materials,,0.0,0.0,0.0,,,0,0,CARL,,2026-09-17T13:18:36,2026-09-17T13:18:36
12820,2026-02-13,Plus Monroe Warehouse,COMPLETED,EXTRUDER (1ST SHIFT),Posted,2026-02-16,6:01AM,,17:59:00,LBS,8407.0,8407.0,0.0,Plus Materials,,0.0,0.0,0.0,,,13,0,CARL,,2026-09-17T13:18:36,2026-09-17T13:18:36
12822,2026-02-13,Plus Monroe Warehouse,COMPLETED,GUILLOTINE (1ST SHIFT),Posted,2026-02-16,6:02AM,,17:58:00,LBS,8424.0,8424.0,0.0,Plus Materials,,625.773,625.76,0.0,,,11,2,CARL,,2026-09-17T13:18:36,2026-09-17T13:18:36
12823,2026-02-13,Plus Monroe Warehouse,COMPLETED,SHREDDER (1ST SHIFT),Posted,2026-02-16,6:02AM,,17:58:00,LBS,1267.0,1267.0,0.0,Plus Materials,,12.67,12.67,0.0,,,0,9,CARL,,2026-09-17T13:18:36,2026-09-17T13:18:36
12824,2026-02-13,Monroe Processing Warehouse,COMPLETED,SHREDDER/GRINDER (1ST SHIFT),Posted,2026-02-16,6:02AM,,17:58:00,LBS,6825.0,6825.0,0.0,Plus Materials,,989.625,989.63,0.0,,,0,5,CARL,,2026-09-17T13:18:36,2026-09-17T13:18:36
12826,2026-02-13,Plus Monroe Warehouse,COMPLETED,AUTO-TIE BALER (2ND SHIFT),Posted,2026-02-16,6:03AM,,17:57:00,LBS,4518.0,4518.0,0.0,Plus Materials,,768.07,768.06,0.0,,,0,0,CARL,,2026-09-17T13:18:36,2026-09-17T13:18:36
12830,2026-02-13,Plus Monroe Warehouse,COMPLETED,EXTRUDER (2ND SHIFT),Posted,2026-02-16,6:04AM,,17:56:00,LBS,9850.0,9850.0,0.0,Plus Materials,,0.0,0.0,0.0,,,0,0,CARL,,2026-09-17T13:18:36,2026-09-17T13:18:36
12832,2026-02-13,Plus Monroe Warehouse,COMPLETED,GUILLOTINE (2ND SHIFT),Posted,2026-02-16,6:04AM,,17:56:00,LBS,6459.0,6459.0,0.0,Plus Materials,,465.011,465.01,0.0,,,0,0,CARL,,2026-09-17T13:18:36,2026-09-17T13:18:36
12834,2026-02-13,Monroe Processing Warehouse,COMPLETED,SHREDDER/GRINDER (2ND SHIFT),Posted,2026-02-16,6:05AM,,17:55:00,LBS,2110.0,2110.0,0.0,Plus Materials,,116.0461,116.04,0.0,,,3,0,CARL,,2026-09-17T13:18:36,2026-09-17T13:18:36
12840,2026-02-13,Plus Monroe Warehouse,COMPLETED,EXTRUDER (3RD SHIFT),Posted,2026-02-16,6:06AM,,17:54:00,LBS,3034.0,3034.0,0.0,Plus Materials,,0.0,0.0,0.0,,,0,1,CARL,,2026-09-17T13:18:36,2026-09-17T13:18:36
12846,2026-02-13,PRN Southeast,COMPLETED,BALER,Posted,2026-02-16,6:07AM,,17:53:00,LBS,2105.0,3350.0,-1245.0,Plus Materials,,125.29,230.54,105.25,,,8,2,CARL,,2026-09-17T13:18:36,2026-09-17T13:18:36
12847,2026-02-16,Plus Monroe Warehouse,COMPLETED,AUTO-TIE BALER (1ST SHIFT),Posted,2026-02-17,5:06AM,,18:54:00,LBS,1448.0,1448.0,0.0,Plus Materials,,86.0608,86.06,0.0,,,3,1,CARL,,2026-09-17T13:18:36,2026-09-17T13:18:36
12848,2026-02-16,Plus Monroe Warehouse,COMPLETED,AVANGARD (OLD) (1ST SHIFT),Posted,2026-02-17,5:07AM,,18:53:00,LBS,1256.0,1256.0,0.0,Plus Materials,,0.0,0.0,0.0,,,0,0,CARL,,2026-09-17T13:18:36,2026-09-17T13:18:36
12851,2026-02-16,Plus Monroe Warehouse,COMPLETED,EXTRUDER (1ST SHIFT),Posted,2026-02-17,5:07AM,,18:53:00,LBS,6347.0,6347.0,0.0,Plus Materials,,444.29,444.29,0.0,,,7,0,CARL,,2026-09-17T13:18:36,2026-09-17T13:18:36
12853,2026-02-16,Plus Monroe Warehouse,COMPLETED,GUILLOTINE (1ST SHIFT),Posted,2026-02-17,5:07AM,,18:53:00,LBS,11713.0,11713.0,0.0,Plus Materials,,565.18,565.17,0.0,,,205,0,CARL,,2026-09-17T13:18:36,2026-09-17T13:18:36
12854,2026-02-16,Plus Monroe Warehouse,COMPLETED,SHREDDER (1ST SHIFT),Posted,2026-02-17,5:07AM,,18:53:00,LBS,1156.0,1156.0,0.0,Plus Materials,,96.0355,96.03,0.0,,,10,8,CARL,,2026-09-17T13:18:36,2026-09-17T13:18:36
12855,2026-02-16,Monroe Processing Warehouse,COMPLETED,SHREDDER/GRINDER (1ST SHIFT),Posted,2026-02-17,5:08AM,,18:52:00,LBS,2515.0,2515.0,0.0,Plus Materials,,0.0,0.0,0.0,,,0,0,CARL,,2026-09-17T13:18:36,2026-09-17T13:18:36
12857,2026-02-16,Plus Monroe Warehouse,COMPLETED,AUTO-TIE BALER (2ND SHIFT),Posted,2026-02-17,5:08AM,,18:52:00,LBS,6558.0,6558.0,0.0,Plus Materials,,-3.2313,-3.22,0.0,,,0,0,CARL,,2026-09-17T13:18:36,2026-09-17T13:18:36
12861,2026-02-16,Plus Monroe Warehouse,COMPLETED,EXTRUDER (2ND SHIFT),Posted,2026-02-17,5:09AM,,18:51:00,LBS,9730.0,9730.0,0.0,Plus Materials,,681.1,681.1,0.0,,,12,0,CARL,,2026-09-17T13:18:36,2026-09-17T13:18:36
12863,2026-02-16,Plus Monroe Warehouse,COMPLETED,GUILLOTINE (2ND SHIFT),Posted,2026-02-17,5:09AM,,18:51:00,LBS,10225.0,10225.0,0.0,Plus Materials,,605.99,605.98,0.0,,,10,0,CARL,,2026-09-17T13:18:36,2026-09-17T13:18:36
12865,2026-02-16,Monroe Processing Warehouse,COMPLETED,SHREDDER/GRINDER (2ND SHIFT),Posted,2026-02-17,5:09AM,,18:51:00,LBS,1297.0,1297.0,0.0,Plus Materials,,109.6385,109.64,0.0,,,50,0,CARL,,2026-09-17T13:18:36,2026-09-17T13:18:36
12877,2026-02-16,PRN Southeast,COMPLETED,BALER,Posted,2026-02-17,5:11AM,,18:49:00,LBS,28750.0,10360.0,18390.0,Plus Materials,,3958.89,5396.39,1437.5,,,63,6,CARL,,2026-09-17T13:18:36,2026-09-17T13:18:36
12878,2026-02-17,Plus Monroe Warehouse,COMPLETED,AUTO-TIE BALER (1ST SHIFT),Posted,2026-02-18,5:55AM,,18:05:00,LBS,7626.0,7626.0,0.0,Plus Materials,,160.952,160.94,0.0,,,1,8,CARL,,2026-09-17T13:18:36,2026-09-17T13:18:36
12879,2026-02-17,Plus Monroe Warehouse,COMPLETED,AVANGARD (OLD) (1ST SHIFT),Posted,2026-02-18,5:55AM,,18:05:00,LBS,1596.0,1596.0,0.0,Plus Materials,,28.9501,28.95,0.0,,,0,0,CARL,,2026-09-17T13:18:36,2026-09-17T13:18:36
12882,2026-02-17,Plus Monroe Warehouse,COMPLETED,EXTRUDER (1ST SHIFT),Posted,2026-02-18,5:56AM,,18:04:00,LBS,8125.0,8125.0,0.0,Plus Materials,,568.75,568.75,0.0,,,4,0,CARL,,2026-09-17T13:18:36,2026-09-17T13:18:36
12884,2026-02-17,Plus Monroe Warehouse,COMPLETED,GUILLOTINE (1ST SHIFT),Posted,2026-02-18,5:56AM,,18:04:00,LBS,6911.0,6911.0,0.0,Plus Materials,,140.81,140.81,0.0,,,0,1,CARL,,2026-09-17T13:18:36,2026-09-17T13:18:36
12885,2026-02-17,Plus Monroe Warehouse,COMPLETED,SHREDDER (1ST SHIFT),Posted,2026-02-18,5:56AM,,18:04:00,LBS,1342.0,1342.0,0.0,Plus Materials,,13.42,13.42,0.0,,,0,12,CARL,,2026-09-17T13:18:36,2026-09-17T13:18:36
12886,2026-02-17,Monroe Processing Warehouse,COMPLETED,SHREDDER/GRINDER (1ST SHIFT),Posted,2026-02-18,5:56AM,,18:04:00,LBS,2479.0,2479.0,0.0,Plus Materials,,0.0,0.0,0.0,,,0,0,CARL,,2026-09-17T13:18:36,2026-09-17T13:18:36
12888,2026-02-17,Plus Monroe Warehouse,COMPLETED,AUTO-TIE BALER (2ND SHIFT),Posted,2026-02-18,5:57AM,,18:03:00,LBS,5060.0,5060.0,0.0,Plus Materials,,-21.33,-21.33,0.0,,,16,0,CARL,,2026-09-17T13:18:36,2026-09-17T13:18:36
12892,2026-02-17,Plus Monroe Warehouse,COMPLETED,EXTRUDER (2ND SHIFT),Posted,2026-02-18,5:57AM,,18:03:00,LBS,8998.0,8998.0,0.0,Plus Materials,,89.98,89.98,0.0,,,0,0,CARL,,2026-09-17T13:18:36,2026-09-17T13:18:36
12894,2026-02-17,Plus Monroe Warehouse,COMPLETED,GUILLOTINE (2ND SHIFT),Posted,2026-02-18,5:57AM,,18:03:00,LBS,1652.0,1652.0,0.0,Plus Materials,,-115.64,-115.64,0.0,,,4,0,CARL,,2026-09-17T13:18:36,2026-09-17T13:18:36
12896,2026-02-17,Monroe Processing Warehouse,COMPLETED,SHREDDER/GRINDER (2ND SHIFT),Posted,2026-02-18,5:58AM,,18:02:00,LBS,2609.0,2609.0,0.0,Plus Materials,,-5.25,-5.25,0.0,,,21,0,CARL,,2026-09-17T13:18:36,2026-09-17T13:18:36
12902,2026-02-17,Plus Monroe Warehouse,COMPLETED,EXTRUDER (3RD SHIFT),Posted,2026-02-18,5:59AM,,18:01:00,LBS,5748.0,5748.0,0.0,Plus Materials,,57.48,57.48,0.0,,,0,0,CARL,,2026-09-17T13:18:36,2026-09-17T13:18:36
12904,2026-02-17,Plus Monroe Warehouse,COMPLETED,GUILLOTINE (3RD SHIFT),Posted,2026-02-18,5:59AM,,18:01:00,LBS,7003.0,7003.0,0.0,Plus Materials,,467.4684,467.46,0.0,,,12,0,CARL,,2026-09-17T13:18:36,2026-09-17T13:18:36
12909,2026-02-18,Plus Monroe Warehouse,COMPLETED,AUTO-TIE BALER (1ST SHIFT),Posted,2026-02-19,5:59AM,,18:01:00,LBS,7381.0,7381.0,0.0,Plus Materials,,-73.81,-73.81,0.0,,,22,6,CARL,,2026-09-17T13:18:36,2026-09-17T13:18:36
12910,2026-02-18,Plus Monroe Warehouse,COMPLETED,AVANGARD (OLD) (1ST SHIFT),Posted,2026-02-19,5:59AM,,18:01:00,LBS,1206.0,1206.0,0.0,Plus Materials,,127.7247,127.73,0.0,,,0,0,CARL,,2026-09-17T13:18:36,2026-09-17T13:18:36
12913,2026-02-18,Plus Monroe Warehouse,COMPLETED,EXTRUDER (1ST SHIFT),Posted,2026-02-19,6:00AM,,18:00:00,LBS,8002.0,8002.0,0.0,Plus Materials,,152.7937,152.81,0.0,,,1,0,CARL,,2026-09-17T13:18:36,2026-09-17T13:18:36
12915,2026-02-18,Plus Monroe Warehouse,COMPLETED,GUILLOTINE (1ST SHIFT),Posted,2026-02-19,6:00AM,,18:00:00,LBS,9298.0,9298.0,0.0,Plus Materials,,-433.23,-433.22,0.0,,,1,0,CARL,,2026-09-17T13:18:36,2026-09-17T13:18:36
12916,2026-02-18,Plus Monroe Warehouse,COMPLETED,SHREDDER (1ST SHIFT),Posted,2026-02-19,6:00AM,,18:00:00,LBS,907.0,907.0,0.0,Plus Materials,,58.5121,58.52,0.0,,,0,7,CARL,,2026-09-17T13:18:36,2026-09-17T13:18:36
12917,2026-02-18,Monroe Processing Warehouse,COMPLETED,SHREDDER/GRINDER (1ST SHIFT),Posted,2026-02-19,6:00AM,,18:00:00,LBS,3458.0,3458.0,0.0,Plus Materials,,0.0,0.0,0.0,,,80,0,CARL,,2026-09-17T13:18:36,2026-09-17T13:18:36
12919,2026-02-18,Plus Monroe Warehouse,COMPLETED,AUTO-TIE BALER (2ND SHIFT),Posted,2026-02-19,6:01AM,,17:59:00,LBS,10116.0,10116.0,0.0,Plus Materials,,210.0725,210.07,0.0,,,10,0,CARL,,2026-09-17T13:18:36,2026-09-17T13:18:36
12923,2026-02-18,Plus Monroe Warehouse,COMPLETED,EXTRUDER (2ND SHIFT),Posted,2026-02-19,6:01AM,,17:59:00,LBS,8120.0,8120.0,0.0,Plus Materials,,-324.8,-324.8,0.0,,,5,0,CARL,,2026-09-17T13:18:36,2026-09-17T13:18:36
12925,2026-02-18,Plus Monroe Warehouse,COMPLETED,GUILLOTINE (2ND SHIFT),Posted,2026-02-19,6:02AM,,17:58:00,LBS,7633.0,7633.0,0.0,Plus Materials,,-29.52,-29.53,0.0,,,360,0,CARL,,2026-09-17T13:18:36,2026-09-17T13:18:36
12926,2026-02-18,Plus Monroe Warehouse,COMPLETED,SHREDDER (2ND SHIFT),Posted,2026-02-19,6:02AM,,17:58:00,LBS,2828.0,2828.0,0.0,Plus Materials,,28.28,28.28,0.0,,,0,0,CARL,,2026-09-17T13:18:36,2026-09-17T13:18:36
12927,2026-02-18,Monroe Processing Warehouse,COMPLETED,SHREDDER/GRINDER (2ND SHIFT),Posted,2026-02-19,6:02AM,,17:58:00,LBS,2377.0,2377.0,0.0,Plus Materials,,142.62,142.62,0.0,,,0,0,CARL,,2026-09-17T13:18:36,2026-09-17T13:18:36
12933,2026-02-18,Plus Monroe Warehouse,COMPLETED,EXTRUDER (3RD SHIFT),Posted,2026-02-19,6:03AM,,17:57:00,LBS,5014.0,5014.0,0.0,Plus Materials,,-200.56,-200.56,0.0,,,4,0,CARL,,2026-09-17T13:18:36,2026-09-17T13:18:36
12935,2026-02-18,Plus Monroe Warehouse,COMPLETED,GUILLOTINE (3RD SHIFT),Posted,2026-02-19,6:03AM,,17:57:00,LBS,6395.0,6395.0,0.0,Plus Materials,,447.65,447.65,0.0,,,0,0,CARL,,2026-09-17T13:18:36,2026-09-17T13:18:36
12940,2026-02-19,Plus Monroe Warehouse,COMPLETED,AUTO-TIE BALER (1ST SHIFT),Posted,2026-02-20,5:53AM,,18:07:00,LBS,7924.0,7924.0,0.0,Plus Materials,,175.6499,175.64,0.0,,,2,5,CARL,,2026-09-17T13:18:36,2026-09-17T13:18:36
12941,2026-02-19,Plus Monroe Warehouse,COMPLETED,AVANGARD (OLD) (1ST SHIFT),Posted,2026-02-20,5:53AM,,18:07:00,LBS,1988.0,1988.0,0.0,Plus Materials,,0.0,0.0,0.0,,,0,0,CARL,,2026-09-17T13:18:36,2026-09-17T13:18:36
12944,2026-02-19,Plus Monroe Warehouse,COMPLETED,EXTRUDER (1ST SHIFT),Posted,2026-02-20,5:54AM,,18:06:00,LBS,8114.0,8114.0,0.0,Plus Materials,,-324.56,-324.56,0.0,,,5,0,CARL,,2026-09-17T13:18:36,2026-09-17T13:18:36
12946,2026-02-19,Plus Monroe Warehouse,COMPLETED,GUILLOTINE (1ST SHIFT),Posted,2026-02-20,5:54AM,,18:06:00,LBS,5982.0,5982.0,0.0,Plus Materials,,-334.74,-334.74,0.0,,,10,0,CARL,,2026-09-17T13:18:36,2026-09-17T13:18:36
12947,2026-02-19,Plus Monroe Warehouse,COMPLETED,SHREDDER (1ST SHIFT),Posted,2026-02-20,5:54AM,,18:06:00,LBS,1199.0,1199.0,0.0,Plus Materials,,11.99,11.99,0.0,,,0,9,CARL,,2026-09-17T13:18:36,2026-09-17T13:18:36
12948,2026-02-19,Monroe Processing Warehouse,COMPLETED,SHREDDER/GRINDER (1ST SHIFT),Posted,2026-02-20,5:55AM,,18:05:00,LBS,3335.0,3335.0,0.0,Plus Materials,,200.1,200.1,0.0,,,0,0,CARL,,2026-09-17T13:18:36,2026-09-17T13:18:36
12950,2026-02-19,Plus Monroe Warehouse,COMPLETED,AUTO-TIE BALER (2ND SHIFT),Posted,2026-02-20,5:56AM,,18:04:00,LBS,5963.0,5963.0,0.0,Plus Materials,,163.983,163.99,0.0,,,0,0,CARL,,2026-09-17T13:18:36,2026-09-17T13:18:36
12954,2026-02-19,Plus Monroe Warehouse,COMPLETED,EXTRUDER (2ND SHIFT),Posted,2026-02-20,5:57AM,,18:03:00,LBS,8118.0,8118.0,0.0,Plus Materials,,-324.72,-324.72,0.0,,,6,0,CARL,,2026-09-17T13:18:36,2026-09-17T13:18:36
12956,2026-02-19,Plus Monroe Warehouse,COMPLETED,GUILLOTINE (2ND SHIFT),Posted,2026-02-20,5:57AM,,18:03:00,LBS,7292.0,7292.0,0.0,Plus Materials,,-99.64,-99.64,0.0,,,0,0,CARL,,2026-09-17T13:18:36,2026-09-17T13:18:36
12957,2026-02-19,Plus Monroe Warehouse,COMPLETED,SHREDDER (2ND SHIFT),Posted,2026-02-20,5:57AM,,18:03:00,LBS,165.0,165.0,0.0,Plus Materials,,12.4398,12.44,0.0,,,1,0,CARL,,2026-09-17T13:18:36,2026-09-17T13:18:36
12958,2026-02-19,Monroe Processing Warehouse,COMPLETED,SHREDDER/GRINDER (2ND SHIFT),Posted,2026-02-20,5:57AM,,18:03:00,LBS,2357.0,2357.0,0.0,Plus Materials,,0.0,0.0,0.0,,,1,0,CARL,,2026-09-17T13:18:36,2026-09-17T13:18:36
12964,2026-02-19,Plus Monroe Warehouse,COMPLETED,EXTRUDER (3RD SHIFT),Posted,2026-02-20,5:58AM,,18:02:00,LBS,5800.0,5800.0,0.0,Plus Materials,,-13.8095,-13.81,0.0,,,40,0,CARL,,2026-09-17T13:18:36,2026-09-17T13:18:36
12966,2026-02-19,Plus Monroe Warehouse,COMPLETED,GUILLOTINE (3RD SHIFT),Posted,2026-02-20,5:59AM,,18:01:00,LBS,6343.0,6343.0,0.0,Plus Materials,,948.3754,948.37,0.0,,,43,0,CARL,,2026-09-17T13:18:36,2026-09-17T13:18:36
12972,2026-02-20,Plus Monroe Warehouse,COMPLETED,AVANGARD (OLD) (1ST SHIFT),Posted,2026-02-23,5:54AM,,18:06:00,LBS,785.0,785.0,0.0,Plus Materials,,0.0,0.0,0.0,,,0,0,CARL,,2026-09-17T13:18:36,2026-09-17T13:18:36
12975,2026-02-20,Plus Monroe Warehouse,COMPLETED,EXTRUDER (1ST SHIFT),Posted,2026-02-23,5:54AM,,18:06:00,LBS,6745.0,6754.0,-9.0,Plus Materials,,-16.0594,-16.07,0.0,,,0,0,CARL,,2026-09-17T13:18:36,2026-09-17T13:18:36
12977,2026-02-20,Plus Monroe Warehouse,COMPLETED,GUILLOTINE (1ST SHIFT),Posted,2026-02-23,5:55AM,,18:05:00,LBS,5278.0,5278.0,0.0,Plus Materials,,789.1409,789.14,0.0,,,0,0,CARL,,2026-09-17T13:18:36,2026-09-17T13:18:36
12978,2026-02-20,Plus Monroe Warehouse,COMPLETED,SHREDDER (1ST SHIFT),Posted,2026-02-23,5:55AM,,18:05:00,LBS,997.0,997.0,0.0,Plus Materials,,9.97,9.97,0.0,,,0,9,CARL,,2026-09-17T13:18:36,2026-09-17T13:18:36
12981,2026-02-20,Plus Monroe Warehouse,COMPLETED,AUTO-TIE BALER (2ND SHIFT),Posted,2026-02-23,5:55AM,,18:05:00,LBS,1328.0,1328.0,0.0,Plus Materials,,-46.4624,-46.46,0.0,,,0,0,CARL,,2026-09-17T13:18:36,2026-09-17T13:18:36
12985,2026-02-20,Plus Monroe Warehouse,COMPLETED,EXTRUDER (2ND SHIFT),Posted,2026-02-23,5:56AM,,18:04:00,LBS,6794.0,6794.0,0.0,Plus Materials,,-16.1758,-16.18,0.0,,,0,0,CARL,,2026-09-17T13:18:36,2026-09-17T13:18:36
12987,2026-02-20,Plus Monroe Warehouse,COMPLETED,GUILLOTINE (2ND SHIFT),Posted,2026-02-23,5:56AM,,18:04:00,LBS,6682.0,6682.0,0.0,Plus Materials,,999.0604,999.06,0.0,,,0,0,CARL,,2026-09-17T13:18:36,2026-09-17T13:18:36
12989,2026-02-20,Monroe Processing Warehouse,COMPLETED,SHREDDER/GRINDER (2ND SHIFT),Posted,2026-02-23,5:57AM,,18:03:00,LBS,1819.0,1819.0,0.0,Plus Materials,,0.0,0.0,0.0,,,5,0,CARL,,2026-09-17T13:18:36,2026-09-17T13:18:36
12995,2026-02-20,Plus Monroe Warehouse,COMPLETED,EXTRUDER (3RD SHIFT),Posted,2026-02-23,5:58AM,,18:02:00,LBS,4858.0,4858.0,0.0,Plus Materials,,-11.5688,-11.58,0.0,,,0,0,CARL,,2026-09-17T13:18:36,2026-09-17T13:18:36
13002,2026-02-23,Plus Monroe Warehouse,COMPLETED,AUTO-TIE BALER (1ST SHIFT),Posted,2026-02-24,5:07AM,,18:53:00,LBS,3143.0,3143.0,0.0,Plus Materials,,628.6,628.6,0.0,,,0,2,CARL,,2026-09-17T13:18:36,2026-09-17T13:18:36
13003,2026-02-23,Plus Monroe Warehouse,COMPLETED,AVANGARD (OLD) (1ST SHIFT),Posted,2026-02-24,5:07AM,,18:53:00,LBS,1770.0,1770.0,0.0,Plus Materials,,92.1941,92.19,0.0,,,6,0,CARL,,2026-09-17T13:18:36,2026-09-17T13:18:36
13006,2026-02-23,Plus Monroe Warehouse,COMPLETED,EXTRUDER (1ST SHIFT),Posted,2026-02-24,5:07AM,,18:53:00,LBS,5900.0,5900.0,0.0,Plus Materials,,-14.0492,-14.04,0.0,,,0,0,CARL,,2026-09-17T13:18:36,2026-09-17T13:18:36
13008,2026-02-23,Plus Monroe Warehouse,COMPLETED,GUILLOTINE (1ST SHIFT),Posted,2026-02-24,5:08AM,,18:52:00,LBS,5453.0,5453.0,0.0,Plus Materials,,815.3063,815.31,0.0,,,0,0,CARL,,2026-09-17T13:18:36,2026-09-17T13:18:36
13009,2026-02-23,Plus Monroe Warehouse,COMPLETED,SHREDDER (1ST SHIFT),Posted,2026-02-24,5:08AM,,18:52:00,LBS,1051.0,1051.0,0.0,Plus Materials,,10.51,10.51,0.0,,,0,9,CARL,,2026-09-17T13:18:36,2026-09-17T13:18:36
13010,2026-02-23,Monroe Processing Warehouse,COMPLETED,SHREDDER/GRINDER (1ST SHIFT),Posted,2026-02-24,5:08AM,,18:52:00,LBS,2985.0,2985.0,0.0,Plus Materials,,-11.63,-11.63,0.0,,,7,0,CARL,,2026-09-17T13:18:36,2026-09-17T13:18:36
13012,2026-02-23,Plus Monroe Warehouse,COMPLETED,AUTO-TIE BALER (2ND SHIFT),Posted,2026-02-24,5:10AM,,18:50:00,LBS,6528.0,6528.0,0.0,Plus Materials,,290.4414,290.44,0.0,,,0,0,CARL,,2026-09-17T13:18:36,2026-09-17T13:18:36
13016,2026-02-23,Plus Monroe Warehouse,COMPLETED,EXTRUDER (2ND SHIFT),Posted,2026-02-24,5:10AM,,18:50:00,LBS,9474.0,9474.0,0.0,Plus Materials,,663.18,663.18,0.0,,,31,0,CARL,,2026-09-17T13:18:36,2026-09-17T13:18:36
13018,2026-02-23,Plus Monroe Warehouse,COMPLETED,GUILLOTINE (2ND SHIFT),Posted,2026-02-24,5:11AM,,18:49:00,LBS,8274.0,8274.0,0.0,Plus Materials,,82.74,82.74,0.0,,,12,0,CARL,,2026-09-17T13:18:36,2026-09-17T13:18:36
13020,2026-02-23,Monroe Processing Warehouse,COMPLETED,SHREDDER/GRINDER (2ND SHIFT),Posted,2026-02-24,5:11AM,,18:49:00,LBS,4162.0,4162.0,0.0,Plus Materials,,41.62,41.62,0.0,,,8,0,CARL,,2026-09-17T13:18:36,2026-09-17T13:18:36
13026,2026-02-23,Plus Monroe Warehouse,COMPLETED,EXTRUDER (3RD SHIFT),Posted,2026-02-24,5:12AM,,18:48:00,LBS,5150.0,5150.0,0.0,Plus Materials,,360.5,360.5,0.0,,,0,0,CARL,,2026-09-17T13:18:36,2026-09-17T13:18:36
13028,2026-02-23,Plus Monroe Warehouse,COMPLETED,GUILLOTINE (3RD SHIFT),Posted,2026-02-24,5:12AM,,18:48:00,LBS,6543.0,6543.0,0.0,Plus Materials,,978.2808,978.29,0.0,,,0,0,CARL,,2026-09-17T13:18:36,2026-09-17T13:18:36
13033,2026-02-24,Plus Monroe Warehouse,COMPLETED,AUTO-TIE BALER (1ST SHIFT),Posted,2026-02-25,5:52AM,,18:08:00,LBS,7355.0,7355.0,0.0,Plus Materials,,0.0,0.0,0.0,,,15,5,CARL,,2026-09-17T13:18:36,2026-09-17T13:18:36
13034,2026-02-24,Plus Monroe Warehouse,COMPLETED,AVANGARD (OLD) (1ST SHIFT),Posted,2026-02-25,5:52AM,,18:08:00,LBS,1236.0,1236.0,0.0,Plus Materials,,0.0,0.0,0.0,,,0,0,CARL,,2026-09-17T13:18:36,2026-09-17T13:18:36
13037,2026-02-24,Plus Monroe Warehouse,COMPLETED,EXTRUDER (1ST SHIFT),Posted,2026-02-25,5:52AM,,18:08:00,LBS,8070.0,8070.0,0.0,Plus Materials,,564.9,564.9,0.0,,,7,0,CARL,,2026-09-17T13:18:36,2026-09-17T13:18:36
13039,2026-02-24,Plus Monroe Warehouse,COMPLETED,GUILLOTINE (1ST SHIFT),Posted,2026-02-25,5:53AM,,18:07:00,LBS,9356.0,9356.0,0.0,Plus Materials,,631.7036,631.72,0.0,,,145,0,CARL,,2026-09-17T13:18:36,2026-09-17T13:18:36
13040,2026-02-24,Plus Monroe Warehouse,COMPLETED,SHREDDER (1ST SHIFT),Posted,2026-02-25,5:53AM,,18:07:00,LBS,780.0,780.0,0.0,Plus Materials,,44.0676,44.06,0.0,,,5,4,CARL,,2026-09-17T13:18:36,2026-09-17T13:18:36
13041,2026-02-24,Monroe Processing Warehouse,COMPLETED,SHREDDER/GRINDER (1ST SHIFT),Posted,2026-02-25,5:53AM,,18:07:00,LBS,3662.0,3662.0,0.0,Plus Materials,,66.62,66.62,0.0,,,8,0,CARL,,2026-09-17T13:18:36,2026-09-17T13:18:36
13043,2026-02-24,Plus Monroe Warehouse,COMPLETED,AUTO-TIE BALER (2ND SHIFT),Posted,2026-02-25,5:53AM,,18:07:00,LBS,7260.0,7260.0,0.0,Plus Materials,,17.2905,17.3,0.0,,,22,0,CARL,,2026-09-17T13:18:36,2026-09-17T13:18:36
13047,2026-02-24,Plus Monroe Warehouse,COMPLETED,EXTRUDER (2ND SHIFT),Posted,2026-02-25,5:54AM,,18:06:00,LBS,6302.0,6302.0,0.0,Plus Materials,,441.14,441.14,0.0,,,9,0,CARL,,2026-09-17T13:18:36,2026-09-17T13:18:36
13049,2026-02-24,Plus Monroe Warehouse,COMPLETED,GUILLOTINE (2ND SHIFT),Posted,2026-02-25,5:54AM,,18:06:00,LBS,6628.0,6628.0,0.0,Plus Materials,,547.28,547.27,0.0,,,48,0,CARL,,2026-09-17T13:18:36,2026-09-17T13:18:36
13051,2026-02-24,Monroe Processing Warehouse,COMPLETED,SHREDDER/GRINDER (2ND SHIFT),Posted,2026-02-25,5:54AM,,18:06:00,LBS,3910.0,3910.0,0.0,Plus Materials,,351.9,351.9,0.0,,,0,0,CARL,,2026-09-17T13:18:36,2026-09-17T13:18:36
13057,2026-02-24,Plus Monroe Warehouse,COMPLETED,EXTRUDER (3RD SHIFT),Posted,2026-02-25,5:55AM,,18:05:00,LBS,4012.0,4012.0,0.0,Plus Materials,,280.84,280.84,0.0,,,210,0,CARL,,2026-09-17T13:18:36,2026-09-17T13:18:36
13059,2026-02-24,Plus Monroe Warehouse,COMPLETED,GUILLOTINE (3RD SHIFT),Posted,2026-02-25,5:56AM,,18:04:00,LBS,6506.0,6506.0,0.0,Plus Materials,,455.42,455.42,0.0,,,0,0,CARL,,2026-09-17T13:18:36,2026-09-17T13:18:36
13063,2026-02-24,PRN Southeast,COMPLETED,BALER,Posted,2026-02-25,5:56AM,,18:04:00,LBS,7575.0,7185.0,390.0,Plus Materials,,436.79,815.54,378.75,,,29,5,CARL,,2026-09-17T13:18:36,2026-09-17T13:18:36
13064,2026-02-25,Plus Monroe Warehouse,COMPLETED,AUTO-TIE BALER (1ST SHIFT),Posted,2026-02-26,5:51AM,,18:09:00,LBS,5874.0,5874.0,0.0,Plus Materials,,319.3423,319.35,0.0,,,19,5,CARL,,2026-09-17T13:18:36,2026-09-17T13:18:36
13065,2026-02-25,Plus Monroe Warehouse,COMPLETED,AVANGARD (OLD) (1ST SHIFT),Posted,2026-02-26,5:51AM,,18:09:00,LBS,1049.0,1049.0,0.0,Plus Materials,,0.0,0.0,0.0,,,0,0,CARL,,2026-09-17T13:18:36,2026-09-17T13:18:36
13068,2026-02-25,Plus Monroe Warehouse,COMPLETED,EXTRUDER (1ST SHIFT),Posted,2026-02-26,5:51AM,,18:09:00,LBS,8864.0,8864.0,0.0,Plus Materials,,620.48,620.48,0.0,,,0,0,CARL,,2026-09-17T13:18:36,2026-09-17T13:18:36
13070,2026-02-25,Plus Monroe Warehouse,COMPLETED,GUILLOTINE (1ST SHIFT),Posted,2026-02-26,5:51AM,,18:09:00,LBS,7525.0,7525.0,0.0,Plus Materials,,1289.3592,1289.36,0.0,,,0,0,CARL,,2026-09-17T13:18:36,2026-09-17T13:18:36
13071,2026-02-25,Plus Monroe Warehouse,COMPLETED,SHREDDER (1ST SHIFT),Posted,2026-02-26,5:52AM,,18:08:00,LBS,1420.0,1420.0,0.0,Plus Materials,,14.2,14.2,0.0,,,0,11,CARL,,2026-09-17T13:18:36,2026-09-17T13:18:36
13072,2026-02-25,Monroe Processing Warehouse,COMPLETED,SHREDDER/GRINDER (1ST SHIFT),Posted,2026-02-26,5:52AM,,18:08:00,LBS,4545.0,4545.0,0.0,Plus Materials,,545.4,545.4,0.0,,,0,0,CARL,,2026-09-17T13:18:36,2026-09-17T13:18:36
13074,2026-02-25,Plus Monroe Warehouse,COMPLETED,AUTO-TIE BALER (2ND SHIFT),Posted,2026-02-26,5:52AM,,18:08:00,LBS,6217.0,6217.0,0.0,Plus Materials,,-46.26,-46.26,0.0,,,8,0,CARL,,2026-09-17T13:18:36,2026-09-17T13:18:36
13078,2026-02-25,Plus Monroe Warehouse,COMPLETED,EXTRUDER (2ND SHIFT),Posted,2026-02-26,5:53AM,,18:07:00,LBS,7822.0,7822.0,0.0,Plus Materials,,529.7282,529.73,0.0,,,0,0,CARL,,2026-09-17T13:18:36,2026-09-17T13:18:36
13080,2026-02-25,Plus Monroe Warehouse,COMPLETED,GUILLOTINE (2ND SHIFT),Posted,2026-02-26,5:53AM,,18:07:00,LBS,6624.0,6624.0,0.0,Plus Materials,,438.2306,438.25,0.0,,,0,0,CARL,,2026-09-17T13:18:36,2026-09-17T13:18:36
13082,2026-02-25,Monroe Processing Warehouse,COMPLETED,SHREDDER/GRINDER (2ND SHIFT),Posted,2026-02-26,5:53AM,,18:07:00,LBS,4069.0,4069.0,0.0,Plus Materials,,488.28,488.28,0.0,,,0,0,CARL,,2026-09-17T13:18:36,2026-09-17T13:18:36
13088,2026-02-25,Plus Monroe Warehouse,COMPLETED,EXTRUDER (3RD SHIFT),Posted,2026-02-26,5:54AM,,18:06:00,LBS,4260.0,4260.0,0.0,Plus Materials,,636.9375,636.93,0.0,,,0,0,CARL,,2026-09-17T13:18:36,2026-09-17T13:18:36
13094,2026-02-25,PRN Southeast,COMPLETED,BALER,Posted,2026-02-26,5:55AM,,18:05:00,LBS,6935.0,6990.0,-55.0,Plus Materials,,365.47,712.22,346.75,,,28,4,CARL,,2026-09-17T13:18:36,2026-09-17T13:18:36
13096,2026-02-26,Plus Monroe Warehouse,COMPLETED,AVANGARD (OLD) (1ST SHIFT),Posted,2026-02-27,5:51AM,,18:09:00,LBS,1850.0,1850.0,0.0,Plus Materials,,18.5,18.5,0.0,,,4,0,CARL,,2026-09-17T13:18:36,2026-09-17T13:18:36
13099,2026-02-26,Plus Monroe Warehouse,COMPLETED,EXTRUDER (1ST SHIFT),Posted,2026-02-27,5:52AM,,18:08:00,LBS,8214.0,8214.0,0.0,Plus Materials,,1676.2891,1676.29,0.0,,,7,0,CARL,,2026-09-17T13:18:36,2026-09-17T13:18:36
13101,2026-02-26,Plus Monroe Warehouse,COMPLETED,GUILLOTINE (1ST SHIFT),Posted,2026-02-27,5:52AM,,18:08:00,LBS,9575.0,9575.0,0.0,Plus Materials,,1318.5107,1318.49,0.0,,,32,3,CARL,,2026-09-17T13:18:36,2026-09-17T13:18:36
13102,2026-02-26,Plus Monroe Warehouse,COMPLETED,SHREDDER (1ST SHIFT),Posted,2026-02-27,5:52AM,,18:08:00,LBS,1277.0,1277.0,0.0,Plus Materials,,12.77,12.77,0.0,,,0,10,CARL,,2026-09-17T13:18:36,2026-09-17T13:18:36
13103,2026-02-26,Monroe Processing Warehouse,COMPLETED,SHREDDER/GRINDER (1ST SHIFT),Posted,2026-02-27,5:52AM,,18:08:00,LBS,4322.0,4322.0,0.0,Plus Materials,,345.76,345.76,0.0,,,0,0,CARL,,2026-09-17T13:18:36,2026-09-17T13:18:36
13105,2026-02-26,Plus Monroe Warehouse,COMPLETED,AUTO-TIE BALER (2ND SHIFT),Posted,2026-02-27,5:53AM,,18:07:00,LBS,3155.0,3155.0,0.0,Plus Materials,,182.4908,182.49,0.0,,,3,0,CARL,,2026-09-17T13:18:36,2026-09-17T13:18:36
13109,2026-02-26,Plus Monroe Warehouse,COMPLETED,EXTRUDER (2ND SHIFT),Posted,2026-02-27,5:53AM,,18:07:00,LBS,8310.0,8310.0,0.0,Plus Materials,,914.1,914.1,0.0,,,75,0,CARL,,2026-09-17T13:18:36,2026-09-17T13:18:36
13111,2026-02-26,Plus Monroe Warehouse,COMPLETED,GUILLOTINE (2ND SHIFT),Posted,2026-02-27,5:54AM,,18:06:00,LBS,6910.0,6910.0,0.0,Plus Materials,,475.1576,475.15,0.0,,,0,0,CARL,,2026-09-17T13:18:36,2026-09-17T13:18:36
13113,2026-02-26,Monroe Processing Warehouse,COMPLETED,SHREDDER/GRINDER (2ND SHIFT),Posted,2026-02-27,5:54AM,,18:06:00,LBS,2428.0,2428.0,0.0,Plus Materials,,559.2322,559.23,0.0,,,3,0,CARL,,2026-09-17T13:18:36,2026-09-17T13:18:36
13119,2026-02-26,Plus Monroe Warehouse,COMPLETED,EXTRUDER (3RD SHIFT),Posted,2026-02-27,5:55AM,,18:05:00,LBS,1360.0,1360.0,0.0,Plus Materials,,306.6453,306.65,0.0,,,0,0,CARL,,2026-09-17T13:18:36,2026-09-17T13:18:36
13121,2026-02-26,Plus Monroe Warehouse,COMPLETED,GUILLOTINE (3RD SHIFT),Posted,2026-02-27,5:55AM,,18:05:00,LBS,4802.0,4802.0,0.0,Plus Materials,,979.9775,979.97,0.0,,,0,0,CARL,,2026-09-17T13:18:36,2026-09-17T13:18:36
13125,2026-02-26,PRN Southeast,COMPLETED,BALER,Posted,2026-02-27,5:56AM,,18:04:00,LBS,4020.0,5620.0,-1600.0,Plus Materials,,184.45,385.45,201.0,,,18,3,CARL,,2026-09-17T13:18:36,2026-09-17T13:18:36
13126,2026-02-27,Plus Monroe Warehouse,COMPLETED,AUTO-TIE BALER (1ST SHIFT),Posted,2026-03-02,5:52AM,,18:08:00,LBS,1065.0,1065.0,0.0,Plus Materials,,0.0,0.0,0.0,,,5,1,CARL,,2026-09-17T13:18:36,2026-09-17T13:18:36
13127,2026-02-27,Plus Monroe Warehouse,COMPLETED,AVANGARD (OLD) (1ST SHIFT),Posted,2026-03-02,5:52AM,,18:08:00,LBS,900.0,900.0,0.0,Plus Materials,,101.1245,101.12,0.0,,,0,1,CARL,,2026-09-17T13:18:36,2026-09-17T13:18:36
13130,2026-02-27,Plus Monroe Warehouse,COMPLETED,EXTRUDER (1ST SHIFT),Posted,2026-03-02,5:52AM,,18:08:00,LBS,8166.0,8166.0,0.0,Plus Materials,,0.0,0.0,0.0,,,13,0,CARL,,2026-09-17T13:18:36,2026-09-17T13:18:36
13132,2026-02-27,Plus Monroe Warehouse,COMPLETED,GUILLOTINE (1ST SHIFT),Posted,2026-03-02,5:53AM,,18:07:00,LBS,12665.0,12665.0,0.0,Plus Materials,,670.65,670.67,0.0,,,11,0,CARL,,2026-09-17T13:18:36,2026-09-17T13:18:36
13133,2026-02-27,Plus Monroe Warehouse,COMPLETED,SHREDDER (1ST SHIFT),Posted,2026-03-02,5:53AM,,18:07:00,LBS,337.0,337.0,0.0,Plus Materials,,7.3509,7.35,0.0,,,0,3,CARL,,2026-09-17T13:18:36,2026-09-17T13:18:36
13134,2026-02-27,Monroe Processing Warehouse,COMPLETED,SHREDDER/GRINDER (1ST SHIFT),Posted,2026-03-02,5:53AM,,18:07:00,LBS,4245.0,4245.0,0.0,Plus Materials,,339.6,339.6,0.0,,,0,0,CARL,,2026-09-17T13:18:36,2026-09-17T13:18:36
13136,2026-02-27,Plus Monroe Warehouse,COMPLETED,AUTO-TIE BALER (2ND SHIFT),Posted,2026-03-02,5:54AM,,18:06:00,LBS,1317.0,1317.0,0.0,Plus Materials,,105.0109,105.01,0.0,,,48,0,CARL,,2026-09-17T13:18:36,2026-09-17T13:18:36
13140,2026-02-27,Plus Monroe Warehouse,COMPLETED,EXTRUDER (2ND SHIFT),Posted,2026-03-02,5:54AM,,18:06:00,LBS,8582.0,8582.0,0.0,Plus Materials,,0.0,0.0,0.0,,,0,0,CARL,,2026-09-17T13:18:36,2026-09-17T13:18:36
13142,2026-02-27,Plus Monroe Warehouse,COMPLETED,GUILLOTINE (2ND SHIFT),Posted,2026-03-02,5:55AM,,18:05:00,LBS,8630.0,8630.0,0.0,Plus Materials,,599.3971,599.39,0.0,,,0,0,CARL,,2026-09-17T13:18:36,2026-09-17T13:18:36
13144,2026-02-27,Monroe Processing Warehouse,COMPLETED,SHREDDER/GRINDER (2ND SHIFT),Posted,2026-03-02,5:55AM,,18:05:00,LBS,2360.0,2360.0,0.0,Plus Materials,,188.8,188.8,0.0,,,0,0,CARL,,2026-09-17T13:18:36,2026-09-17T13:18:36
13150,2026-02-27,Plus Monroe Warehouse,COMPLETED,EXTRUDER (3RD SHIFT),Posted,2026-03-02,5:56AM,,18:04:00,LBS,4770.0,4770.0,0.0,Plus Materials,,333.9,333.9,0.0,,,8,0,CARL,,2026-09-17T13:18:36,2026-09-17T13:18:36
13152,2026-02-27,Plus Monroe Warehouse,COMPLETED,GUILLOTINE (3RD SHIFT),Posted,2026-03-02,5:56AM,,18:04:00,LBS,3930.0,3930.0,0.0,Plus Materials,,275.1,275.1,0.0,,,10,0,CARL,,2026-09-17T13:18:36,2026-09-17T13:18:36
13156,2026-02-27,PRN Southeast,COMPLETED,BALER,Posted,2026-03-02,5:57AM,,18:03:00,LBS,2415.0,1945.0,470.0,Plus Materials,,140.31,261.06,120.75,,,10,1,CARL,,2026-09-17T13:18:36,2026-09-17T13:18:36
13157,2026-03-02,Plus Monroe Warehouse,COMPLETED,AUTO-TIE BALER (1ST SHIFT),Posted,2026-03-03,5:15AM,,18:45:00,LBS,1858.0,1858.0,0.0,Plus Materials,,167.22,167.22,0.0,,,0,2,CARL,,2026-09-17T13:18:36,2026-09-17T13:18:36
13158,2026-03-02,Plus Monroe Warehouse,COMPLETED,AVANGARD (OLD) (1ST SHIFT),Posted,2026-03-03,5:15AM,,18:45:00,LBS,1201.0,1201.0,0.0,Plus Materials,,0.0,0.0,0.0,,,0,0,CARL,,2026-09-17T13:18:36,2026-09-17T13:18:36
13161,2026-03-02,Plus Monroe Warehouse,COMPLETED,EXTRUDER (1ST SHIFT),Posted,2026-03-03,5:15AM,,18:45:00,LBS,7455.0,7455.0,0.0,Plus Materials,,521.85,521.85,0.0,,,204,0,CARL,,2026-09-17T13:18:36,2026-09-17T13:18:36
13163,2026-03-02,Plus Monroe Warehouse,COMPLETED,GUILLOTINE (1ST SHIFT),Posted,2026-03-03,5:15AM,,18:45:00,LBS,8450.0,8450.0,0.0,Plus Materials,,692.15,692.14,0.0,,,0,2,CARL,,2026-09-17T13:18:36,2026-09-17T13:18:36
13164,2026-03-02,Plus Monroe Warehouse,COMPLETED,SHREDDER (1ST SHIFT),Posted,2026-03-03,5:16AM,,18:44:00,LBS,1312.0,1312.0,0.0,Plus Materials,,13.12,13.12,0.0,,,0,11,CARL,,2026-09-17T13:18:36,2026-09-17T13:18:36
13165,2026-03-02,Monroe Processing Warehouse,COMPLETED,SHREDDER/GRINDER (1ST SHIFT),Posted,2026-03-03,5:16AM,,18:44:00,LBS,4140.0,4140.0,0.0,Plus Materials,,331.2,331.2,0.0,,,4,0,CARL,,2026-09-17T13:18:36,2026-09-17T13:18:36
13167,2026-03-02,Plus Monroe Warehouse,COMPLETED,AUTO-TIE BALER (2ND SHIFT),Posted,2026-03-03,5:16AM,,18:44:00,LBS,5010.0,5010.0,0.0,Plus Materials,,-29.9094,-29.91,0.0,,,0,0,CARL,,2026-09-17T13:18:36,2026-09-17T13:18:36
13171,2026-03-02,Plus Monroe Warehouse,COMPLETED,EXTRUDER (2ND SHIFT),Posted,2026-03-03,5:17AM,,18:43:00,LBS,9266.0,9266.0,0.0,Plus Materials,,1028.5034,1028.5,0.0,,,17,0,CARL,,2026-09-17T13:18:36,2026-09-17T13:18:36
13173,2026-03-02,Plus Monroe Warehouse,COMPLETED,GUILLOTINE (2ND SHIFT),Posted,2026-03-03,5:17AM,,18:43:00,LBS,9302.0,9302.0,0.0,Plus Materials,,845.73,845.75,0.0,,,16,0,CARL,,2026-09-17T13:18:36,2026-09-17T13:18:36
13181,2026-03-02,Plus Monroe Warehouse,COMPLETED,EXTRUDER (3RD SHIFT),Posted,2026-03-03,5:18AM,,18:42:00,LBS,3524.0,3524.0,0.0,Plus Materials,,105.72,105.72,0.0,,,0,0,CARL,,2026-09-17T13:18:36,2026-09-17T13:18:36
13183,2026-03-02,Plus Monroe Warehouse,COMPLETED,GUILLOTINE (3RD SHIFT),Posted,2026-03-03,5:18AM,,18:42:00,LBS,6033.0,6033.0,0.0,Plus Materials,,422.31,422.31,0.0,,,0,0,CARL,,2026-09-17T13:18:36,2026-09-17T13:18:36
13187,2026-03-02,PRN Southeast,COMPLETED,BALER,Posted,2026-03-03,5:19AM,,18:41:00,LBS,3610.0,3796.0,-186.0,Plus Materials,,203.89,384.39,180.5,,,12,2,CARL,,2026-09-17T13:18:36,2026-09-17T13:18:36
13189,2026-03-02,Plus Ryder Midwest,COMPLETED,BALER,Posted,2026-03-02,1:59PM,,10:01:00,LBS,69340.0,69340.0,0.0,Plus Materials,,114.4375,114.44,0.0,,,0,2,CARL,,2026-09-17T13:18:36,2026-09-17T13:18:36
13190,2026-03-02,Plus Ryder Midwest,COMPLETED,BOGUS,Posted,2026-03-02,2:17PM,,09:43:00,LBS,88618.0,88618.0,0.0,Plus Materials,,6902.7421,6902.74,0.0,,,88,3,CARL,,2026-09-17T13:18:36,2026-09-17T13:18:36
13191,2026-03-02,Plus Ryder Midwest,COMPLETED,BOGUS,Posted,2026-03-02,2:26PM,,09:34:00,LBS,77359.0,77359.0,0.0,Plus Materials,,7119.7674,7119.77,0.0,,,75,4,CARL,,2026-09-17T13:18:36,2026-09-17T13:18:36
13192,2026-03-02,Plus Ryder Midwest,COMPLETED,BOGUS,Posted,2026-03-02,2:35PM,,09:25:00,LBS,77044.0,77044.0,0.0,Plus Materials,,6921.9206,6921.92,0.0,,,51,4,CARL,,2026-09-17T13:18:36,2026-09-17T13:18:36
13193,2026-03-02,Plus Ryder Midwest,COMPLETED,BOGUS,Posted,2026-03-02,2:42PM,,09:18:00,LBS,22859.0,22859.0,0.0,Plus Materials,,1805.692,1805.69,0.0,,,26,2,CARL,,2026-09-17T13:18:36,2026-09-17T13:18:36
13194,2026-03-03,Plus Monroe Warehouse,COMPLETED,AUTO-TIE BALER (1ST SHIFT),Posted,2026-03-04,5:56AM,,18:04:00,LBS,6290.0,6290.0,0.0,Plus Materials,,-42.7882,-42.79,0.0,,,7,5,CARL,,2026-09-17T13:18:36,2026-09-17T13:18:36
13195,2026-03-03,Plus Monroe Warehouse,COMPLETED,AVANGARD (OLD) (1ST SHIFT),Posted,2026-03-04,5:56AM,,18:04:00,LBS,1185.0,1185.0,0.0,Plus Materials,,0.0,0.0,0.0,,,0,0,CARL,,2026-09-17T13:18:36,2026-09-17T13:18:36
13198,2026-03-03,Plus Monroe Warehouse,COMPLETED,EXTRUDER (1ST SHIFT),Posted,2026-03-04,5:57AM,,18:03:00,LBS,8200.0,8200.0,0.0,Plus Materials,,574.0,574.0,0.0,,,8,0,CARL,,2026-09-17T13:18:36,2026-09-17T13:18:36
13200,2026-03-03,Plus Monroe Warehouse,COMPLETED,GUILLOTINE (1ST SHIFT),Posted,2026-03-04,5:57AM,,18:03:00,LBS,4719.0,4719.0,0.0,Plus Materials,,330.33,330.33,0.0,,,10,6,CARL,,2026-09-17T13:18:36,2026-09-17T13:18:36
13201,2026-03-03,Plus Monroe Warehouse,COMPLETED,SHREDDER (1ST SHIFT),Posted,2026-03-04,5:57AM,,18:03:00,LBS,1429.0,1429.0,0.0,Plus Materials,,14.29,14.29,0.0,,,0,14,CARL,,2026-09-17T13:18:36,2026-09-17T13:18:36
13202,2026-03-03,Monroe Processing Warehouse,COMPLETED,SHREDDER/GRINDER (1ST SHIFT),Posted,2026-03-04,5:57AM,,18:03:00,LBS,2878.0,2878.0,0.0,Plus Materials,,28.78,28.78,0.0,,,0,0,CARL,,2026-09-17T13:18:36,2026-09-17T13:18:36
13204,2026-03-03,Plus Monroe Warehouse,COMPLETED,AUTO-TIE BALER (2ND SHIFT),Posted,2026-03-04,5:58AM,,18:02:00,LBS,2412.0,2412.0,0.0,Plus Materials,,0.0,0.0,0.0,,,7,0,CARL,,2026-09-17T13:18:36,2026-09-17T13:18:36
13208,2026-03-03,Plus Monroe Warehouse,COMPLETED,EXTRUDER (2ND SHIFT),Posted,2026-03-04,5:58AM,,18:02:00,LBS,9076.0,9076.0,0.0,Plus Materials,,635.32,635.32,0.0,,,204,0,CARL,,2026-09-17T13:18:36,2026-09-17T13:18:36
13210,2026-03-03,Plus Monroe Warehouse,COMPLETED,GUILLOTINE (2ND SHIFT),Posted,2026-03-04,5:59AM,,18:01:00,LBS,7373.0,7373.0,0.0,Plus Materials,,516.11,516.11,0.0,,,0,0,CARL,,2026-09-17T13:18:36,2026-09-17T13:18:36
13212,2026-03-03,Monroe Processing Warehouse,COMPLETED,SHREDDER/GRINDER (2ND SHIFT),Posted,2026-03-04,5:59AM,,18:01:00,LBS,3170.0,3170.0,0.0,Plus Materials,,31.7,31.7,0.0,,,0,0,CARL,,2026-09-17T13:18:36,2026-09-17T13:18:36
13218,2026-03-03,Plus Monroe Warehouse,COMPLETED,EXTRUDER (3RD SHIFT),Posted,2026-03-04,6:00AM,,18:00:00,LBS,4716.0,4716.0,0.0,Plus Materials,,330.12,330.12,0.0,,,0,0,CARL,,2026-09-17T13:18:36,2026-09-17T13:18:36
13220,2026-03-03,Plus Monroe Warehouse,COMPLETED,GUILLOTINE (3RD SHIFT),Posted,2026-03-04,6:00AM,,18:00:00,LBS,8505.0,8505.0,0.0,Plus Materials,,595.35,595.35,0.0,,,1,0,CARL,,2026-09-17T13:18:36,2026-09-17T13:18:36
13225,2026-03-03,Plus Ryder Midwest,COMPLETED,BOGUS,Posted,2026-03-03,2:34PM,,09:26:00,LBS,15148.0,15148.0,0.0,Plus Materials,,1258.3722,1258.37,0.0,,,66,1,CARL,,2026-09-17T13:18:36,2026-09-17T13:18:36
13226,2026-03-03,Plus Ryder Midwest,COMPLETED,BOGUS,Posted,2026-03-03,2:40PM,,09:20:00,LBS,15182.0,15182.0,0.0,Plus Materials,,453.1454,453.15,0.0,,,0,2,CARL,,2026-09-17T13:18:36,2026-09-17T13:18:36
13227,2026-03-04,Plus Monroe Warehouse,COMPLETED,AUTO-TIE BALER (1ST SHIFT),Posted,2026-03-05,5:56AM,,18:04:00,LBS,3574.0,3574.0,0.0,Plus Materials,,-41.38,-41.38,0.0,,,20,3,CARL,,2026-09-17T13:18:36,2026-09-17T13:18:36
13228,2026-03-04,Plus Monroe Warehouse,COMPLETED,AVANGARD (OLD) (1ST SHIFT),Posted,2026-03-05,5:56AM,,18:04:00,LBS,814.0,814.0,0.0,Plus Materials,,0.0,0.0,0.0,,,0,0,CARL,,2026-09-17T13:18:36,2026-09-17T13:18:36
13231,2026-03-04,Plus Monroe Warehouse,COMPLETED,EXTRUDER (1ST SHIFT),Posted,2026-03-05,5:56AM,,18:04:00,LBS,8214.0,8214.0,0.0,Plus Materials,,574.98,574.98,0.0,,,0,0,CARL,,2026-09-17T13:18:36,2026-09-17T13:18:36
13233,2026-03-04,Plus Monroe Warehouse,COMPLETED,GUILLOTINE (1ST SHIFT),Posted,2026-03-05,5:57AM,,18:03:00,LBS,11023.0,11023.0,0.0,Plus Materials,,771.61,771.61,0.0,,,0,12,CARL,,2026-09-17T13:18:36,2026-09-17T13:18:36
13234,2026-03-04,Plus Monroe Warehouse,COMPLETED,SHREDDER (1ST SHIFT),Posted,2026-03-05,5:57AM,,18:03:00,LBS,733.0,733.0,0.0,Plus Materials,,7.33,7.33,0.0,,,0,7,CARL,,2026-09-17T13:18:36,2026-09-17T13:18:36
13235,2026-03-04,Monroe Processing Warehouse,COMPLETED,SHREDDER/GRINDER (1ST SHIFT),Posted,2026-03-05,5:57AM,,18:03:00,LBS,7040.0,7040.0,0.0,Plus Materials,,70.4,70.4,0.0,,,18,0,CARL,,2026-09-17T13:18:36,2026-09-17T13:18:36
13237,2026-03-04,Plus Monroe Warehouse,COMPLETED,AUTO-TIE BALER (2ND SHIFT),Posted,2026-03-05,5:57AM,,18:03:00,LBS,3291.0,3291.0,0.0,Plus Materials,,-52.05,-52.05,0.0,,,11,0,CARL,,2026-09-17T13:18:36,2026-09-17T13:18:36
13241,2026-03-04,Plus Monroe Warehouse,COMPLETED,EXTRUDER (2ND SHIFT),Posted,2026-03-05,5:58AM,,18:02:00,LBS,8300.0,8300.0,0.0,Plus Materials,,581.0,581.0,0.0,,,0,0,CARL,,2026-09-17T13:18:36,2026-09-17T13:18:36
13243,2026-03-04,Plus Monroe Warehouse,COMPLETED,GUILLOTINE (2ND SHIFT),Posted,2026-03-05,5:58AM,,18:02:00,LBS,6089.0,6089.0,0.0,Plus Materials,,376.35,376.36,0.0,,,4,0,CARL,,2026-09-17T13:18:36,2026-09-17T13:18:36
13245,2026-03-04,Monroe Processing Warehouse,COMPLETED,SHREDDER/GRINDER (2ND SHIFT),Posted,2026-03-05,5:59AM,,18:01:00,LBS,2777.0,2777.0,0.0,Plus Materials,,27.77,27.77,0.0,,,0,0,CARL,,2026-09-17T13:18:36,2026-09-17T13:18:36
13251,2026-03-04,Plus Monroe Warehouse,COMPLETED,EXTRUDER (3RD SHIFT),Posted,2026-03-05,5:59AM,,18:01:00,LBS,5274.0,5274.0,0.0,Plus Materials,,369.18,369.18,0.0,,,0,0,CARL,,2026-09-17T13:18:36,2026-09-17T13:18:36
13257,2026-03-05,Plus Monroe Warehouse,COMPLETED,AUTO-TIE BALER (1ST SHIFT),Posted,2026-03-06,5:52AM,,18:08:00,LBS,4735.0,4735.0,0.0,Plus Materials,,0.0,0.0,0.0,,,13,4,CARL,,2026-09-17T13:18:36,2026-09-17T13:18:36
13258,2026-03-05,Plus Monroe Warehouse,COMPLETED,AVANGARD (OLD) (1ST SHIFT),Posted,2026-03-06,5:52AM,,18:08:00,LBS,1036.0,1036.0,0.0,Plus Materials,,0.0,0.0,0.0,,,0,0,CARL,,2026-09-17T13:18:36,2026-09-17T13:18:36
13261,2026-03-05,Plus Monroe Warehouse,COMPLETED,EXTRUDER (1ST SHIFT),Posted,2026-03-06,5:52AM,,18:08:00,LBS,7652.0,7652.0,0.0,Plus Materials,,535.64,535.64,0.0,,,7,0,CARL,,2026-09-17T13:18:36,2026-09-17T13:18:36
13263,2026-03-05,Plus Monroe Warehouse,COMPLETED,GUILLOTINE (1ST SHIFT),Posted,2026-03-06,5:53AM,,18:07:00,LBS,5119.0,5119.0,0.0,Plus Materials,,350.6994,350.7,0.0,,,14,5,CARL,,2026-09-17T13:18:36,2026-09-17T13:18:36
13265,2026-03-05,Monroe Processing Warehouse,COMPLETED,SHREDDER/GRINDER (1ST SHIFT),Posted,2026-03-06,5:53AM,,18:07:00,LBS,2334.0,2334.0,0.0,Plus Materials,,140.04,140.04,0.0,,,0,0,CARL,,2026-09-17T13:18:36,2026-09-17T13:18:36
13267,2026-03-05,Plus Monroe Warehouse,COMPLETED,AUTO-TIE BALER (2ND SHIFT),Posted,2026-03-06,5:53AM,,18:07:00,LBS,4312.0,4312.0,0.0,Plus Materials,,268.9571,268.96,0.0,,,1,0,CARL,,2026-09-17T13:18:36,2026-09-17T13:18:36
13271,2026-03-05,Plus Monroe Warehouse,COMPLETED,EXTRUDER (2ND SHIFT),Posted,2026-03-06,5:54AM,,18:06:00,LBS,7158.0,7158.0,0.0,Plus Materials,,501.06,501.06,0.0,,,202,0,CARL,,2026-09-17T13:18:36,2026-09-17T13:18:36
13273,2026-03-05,Plus Monroe Warehouse,COMPLETED,GUILLOTINE (2ND SHIFT),Posted,2026-03-06,5:54AM,,18:06:00,LBS,6132.0,6132.0,0.0,Plus Materials,,429.24,429.24,0.0,,,0,0,CARL,,2026-09-17T13:18:36,2026-09-17T13:18:36
13275,2026-03-05,Monroe Processing Warehouse,COMPLETED,SHREDDER/GRINDER (2ND SHIFT),Posted,2026-03-06,5:54AM,,18:06:00,LBS,6361.0,6361.0,0.0,Plus Materials,,508.88,508.88,0.0,,,21,0,CARL,,2026-09-17T13:18:36,2026-09-17T13:18:36
13281,2026-03-05,Plus Monroe Warehouse,COMPLETED,EXTRUDER (3RD SHIFT),Posted,2026-03-06,5:55AM,,18:05:00,LBS,2764.0,2764.0,0.0,Plus Materials,,-97.6502,-97.65,0.0,,,0,0,CARL,,2026-09-17T13:18:36,2026-09-17T13:18:36
13283,2026-03-05,Plus Monroe Warehouse,COMPLETED,GUILLOTINE (3RD SHIFT),Posted,2026-03-06,5:56AM,,18:04:00,LBS,3835.0,3835.0,0.0,Plus Materials,,268.45,268.45,0.0,,,0,0,CARL,,2026-09-17T13:18:36,2026-09-17T13:18:36
13288,2026-03-06,Plus Monroe Warehouse,COMPLETED,AUTO-TIE BALER (1ST SHIFT),Posted,2026-03-09,5:52AM,,18:08:00,LBS,5893.0,5893.0,0.0,Plus Materials,,24.17,24.17,0.0,,,43,5,CARL,,2026-09-17T13:18:36,2026-09-17T13:18:36
13292,2026-03-06,Plus Monroe Warehouse,COMPLETED,EXTRUDER (1ST SHIFT),Posted,2026-03-09,5:53AM,,18:07:00,LBS,7077.0,7077.0,0.0,Plus Materials,,343.0,342.99,0.0,,,0,0,CARL,,2026-09-17T13:18:36,2026-09-17T13:18:36
13294,2026-03-06,Plus Monroe Warehouse,COMPLETED,GUILLOTINE (1ST SHIFT),Posted,2026-03-09,5:53AM,,18:07:00,LBS,15459.0,15459.0,0.0,Plus Materials,,-379.6942,-379.69,0.0,,,15,7,CARL,,2026-09-17T13:18:36,2026-09-17T13:18:36
13295,2026-03-06,Plus Monroe Warehouse,COMPLETED,SHREDDER (1ST SHIFT),Posted,2026-03-09,5:53AM,,18:07:00,LBS,945.0,945.0,0.0,Plus Materials,,53.3887,53.39,0.0,,,0,6,CARL,,2026-09-17T13:18:36,2026-09-17T13:18:36
13296,2026-03-06,Monroe Processing Warehouse,COMPLETED,SHREDDER/GRINDER (1ST SHIFT),Posted,2026-03-09,5:53AM,,18:07:00,LBS,5179.0,5179.0,0.0,Plus Materials,,414.32,414.32,0.0,,,0,0,CARL,,2026-09-17T13:18:36,2026-09-17T13:18:36
13298,2026-03-06,Plus Monroe Warehouse,COMPLETED,AUTO-TIE BALER (2ND SHIFT),Posted,2026-03-09,5:54AM,,18:06:00,LBS,1852.0,1852.0,0.0,Plus Materials,,116.329,116.33,0.0,,,12,0,CARL,,2026-09-17T13:18:36,2026-09-17T13:18:36
13302,2026-03-06,Plus Monroe Warehouse,COMPLETED,EXTRUDER (2ND SHIFT),Posted,2026-03-09,5:54AM,,18:06:00,LBS,9196.0,9196.0,0.0,Plus Materials,,757.51,757.51,0.0,,,0,0,CARL,,2026-09-17T13:18:36,2026-09-17T13:18:36
13304,2026-03-06,Plus Monroe Warehouse,COMPLETED,GUILLOTINE (2ND SHIFT),Posted,2026-03-09,5:55AM,,18:05:00,LBS,7316.0,7316.0,0.0,Plus Materials,,226.17,226.15,0.0,,,0,0,CARL,,2026-09-17T13:18:36,2026-09-17T13:18:36
13306,2026-03-06,Monroe Processing Warehouse,COMPLETED,SHREDDER/GRINDER (2ND SHIFT),Posted,2026-03-09,5:55AM,,18:05:00,LBS,2809.0,2809.0,0.0,Plus Materials,,214.8042,214.8,0.0,,,3,0,CARL,,2026-09-17T13:18:36,2026-09-17T13:18:36
13312,2026-03-06,Plus Monroe Warehouse,COMPLETED,EXTRUDER (3RD SHIFT),Posted,2026-03-09,5:56AM,,18:04:00,LBS,4026.0,4026.0,0.0,Plus Materials,,208.4651,208.46,0.0,,,0,0,CARL,,2026-09-17T13:18:36,2026-09-17T13:18:36
13314,2026-03-06,Plus Monroe Warehouse,COMPLETED,GUILLOTINE (3RD SHIFT),Posted,2026-03-09,5:56AM,,18:04:00,LBS,6121.0,6121.0,0.0,Plus Materials,,285.82,285.82,0.0,,,0,0,CARL,,2026-09-17T13:18:36,2026-09-17T13:18:36
13318,2026-03-09,Plus Monroe Warehouse,COMPLETED,AUTO-TIE BALER (1ST SHIFT),Posted,2026-03-10,5:15AM,,18:45:00,LBS,8798.0,8798.0,0.0,Plus Materials,,1143.74,1143.74,0.0,,,17,6,CARL,,2026-09-17T13:18:36,2026-09-17T13:18:36
13319,2026-03-09,Plus Monroe Warehouse,COMPLETED,AVANGARD (OLD) (1ST SHIFT),Posted,2026-03-10,5:16AM,,18:44:00,LBS,1092.0,1092.0,0.0,Plus Materials,,0.0,0.0,0.0,,,0,0,CARL,,2026-09-17T13:18:36,2026-09-17T13:18:36
13322,2026-03-09,Plus Monroe Warehouse,COMPLETED,EXTRUDER (1ST SHIFT),Posted,2026-03-10,5:16AM,,18:44:00,LBS,8530.0,8530.0,0.0,Plus Materials,,938.3,938.3,0.0,,,0,0,CARL,,2026-09-17T13:18:36,2026-09-17T13:18:36
13324,2026-03-09,Plus Monroe Warehouse,COMPLETED,GUILLOTINE (1ST SHIFT),Posted,2026-03-10,5:16AM,,18:44:00,LBS,7902.0,7902.0,0.0,Plus Materials,,869.22,869.22,0.0,,,20,5,CARL,,2026-09-17T13:18:36,2026-09-17T13:18:36
13325,2026-03-09,Plus Monroe Warehouse,COMPLETED,SHREDDER (1ST SHIFT),Posted,2026-03-10,5:17AM,,18:43:00,LBS,5433.0,5433.0,0.0,Plus Materials,,224.0054,224.01,0.0,,,16,4,CARL,,2026-09-17T13:18:36,2026-09-17T13:18:36
13326,2026-03-09,Monroe Processing Warehouse,COMPLETED,SHREDDER/GRINDER (1ST SHIFT),Posted,2026-03-10,5:17AM,,18:43:00,LBS,3438.0,3438.0,0.0,Plus Materials,,171.9,171.9,0.0,,,7,0,CARL,,2026-09-17T13:18:36,2026-09-17T13:18:36
13328,2026-03-09,Plus Monroe Warehouse,COMPLETED,AUTO-TIE BALER (2ND SHIFT),Posted,2026-03-10,5:17AM,,18:43:00,LBS,6432.0,6432.0,0.0,Plus Materials,,0.0,0.0,0.0,,,31,0,CARL,,2026-09-17T13:18:36,2026-09-17T13:18:36
13332,2026-03-09,Plus Monroe Warehouse,COMPLETED,EXTRUDER (2ND SHIFT),Posted,2026-03-10,5:18AM,,18:42:00,LBS,8392.0,8392.0,0.0,Plus Materials,,923.12,923.12,0.0,,,147,0,CARL,,2026-09-17T13:18:36,2026-09-17T13:18:36
13334,2026-03-09,Plus Monroe Warehouse,COMPLETED,GUILLOTINE (2ND SHIFT),Posted,2026-03-10,5:18AM,,18:42:00,LBS,8824.0,8824.0,0.0,Plus Materials,,100.34,100.34,0.0,,,10,0,CARL,,2026-09-17T13:18:36,2026-09-17T13:18:36
13336,2026-03-09,Monroe Processing Warehouse,COMPLETED,SHREDDER/GRINDER (2ND SHIFT),Posted,2026-03-10,5:19AM,,18:41:00,LBS,1257.0,1257.0,0.0,Plus Materials,,24.6948,24.69,0.0,,,0,0,CARL,,2026-09-17T13:18:36,2026-09-17T13:18:36
13342,2026-03-09,Plus Monroe Warehouse,COMPLETED,EXTRUDER (3RD SHIFT),Posted,2026-03-10,5:20AM,,18:40:00,LBS,5946.0,5946.0,0.0,Plus Materials,,654.06,654.06,0.0,,,0,0,CARL,,2026-09-17T13:18:36,2026-09-17T13:18:36
13349,2026-03-10,Plus Monroe Warehouse,COMPLETED,AUTO-TIE BALER (1ST SHIFT),Posted,2026-03-11,5:54AM,,18:06:00,LBS,8472.0,8472.0,0.0,Plus Materials,,552.239,552.25,0.0,,,36,5,CARL,,2026-09-17T13:18:36,2026-09-17T13:18:36
13350,2026-03-10,Plus Monroe Warehouse,COMPLETED,AVANGARD (OLD) (1ST SHIFT),Posted,2026-03-11,5:55AM,,18:05:00,LBS,1491.0,1491.0,0.0,Plus Materials,,112.1315,112.13,0.0,,,0,0,CARL,,2026-09-17T13:18:36,2026-09-17T13:18:36
13353,2026-03-10,Plus Monroe Warehouse,COMPLETED,EXTRUDER (1ST SHIFT),Posted,2026-03-11,5:55AM,,18:05:00,LBS,7300.0,7300.0,0.0,Plus Materials,,803.0,803.0,0.0,,,10,0,CARL,,2026-09-17T13:18:36,2026-09-17T13:18:36
13355,2026-03-10,Plus Monroe Warehouse,COMPLETED,GUILLOTINE (1ST SHIFT),Posted,2026-03-11,5:56AM,,18:04:00,LBS,5774.0,5774.0,0.0,Plus Materials,,-160.44,-160.44,0.0,,,12,1,CARL,,2026-09-17T13:18:36,2026-09-17T13:18:36
13356,2026-03-10,Plus Monroe Warehouse,COMPLETED,SHREDDER (1ST SHIFT),Posted,2026-03-11,5:56AM,,18:04:00,LBS,883.0,883.0,0.0,Plus Materials,,32.2636,32.26,0.0,,,0,0,CARL,,2026-09-17T13:18:36,2026-09-17T13:18:36
13357,2026-03-10,Monroe Processing Warehouse,COMPLETED,SHREDDER/GRINDER (1ST SHIFT),Posted,2026-03-11,5:56AM,,18:04:00,LBS,2723.0,2723.0,0.0,Plus Materials,,42.8161,42.82,0.0,,,32,0,CARL,,2026-09-17T13:18:36,2026-09-17T13:18:36
13359,2026-03-10,Plus Monroe Warehouse,COMPLETED,AUTO-TIE BALER (2ND SHIFT),Posted,2026-03-11,5:56AM,,18:04:00,LBS,5116.0,5116.0,0.0,Plus Materials,,661.0386,661.04,0.0,,,4,0,CARL,,2026-09-17T13:18:36,2026-09-17T13:18:36
13363,2026-03-10,Plus Monroe Warehouse,COMPLETED,EXTRUDER (2ND SHIFT),Posted,2026-03-11,5:57AM,,18:03:00,LBS,8500.0,8500.0,0.0,Plus Materials,,935.0,935.0,0.0,,,160,0,CARL,,2026-09-17T13:18:36,2026-09-17T13:18:36
13365,2026-03-10,Plus Monroe Warehouse,COMPLETED,GUILLOTINE (2ND SHIFT),Posted,2026-03-11,5:57AM,,18:03:00,LBS,7096.0,7096.0,0.0,Plus Materials,,234.98,235.0,0.0,,,0,0,CARL,,2026-09-17T13:18:36,2026-09-17T13:18:36
13367,2026-03-10,Monroe Processing Warehouse,COMPLETED,SHREDDER/GRINDER (2ND SHIFT),Posted,2026-03-11,5:58AM,,18:02:00,LBS,4112.0,4112.0,0.0,Plus Materials,,205.6,205.6,0.0,,,0,0,CARL,,2026-09-17T13:18:36,2026-09-17T13:18:36
13373,2026-03-10,Plus Monroe Warehouse,COMPLETED,EXTRUDER (3RD SHIFT),Posted,2026-03-11,5:59AM,,18:01:00,LBS,4502.0,4502.0,0.0,Plus Materials,,495.22,495.22,0.0,,,0,0,CARL,,2026-09-17T13:18:36,2026-09-17T13:18:36
13375,2026-03-10,Plus Monroe Warehouse,COMPLETED,GUILLOTINE (3RD SHIFT),Posted,2026-03-11,5:59AM,,18:01:00,LBS,6050.0,6050.0,0.0,Plus Materials,,665.5,665.5,0.0,,,0,0,CARL,,2026-09-17T13:18:36,2026-09-17T13:18:36
13379,2026-03-10,PRN Southeast,COMPLETED,BALER,Posted,2026-03-11,6:00AM,,18:00:00,LBS,14715.0,16995.0,-2280.0,Plus Materials,,847.32,1583.06,735.75,,,66,11,CARL,,2026-09-17T13:18:36,2026-09-17T13:18:36
13380,2026-03-11,Plus Monroe Warehouse,COMPLETED,AUTO-TIE BALER (1ST SHIFT),Posted,2026-03-12,5:52AM,,18:08:00,LBS,8259.0,8259.0,0.0,Plus Materials,,314.3623,314.37,0.0,,,8,5,CARL,,2026-09-17T13:18:36,2026-09-17T13:18:36
13381,2026-03-11,Plus Monroe Warehouse,COMPLETED,AVANGARD (OLD) (1ST SHIFT),Posted,2026-03-12,5:52AM,,18:08:00,LBS,1832.0,1832.0,0.0,Plus Materials,,18.32,18.32,0.0,,,0,0,CARL,,2026-09-17T13:18:36,2026-09-17T13:18:36
13384,2026-03-11,Plus Monroe Warehouse,COMPLETED,EXTRUDER (1ST SHIFT),Posted,2026-03-12,5:52AM,,18:08:00,LBS,6134.0,6134.0,0.0,Plus Materials,,674.74,674.74,0.0,,,0,0,CARL,,2026-09-17T13:18:36,2026-09-17T13:18:36
13386,2026-03-11,Plus Monroe Warehouse,COMPLETED,GUILLOTINE (1ST SHIFT),Posted,2026-03-12,5:53AM,,18:07:00,LBS,4352.0,4352.0,0.0,Plus Materials,,395.86,395.87,0.0,,,0,0,CARL,,2026-09-17T13:18:36,2026-09-17T13:18:36
13387,2026-03-11,Plus Monroe Warehouse,COMPLETED,SHREDDER (1ST SHIFT),Posted,2026-03-12,5:53AM,,18:07:00,LBS,7675.0,7675.0,0.0,Plus Materials,,307.0,307.0,0.0,,,17,9,CARL,,2026-09-17T13:18:36,2026-09-17T13:18:36
13388,2026-03-11,Monroe Processing Warehouse,COMPLETED,SHREDDER/GRINDER (1ST SHIFT),Posted,2026-03-12,5:53AM,,18:07:00,LBS,4665.0,4665.0,0.0,Plus Materials,,304.1865,304.18,0.0,,,4,0,CARL,,2026-09-17T13:18:36,2026-09-17T13:18:36
13390,2026-03-11,Plus Monroe Warehouse,COMPLETED,AUTO-TIE BALER (2ND SHIFT),Posted,2026-03-12,5:53AM,,18:07:00,LBS,4208.0,4208.0,0.0,Plus Materials,,105.2,105.2,0.0,,,12,0,CARL,,2026-09-17T13:18:36,2026-09-17T13:18:36
13394,2026-03-11,Plus Monroe Warehouse,COMPLETED,EXTRUDER (2ND SHIFT),Posted,2026-03-12,5:54AM,,18:06:00,LBS,8914.0,8914.0,0.0,Plus Materials,,534.84,534.84,0.0,,,26,0,CARL,,2026-09-17T13:18:36,2026-09-17T13:18:36
13396,2026-03-11,Plus Monroe Warehouse,COMPLETED,GUILLOTINE (2ND SHIFT),Posted,2026-03-12,5:55AM,,18:05:00,LBS,7904.0,7904.0,0.0,Plus Materials,,452.86,452.86,0.0,,,0,0,CARL,,2026-09-17T13:18:36,2026-09-17T13:18:36
13397,2026-03-11,Plus Monroe Warehouse,COMPLETED,SHREDDER (2ND SHIFT),Posted,2026-03-12,5:55AM,,18:05:00,LBS,2299.0,2299.0,0.0,Plus Materials,,344.6229,344.62,0.0,,,9,0,CARL,,2026-09-17T13:18:36,2026-09-17T13:18:36
13398,2026-03-11,Monroe Processing Warehouse,COMPLETED,SHREDDER/GRINDER (2ND SHIFT),Posted,2026-03-12,5:55AM,,18:05:00,LBS,1696.0,1696.0,0.0,Plus Materials,,0.0,0.0,0.0,,,3,0,CARL,,2026-09-17T13:18:36,2026-09-17T13:18:36
13411,2026-03-12,Plus Monroe Warehouse,COMPLETED,AUTO-TIE BALER (1ST SHIFT),Posted,2026-03-13,5:49AM,,18:11:00,LBS,9383.0,9383.0,0.0,Plus Materials,,948.6037,948.6,0.0,,,41,6,CARL,,2026-09-17T13:18:36,2026-09-17T13:18:36
13412,2026-03-12,Plus Monroe Warehouse,COMPLETED,AVANGARD (OLD) (1ST SHIFT),Posted,2026-03-13,5:49AM,,18:11:00,LBS,1017.0,1017.0,0.0,Plus Materials,,0.0,0.0,0.0,,,0,0,CARL,,2026-09-17T13:18:36,2026-09-17T13:18:36
13415,2026-03-12,Plus Monroe Warehouse,COMPLETED,EXTRUDER (1ST SHIFT),Posted,2026-03-13,5:49AM,,18:11:00,LBS,7844.0,7844.0,0.0,Plus Materials,,0.0,0.0,0.0,,,11,0,CARL,,2026-09-17T13:18:36,2026-09-17T13:18:36
13417,2026-03-12,Plus Monroe Warehouse,COMPLETED,GUILLOTINE (1ST SHIFT),Posted,2026-03-13,5:50AM,,18:10:00,LBS,8167.0,8167.0,0.0,Plus Materials,,490.02,490.02,0.0,,,0,6,CARL,,2026-09-17T13:18:36,2026-09-17T13:18:36
13418,2026-03-12,Plus Monroe Warehouse,COMPLETED,SHREDDER (1ST SHIFT),Posted,2026-03-13,5:50AM,,18:10:00,LBS,7495.0,7495.0,0.0,Plus Materials,,0.0,0.0,0.0,,,52,6,CARL,,2026-09-17T13:18:36,2026-09-17T13:18:36
13421,2026-03-12,Plus Monroe Warehouse,COMPLETED,AUTO-TIE BALER (2ND SHIFT),Posted,2026-03-13,5:52AM,,18:08:00,LBS,5028.0,5028.0,0.0,Plus Materials,,125.7029,125.7,0.0,,,17,0,CARL,,2026-09-17T13:18:36,2026-09-17T13:18:36
13425,2026-03-12,Plus Monroe Warehouse,COMPLETED,EXTRUDER (2ND SHIFT),Posted,2026-03-13,5:52AM,,18:08:00,LBS,8514.0,8514.0,0.0,Plus Materials,,0.0,0.0,0.0,,,0,0,CARL,,2026-09-17T13:18:36,2026-09-17T13:18:36
13427,2026-03-12,Plus Monroe Warehouse,COMPLETED,GUILLOTINE (2ND SHIFT),Posted,2026-03-13,5:53AM,,18:07:00,LBS,7363.0,7363.0,0.0,Plus Materials,,358.09,358.1,0.0,,,13,0,CARL,,2026-09-17T13:18:36,2026-09-17T13:18:36
13428,2026-03-12,Plus Monroe Warehouse,COMPLETED,SHREDDER (2ND SHIFT),Posted,2026-03-13,5:53AM,,18:07:00,LBS,4594.0,4594.0,0.0,Plus Materials,,250.4853,250.48,0.0,,,14,0,CARL,,2026-09-17T13:18:36,2026-09-17T13:18:36
13429,2026-03-12,Monroe Processing Warehouse,COMPLETED,SHREDDER/GRINDER (2ND SHIFT),Posted,2026-03-13,5:53AM,,18:07:00,LBS,1919.0,1919.0,0.0,Plus Materials,,153.52,153.52,0.0,,,0,0,CARL,,2026-09-17T13:18:36,2026-09-17T13:18:36
13435,2026-03-12,Plus Monroe Warehouse,COMPLETED,EXTRUDER (3RD SHIFT),Posted,2026-03-13,5:54AM,,18:06:00,LBS,4916.0,4916.0,0.0,Plus Materials,,294.96,294.96,0.0,,,18,0,CARL,,2026-09-17T13:18:36,2026-09-17T13:18:36
13437,2026-03-12,Plus Monroe Warehouse,COMPLETED,GUILLOTINE (3RD SHIFT),Posted,2026-03-13,5:55AM,,18:05:00,LBS,4292.0,4292.0,0.0,Plus Materials,,128.76,128.76,0.0,,,0,0,CARL,,2026-09-17T13:18:36,2026-09-17T13:18:36
13441,2026-03-12,PRN Southeast,COMPLETED,BALER,Posted,2026-03-13,5:55AM,,18:05:00,LBS,7296.0,6155.0,1141.0,Plus Materials,,414.58,779.38,364.8,,,25,6,CARL,,2026-09-17T13:18:36,2026-09-17T13:18:36
13442,2026-03-13,Plus Monroe Warehouse,COMPLETED,AUTO-TIE BALER (1ST SHIFT),Posted,2026-03-16,5:54AM,,18:06:00,LBS,6922.0,6922.0,0.0,Plus Materials,,88.3273,88.32,0.0,,,34,4,CARL,,2026-09-17T13:18:36,2026-09-17T13:18:36
13446,2026-03-13,Plus Monroe Warehouse,COMPLETED,EXTRUDER (1ST SHIFT),Posted,2026-03-16,5:55AM,,18:05:00,LBS,7133.0,7133.0,0.0,Plus Materials,,292.9,292.9,0.0,,,0,0,CARL,,2026-09-17T13:18:36,2026-09-17T13:18:36
13448,2026-03-13,Plus Monroe Warehouse,COMPLETED,GUILLOTINE (1ST SHIFT),Posted,2026-03-16,5:55AM,,18:05:00,LBS,2026.0,2026.0,0.0,Plus Materials,,233.9319,233.93,0.0,,,0,3,CARL,,2026-09-17T13:18:36,2026-09-17T13:18:36
13449,2026-03-13,Plus Monroe Warehouse,COMPLETED,SHREDDER (1ST SHIFT),Posted,2026-03-16,5:55AM,,18:05:00,LBS,2559.0,2559.0,0.0,Plus Materials,,93.8685,93.87,0.0,,,0,2,CARL,,2026-09-17T13:18:36,2026-09-17T13:18:36
13450,2026-03-13,Monroe Processing Warehouse,COMPLETED,SHREDDER/GRINDER (1ST SHIFT),Posted,2026-03-16,5:56AM,,18:04:00,LBS,4597.0,4597.0,0.0,Plus Materials,,229.85,229.85,0.0,,,9,6,CARL,,2026-09-17T13:18:36,2026-09-17T13:18:36
13456,2026-03-13,Plus Monroe Warehouse,COMPLETED,EXTRUDER (2ND SHIFT),Posted,2026-03-16,5:57AM,,18:03:00,LBS,8148.0,8148.0,0.0,Plus Materials,,294.27,294.28,0.0,,,3,0,CARL,,2026-09-17T13:18:36,2026-09-17T13:18:36
13458,2026-03-13,Plus Monroe Warehouse,COMPLETED,GUILLOTINE (2ND SHIFT),Posted,2026-03-16,5:57AM,,18:03:00,LBS,7861.0,7861.0,0.0,Plus Materials,,463.31,463.3,0.0,,,7,0,CARL,,2026-09-17T13:18:36,2026-09-17T13:18:36
13459,2026-03-13,Plus Monroe Warehouse,COMPLETED,SHREDDER (2ND SHIFT),Posted,2026-03-16,5:57AM,,18:03:00,LBS,3857.0,3857.0,0.0,Plus Materials,,216.8057,216.81,0.0,,,12,4,CARL,,2026-09-17T13:18:36,2026-09-17T13:18:36
13460,2026-03-13,Monroe Processing Warehouse,COMPLETED,SHREDDER/GRINDER (2ND SHIFT),Posted,2026-03-16,5:58AM,,18:02:00,LBS,5258.0,5258.0,0.0,Plus Materials,,262.9,262.9,0.0,,,0,0,CARL,,2026-09-17T13:18:36,2026-09-17T13:18:36
13468,2026-03-13,Plus Monroe Warehouse,COMPLETED,GUILLOTINE (3RD SHIFT),Posted,2026-03-16,5:59AM,,18:01:00,LBS,6241.0,6241.0,0.0,Plus Materials,,1051.1,1051.09,0.0,,,0,0,CARL,,2026-09-17T13:18:36,2026-09-17T13:18:36
13471,2026-03-13,Plus Monroe Warehouse,COMPLETED,SHREDDER (3RD SHIFT),Posted,2026-03-16,6:00AM,,18:00:00,LBS,4564.0,4564.0,0.0,Plus Materials,,162.7265,162.73,0.0,,,13,0,CARL,,2026-09-17T13:18:36,2026-09-17T13:18:36
13472,2026-03-16,PRN Southeast,COMPLETED,BALER,Posted,2026-03-17,6:00AM,,18:00:00,LBS,9770.0,20085.0,-10315.0,Plus Materials,,545.76,1034.27,488.5,,,24,9,CARL,,2026-09-17T13:18:36,2026-09-17T13:18:36
13477,2026-03-16,Plus Monroe Warehouse,COMPLETED,EXTRUDER (1ST SHIFT),Posted,2026-03-17,4:55AM,,19:05:00,LBS,6060.0,6060.0,0.0,Plus Materials,,410.3967,410.4,0.0,,,12,0,CARL,,2026-09-17T13:18:36,2026-09-17T13:18:36
13478,2026-03-16,Plus Monroe Warehouse,COMPLETED,GREEN MAX (NEW) (1ST SHIFT),Posted,2026-03-17,4:55AM,,19:05:00,LBS,1277.0,1277.0,0.0,Plus Materials,,46.2505,46.25,0.0,,,0,0,CARL,,2026-09-17T13:18:36,2026-09-17T13:18:36
13479,2026-03-16,Plus Monroe Warehouse,COMPLETED,GUILLOTINE (1ST SHIFT),Posted,2026-03-17,4:55AM,,19:05:00,LBS,4242.0,4242.0,0.0,Plus Materials,,471.6255,471.63,0.0,,,9,5,CARL,,2026-09-17T13:18:36,2026-09-17T13:18:36
13480,2026-03-16,Plus Monroe Warehouse,COMPLETED,SHREDDER (1ST SHIFT),Posted,2026-03-17,4:56AM,,19:04:00,LBS,4215.0,4215.0,0.0,Plus Materials,,253.1147,253.11,0.0,,,18,2,CARL,,2026-09-17T13:18:36,2026-09-17T13:18:36
13481,2026-03-16,Monroe Processing Warehouse,COMPLETED,SHREDDER/GRINDER (1ST SHIFT),Posted,2026-03-17,4:56AM,,19:04:00,LBS,6191.0,6191.0,0.0,Plus Materials,,0.0,0.0,0.0,,,0,0,CARL,,2026-09-17T13:18:36,2026-09-17T13:18:36
13487,2026-03-16,Plus Monroe Warehouse,COMPLETED,EXTRUDER (2ND SHIFT),Posted,2026-03-17,4:57AM,,19:03:00,LBS,5144.0,5144.0,0.0,Plus Materials,,336.96,336.96,0.0,,,7,0,CARL,,2026-09-17T13:18:36,2026-09-17T13:18:36
13489,2026-03-16,Plus Monroe Warehouse,COMPLETED,GUILLOTINE (2ND SHIFT),Posted,2026-03-17,4:57AM,,19:03:00,LBS,3802.0,3802.0,0.0,Plus Materials,,254.7217,254.72,0.0,,,1,0,CARL,,2026-09-17T13:18:36,2026-09-17T13:18:36
13490,2026-03-16,Plus Monroe Warehouse,COMPLETED,SHREDDER (2ND SHIFT),Posted,2026-03-17,4:57AM,,19:03:00,LBS,5378.0,5378.0,0.0,Plus Materials,,271.5144,271.52,0.0,,,7,5,CARL,,2026-09-17T13:18:36,2026-09-17T13:18:36
13491,2026-03-16,Monroe Processing Warehouse,COMPLETED,SHREDDER/GRINDER (2ND SHIFT),Posted,2026-03-17,4:58AM,,19:02:00,LBS,5980.0,5980.0,0.0,Plus Materials,,0.0,0.0,0.0,,,0,0,CARL,,2026-09-17T13:18:36,2026-09-17T13:18:36
13497,2026-03-16,Plus Monroe Warehouse,COMPLETED,EXTRUDER (3RD SHIFT),Posted,2026-03-17,4:59AM,,19:01:00,LBS,4534.0,4534.0,0.0,Plus Materials,,303.7654,303.77,0.0,,,7,0,CARL,,2026-09-17T13:18:36,2026-09-17T13:18:36
13503,2026-03-17,Plus Monroe Warehouse,COMPLETED,AUTO-TIE BALER (1ST SHIFT),Posted,2026-03-18,5:50AM,,18:10:00,LBS,6245.0,6245.0,0.0,Plus Materials,,419.2944,419.29,0.0,,,1,5,CARL,,2026-09-17T13:18:36,2026-09-17T13:18:36
13507,2026-03-17,Plus Monroe Warehouse,COMPLETED,EXTRUDER (1ST SHIFT),Posted,2026-03-18,5:51AM,,18:09:00,LBS,7680.0,7680.0,0.0,Plus Materials,,806.4,806.4,0.0,,,11,0,CARL,,2026-09-17T13:18:36,2026-09-17T13:18:36
13508,2026-03-17,Plus Monroe Warehouse,COMPLETED,GREEN MAX (NEW) (1ST SHIFT),Posted,2026-03-18,5:51AM,,18:09:00,LBS,1609.0,1609.0,0.0,Plus Materials,,0.0,0.0,0.0,,,0,0,CARL,,2026-09-17T13:18:36,2026-09-17T13:18:36
13509,2026-03-17,Plus Monroe Warehouse,COMPLETED,GUILLOTINE (1ST SHIFT),Posted,2026-03-18,5:52AM,,18:08:00,LBS,9856.0,9856.0,0.0,Plus Materials,,660.3268,660.34,0.0,,,98,8,CARL,,2026-09-17T13:18:36,2026-09-17T13:18:36
13511,2026-03-17,Monroe Processing Warehouse,COMPLETED,SHREDDER/GRINDER (1ST SHIFT),Posted,2026-03-18,5:52AM,,18:08:00,LBS,4054.0,4054.0,0.0,Plus Materials,,0.0,0.0,0.0,,,0,0,CARL,,2026-09-17T13:18:36,2026-09-17T13:18:36
13513,2026-03-17,Plus Monroe Warehouse,COMPLETED,AUTO-TIE BALER (2ND SHIFT),Posted,2026-03-18,5:52AM,,18:08:00,LBS,5173.0,5173.0,0.0,Plus Materials,,257.4654,257.47,0.0,,,12,0,CARL,,2026-09-17T13:18:36,2026-09-17T13:18:36
13517,2026-03-17,Plus Monroe Warehouse,COMPLETED,EXTRUDER (2ND SHIFT),Posted,2026-03-18,5:53AM,,18:07:00,LBS,8000.0,8000.0,0.0,Plus Materials,,840.0,840.0,0.0,,,10,0,CARL,,2026-09-17T13:18:36,2026-09-17T13:18:36
13519,2026-03-17,Plus Monroe Warehouse,COMPLETED,GUILLOTINE (2ND SHIFT),Posted,2026-03-18,5:53AM,,18:07:00,LBS,7236.0,7236.0,0.0,Plus Materials,,484.7902,484.8,0.0,,,0,0,CARL,,2026-09-17T13:18:36,2026-09-17T13:18:36
13520,2026-03-17,Plus Monroe Warehouse,COMPLETED,SHREDDER (2ND SHIFT),Posted,2026-03-18,5:53AM,,18:07:00,LBS,3584.0,3584.0,0.0,Plus Materials,,194.8455,194.84,0.0,,,16,4,CARL,,2026-09-17T13:18:36,2026-09-17T13:18:36
13521,2026-03-17,Monroe Processing Warehouse,COMPLETED,SHREDDER/GRINDER (2ND SHIFT),Posted,2026-03-18,5:54AM,,18:06:00,LBS,6025.0,6025.0,0.0,Plus Materials,,0.0,0.0,0.0,,,4,0,CARL,,2026-09-17T13:18:36,2026-09-17T13:18:36
13527,2026-03-17,Plus Monroe Warehouse,COMPLETED,EXTRUDER (3RD SHIFT),Posted,2026-03-18,5:55AM,,18:05:00,LBS,6068.0,6068.0,0.0,Plus Materials,,637.14,637.14,0.0,,,10,0,CARL,,2026-09-17T13:18:36,2026-09-17T13:18:36
13529,2026-03-17,Plus Monroe Warehouse,COMPLETED,GUILLOTINE (3RD SHIFT),Posted,2026-03-18,5:55AM,,18:05:00,LBS,6124.0,6124.0,0.0,Plus Materials,,331.3347,331.33,0.0,,,8,0,CARL,,2026-09-17T13:18:36,2026-09-17T13:18:36
13534,2026-03-18,Plus Monroe Warehouse,COMPLETED,AUTO-TIE BALER (1ST SHIFT),Posted,2026-03-19,5:48AM,,18:12:00,LBS,5319.0,5319.0,0.0,Plus Materials,,228.4225,228.42,0.0,,,16,4,CARL,,2026-09-17T13:18:36,2026-09-17T13:18:36
13538,2026-03-18,Plus Monroe Warehouse,COMPLETED,EXTRUDER (1ST SHIFT),Posted,2026-03-19,5:49AM,,18:11:00,LBS,8597.0,8597.0,0.0,Plus Materials,,902.685,902.69,0.0,,,10,0,CARL,,2026-09-17T13:18:36,2026-09-17T13:18:36
13539,2026-03-18,Plus Monroe Warehouse,COMPLETED,GREEN MAX (NEW) (1ST SHIFT),Posted,2026-03-19,5:49AM,,18:11:00,LBS,1001.0,1001.0,0.0,Plus Materials,,0.0,0.0,0.0,,,0,0,CARL,,2026-09-17T13:18:36,2026-09-17T13:18:36
13540,2026-03-18,Plus Monroe Warehouse,COMPLETED,GUILLOTINE (1ST SHIFT),Posted,2026-03-19,5:49AM,,18:11:00,LBS,6833.0,6833.0,0.0,Plus Materials,,369.6953,369.69,0.0,,,38,7,CARL,,2026-09-17T13:18:36,2026-09-17T13:18:36
13541,2026-03-18,Plus Monroe Warehouse,COMPLETED,SHREDDER (1ST SHIFT),Posted,2026-03-19,5:49AM,,18:11:00,LBS,8288.0,8288.0,0.0,Plus Materials,,0.0,0.0,0.0,,,0,7,CARL,,2026-09-17T13:18:36,2026-09-17T13:18:36
13542,2026-03-18,Monroe Processing Warehouse,COMPLETED,SHREDDER/GRINDER (1ST SHIFT),Posted,2026-03-19,5:50AM,,18:10:00,LBS,1585.0,1585.0,0.0,Plus Materials,,0.0,0.0,0.0,,,0,0,CARL,,2026-09-17T13:18:36,2026-09-17T13:18:36
13544,2026-03-18,Plus Monroe Warehouse,COMPLETED,AUTO-TIE BALER (2ND SHIFT),Posted,2026-03-19,5:50AM,,18:10:00,LBS,1430.0,1430.0,0.0,Plus Materials,,0.0,0.0,0.0,,,1,0,CARL,,2026-09-17T13:18:36,2026-09-17T13:18:36
13548,2026-03-18,Plus Monroe Warehouse,COMPLETED,EXTRUDER (2ND SHIFT),Posted,2026-03-19,5:51AM,,18:09:00,LBS,8646.0,8646.0,0.0,Plus Materials,,907.83,907.83,0.0,,,11,0,CARL,,2026-09-17T13:18:36,2026-09-17T13:18:36
13550,2026-03-18,Plus Monroe Warehouse,COMPLETED,GUILLOTINE (2ND SHIFT),Posted,2026-03-19,5:51AM,,18:09:00,LBS,9004.0,9004.0,0.0,Plus Materials,,487.1544,487.15,0.0,,,0,0,CARL,,2026-09-17T13:18:36,2026-09-17T13:18:36
13552,2026-03-18,Monroe Processing Warehouse,COMPLETED,SHREDDER/GRINDER (2ND SHIFT),Posted,2026-03-19,5:52AM,,18:08:00,LBS,3067.0,3067.0,0.0,Plus Materials,,44.0,44.0,0.0,,,0,0,CARL,,2026-09-17T13:18:36,2026-09-17T13:18:36
13558,2026-03-18,Plus Monroe Warehouse,COMPLETED,EXTRUDER (3RD SHIFT),Posted,2026-03-19,5:53AM,,18:07:00,LBS,6014.0,6014.0,0.0,Plus Materials,,631.47,631.47,0.0,,,10,0,CARL,,2026-09-17T13:18:36,2026-09-17T13:18:36
13560,2026-03-18,Plus Monroe Warehouse,COMPLETED,GUILLOTINE (3RD SHIFT),Posted,2026-03-19,5:53AM,,18:07:00,LBS,5904.0,5904.0,0.0,Plus Materials,,319.4327,319.43,0.0,,,0,0,CARL,,2026-09-17T13:18:36,2026-09-17T13:18:36
13565,2026-03-19,Plus Monroe Warehouse,COMPLETED,AUTO-TIE BALER (1ST SHIFT),Posted,2026-03-20,5:47AM,,18:13:00,LBS,3037.0,3037.0,0.0,Plus Materials,,394.81,394.81,0.0,,,4,2,CARL,,2026-09-17T13:18:36,2026-09-17T13:18:36
13569,2026-03-19,Plus Monroe Warehouse,COMPLETED,EXTRUDER (1ST SHIFT),Posted,2026-03-20,5:47AM,,18:13:00,LBS,8508.0,8508.0,0.0,Plus Materials,,850.8,850.8,0.0,,,10,0,CARL,,2026-09-17T13:18:36,2026-09-17T13:18:36
13570,2026-03-19,Plus Monroe Warehouse,COMPLETED,GREEN MAX (NEW) (1ST SHIFT),Posted,2026-03-20,5:47AM,,18:13:00,LBS,1269.0,1269.0,0.0,Plus Materials,,0.0,0.0,0.0,,,0,0,CARL,,2026-09-17T13:18:36,2026-09-17T13:18:36
13571,2026-03-19,Plus Monroe Warehouse,COMPLETED,GUILLOTINE (1ST SHIFT),Posted,2026-03-20,5:48AM,,18:12:00,LBS,5224.0,5224.0,0.0,Plus Materials,,282.6427,282.65,0.0,,,0,6,CARL,,2026-09-17T13:18:36,2026-09-17T13:18:36
13572,2026-03-19,Plus Monroe Warehouse,COMPLETED,SHREDDER (1ST SHIFT),Posted,2026-03-20,5:48AM,,18:12:00,LBS,1246.0,1246.0,0.0,Plus Materials,,62.1443,62.14,0.0,,,14,7,CARL,,2026-09-17T13:18:36,2026-09-17T13:18:36
13579,2026-03-19,Plus Monroe Warehouse,COMPLETED,EXTRUDER (2ND SHIFT),Posted,2026-03-20,5:49AM,,18:11:00,LBS,7752.0,7752.0,0.0,Plus Materials,,775.2,775.2,0.0,,,9,0,CARL,,2026-09-17T13:18:36,2026-09-17T13:18:36
13581,2026-03-19,Plus Monroe Warehouse,COMPLETED,GUILLOTINE (2ND SHIFT),Posted,2026-03-20,5:50AM,,18:10:00,LBS,8221.0,8221.0,0.0,Plus Materials,,555.1105,555.12,0.0,,,31,0,CARL,,2026-09-17T13:18:36,2026-09-17T13:18:36
13583,2026-03-19,Monroe Processing Warehouse,COMPLETED,SHREDDER/GRINDER (2ND SHIFT),Posted,2026-03-20,5:50AM,,18:10:00,LBS,3244.0,3244.0,0.0,Plus Materials,,179.314,179.31,0.0,,,7,0,CARL,,2026-09-17T13:18:36,2026-09-17T13:18:36
13589,2026-03-19,Plus Monroe Warehouse,COMPLETED,EXTRUDER (3RD SHIFT),Posted,2026-03-20,5:51AM,,18:09:00,LBS,4694.0,4694.0,0.0,Plus Materials,,314.4811,314.47,0.0,,,0,0,CARL,,2026-09-17T13:18:36,2026-09-17T13:18:36
13591,2026-03-19,Plus Monroe Warehouse,COMPLETED,GUILLOTINE (3RD SHIFT),Posted,2026-03-20,5:52AM,,18:08:00,LBS,6103.0,6103.0,0.0,Plus Materials,,330.1952,330.19,0.0,,,0,0,CARL,,2026-09-17T13:18:36,2026-09-17T13:18:36
13595,2026-03-19,PRN Southeast,COMPLETED,BALER,Posted,2026-03-20,5:52AM,,18:08:00,LBS,12583.0,15190.0,-2607.0,Plus Materials,,825.89,1455.05,629.15,,,35,11,CARL,,2026-09-17T13:18:36,2026-09-17T13:18:36
13596,2026-03-20,Plus Monroe Warehouse,COMPLETED,AUTO-TIE BALER (1ST SHIFT),Posted,2026-03-23,5:49AM,,18:11:00,LBS,1055.0,1055.0,0.0,Plus Materials,,0.0,0.0,0.0,,,6,1,CARL,,2026-09-17T13:18:36,2026-09-17T13:18:36
13600,2026-03-20,Plus Monroe Warehouse,COMPLETED,EXTRUDER (1ST SHIFT),Posted,2026-03-23,5:50AM,,18:10:00,LBS,8860.0,8860.0,0.0,Plus Materials,,886.0,886.0,0.0,,,8,0,CARL,,2026-09-17T13:18:36,2026-09-17T13:18:36
13601,2026-03-20,Plus Monroe Warehouse,COMPLETED,GREEN MAX (NEW) (1ST SHIFT),Posted,2026-03-23,5:50AM,,18:10:00,LBS,550.0,550.0,0.0,Plus Materials,,0.0,0.0,0.0,,,0,0,CARL,,2026-09-17T13:18:36,2026-09-17T13:18:36
13602,2026-03-20,Plus Monroe Warehouse,COMPLETED,GUILLOTINE (1ST SHIFT),Posted,2026-03-23,5:50AM,,18:10:00,LBS,11555.0,11555.0,0.0,Plus Materials,,-23.0407,-23.04,0.0,,,0,6,CARL,,2026-09-17T13:18:36,2026-09-17T13:18:36
13605,2026-03-20,Monroe Processing Warehouse,COMPLETED,SHREDDER/GRINDER (1ST SHIFT),Posted,2026-03-23,5:52AM,,18:08:00,LBS,3700.0,3700.0,0.0,Plus Materials,,202.6648,202.67,0.0,,,8,0,CARL,,2026-09-17T13:18:36,2026-09-17T13:18:36
13606,2026-03-20,Plus Monroe Warehouse,COMPLETED,SMALL GRINDER (1ST SHIFT),Posted,2026-03-23,5:52AM,,18:08:00,LBS,1133.0,1133.0,0.0,Plus Materials,,14.1603,14.16,0.0,,,0,1,CARL,,2026-09-17T13:18:36,2026-09-17T13:18:36
13607,2026-03-20,Plus Monroe Warehouse,COMPLETED,AUTO-TIE BALER (2ND SHIFT),Posted,2026-03-23,5:53AM,,18:07:00,LBS,3320.0,3320.0,0.0,Plus Materials,,569.9616,569.96,0.0,,,3,0,CARL,,2026-09-17T13:18:36,2026-09-17T13:18:36
13611,2026-03-20,Plus Monroe Warehouse,COMPLETED,EXTRUDER (2ND SHIFT),Posted,2026-03-23,5:54AM,,18:06:00,LBS,6910.0,6910.0,0.0,Plus Materials,,691.0,691.0,0.0,,,7,0,CARL,,2026-09-17T13:18:36,2026-09-17T13:18:36
13613,2026-03-20,Plus Monroe Warehouse,COMPLETED,GUILLOTINE (2ND SHIFT),Posted,2026-03-23,5:54AM,,18:06:00,LBS,9726.0,9726.0,0.0,Plus Materials,,-36.2476,-36.24,0.0,,,9,0,CARL,,2026-09-17T13:18:36,2026-09-17T13:18:36
13615,2026-03-20,Monroe Processing Warehouse,COMPLETED,SHREDDER/GRINDER (2ND SHIFT),Posted,2026-03-23,5:55AM,,18:05:00,LBS,1116.0,1116.0,0.0,Plus Materials,,86.1164,86.12,0.0,,,1,0,CARL,,2026-09-17T13:18:36,2026-09-17T13:18:36
13621,2026-03-20,Plus Monroe Warehouse,COMPLETED,EXTRUDER (3RD SHIFT),Posted,2026-03-23,5:56AM,,18:04:00,LBS,4464.0,4464.0,0.0,Plus Materials,,301.4259,301.43,0.0,,,0,0,CARL,,2026-09-17T13:18:36,2026-09-17T13:18:36
13623,2026-03-20,Plus Monroe Warehouse,COMPLETED,GUILLOTINE (3RD SHIFT),Posted,2026-03-23,5:56AM,,18:04:00,LBS,8232.0,8232.0,0.0,Plus Materials,,82.32,82.32,0.0,,,20,0,CARL,,2026-09-17T13:18:36,2026-09-17T13:18:36
13628,2026-03-20,Plus Ryder Midwest,COMPLETED,BOGUS,Posted,2026-03-20,6:02AM,,17:58:00,LBS,15644.0,15644.0,0.0,Plus Materials,,2583.3901,2583.39,0.0,,,9,1,CARL,,2026-09-17T13:18:36,2026-09-17T13:18:36
13629,2026-03-23,Plus Monroe Warehouse,COMPLETED,AUTO-TIE BALER (1ST SHIFT),Posted,2026-03-24,4:38AM,,19:22:00,LBS,9071.0,9071.0,0.0,Plus Materials,,-63.8571,-63.85,0.0,,,50,5,CARL,,2026-09-17T13:18:36,2026-09-17T13:18:36
13633,2026-03-23,Plus Monroe Warehouse,COMPLETED,EXTRUDER (1ST SHIFT),Posted,2026-03-24,4:38AM,,19:22:00,LBS,7590.0,7590.0,0.0,Plus Materials,,759.0,759.0,0.0,,,7,0,CARL,,2026-09-17T13:18:36,2026-09-17T13:18:36
13634,2026-03-23,Plus Monroe Warehouse,COMPLETED,GREEN MAX (NEW) (1ST SHIFT),Posted,2026-03-24,4:39AM,,19:21:00,LBS,1215.0,1215.0,0.0,Plus Materials,,0.0,0.0,0.0,,,0,0,CARL,,2026-09-17T13:18:36,2026-09-17T13:18:36
13635,2026-03-23,Plus Monroe Warehouse,COMPLETED,GUILLOTINE (1ST SHIFT),Posted,2026-03-24,4:39AM,,19:21:00,LBS,6073.0,6073.0,0.0,Plus Materials,,60.73,60.73,0.0,,,0,8,CARL,,2026-09-17T13:18:36,2026-09-17T13:18:36
13638,2026-03-23,Plus Monroe Warehouse,COMPLETED,SMALL GRINDER (1ST SHIFT),Posted,2026-03-24,4:39AM,,19:21:00,LBS,1916.0,1916.0,0.0,Plus Materials,,0.0,0.0,0.0,,,0,1,CARL,,2026-09-17T13:18:36,2026-09-17T13:18:36
13639,2026-03-23,Plus Monroe Warehouse,COMPLETED,AUTO-TIE BALER (2ND SHIFT),Posted,2026-03-24,4:40AM,,19:20:00,LBS,1964.0,1964.0,0.0,Plus Materials,,-111.5539,-111.55,0.0,,,0,0,CARL,,2026-09-17T13:18:36,2026-09-17T13:18:36
13643,2026-03-23,Plus Monroe Warehouse,COMPLETED,EXTRUDER (2ND SHIFT),Posted,2026-03-24,4:40AM,,19:20:00,LBS,7648.0,7648.0,0.0,Plus Materials,,764.8,764.8,0.0,,,8,0,CARL,,2026-09-17T13:18:36,2026-09-17T13:18:36
13645,2026-03-23,Plus Monroe Warehouse,COMPLETED,GUILLOTINE (2ND SHIFT),Posted,2026-03-24,4:41AM,,19:19:00,LBS,7886.0,7886.0,0.0,Plus Materials,,315.44,315.44,0.0,,,34,0,CARL,,2026-09-17T13:18:36,2026-09-17T13:18:36
13647,2026-03-23,Monroe Processing Warehouse,COMPLETED,SHREDDER/GRINDER (2ND SHIFT),Posted,2026-03-24,4:42AM,,19:18:00,LBS,955.0,955.0,0.0,Plus Materials,,63.1534,63.15,0.0,,,5,0,CARL,,2026-09-17T13:18:36,2026-09-17T13:18:36
13653,2026-03-23,Plus Monroe Warehouse,COMPLETED,EXTRUDER (3RD SHIFT),Posted,2026-03-24,4:43AM,,19:17:00,LBS,6022.0,6022.0,0.0,Plus Materials,,602.2,602.2,0.0,,,10,0,CARL,,2026-09-17T13:18:36,2026-09-17T13:18:36
13655,2026-03-23,Plus Monroe Warehouse,COMPLETED,GUILLOTINE (3RD SHIFT),Posted,2026-03-24,4:43AM,,19:17:00,LBS,4114.0,4114.0,0.0,Plus Materials,,275.6244,275.62,0.0,,,0,0,CARL,,2026-09-17T13:18:36,2026-09-17T13:18:36
13659,2026-03-23,PRN Southeast,COMPLETED,BALER,Posted,2026-03-24,4:44AM,,19:16:00,LBS,12664.0,10175.0,2489.0,Plus Materials,,744.24,1377.44,633.2,,,34,6,CARL,,2026-09-17T13:18:36,2026-09-17T13:18:36
13660,2026-03-23,Plus Ryder Midwest,COMPLETED,BOGUS,Posted,2026-03-23,8:20AM,,15:40:00,LBS,5382.0,5382.0,0.0,Plus Materials,,875.6863,875.69,0.0,,,0,1,CARL,,2026-09-17T13:18:36,2026-09-17T13:18:36
13661,2026-03-23,Plus Ryder Midwest,COMPLETED,BOGUS,Posted,2026-03-23,8:22AM,,15:38:00,LBS,15426.0,15426.0,0.0,Plus Materials,,1189.5423,1189.54,0.0,,,0,1,CARL,,2026-09-17T13:18:36,2026-09-17T13:18:36
13662,2026-03-23,Plus Ryder Midwest,COMPLETED,BOGUS,Posted,2026-03-23,8:26AM,,15:34:00,LBS,6928.0,6928.0,0.0,Plus Materials,,534.2389,534.24,0.0,,,15,1,CARL,,2026-09-17T13:18:36,2026-09-17T13:18:36
13663,2026-03-23,Plus Ryder Midwest,COMPLETED,BOGUS,Posted,2026-03-23,8:28AM,,15:32:00,LBS,17816.0,17816.0,0.0,Plus Materials,,2942.0659,2942.07,0.0,,,0,1,CARL,,2026-09-17T13:18:36,2026-09-17T13:18:36
13664,2026-03-24,Plus Monroe Warehouse,COMPLETED,AUTO-TIE BALER (1ST SHIFT),Posted,2026-03-25,5:50AM,,18:10:00,LBS,7830.0,7830.0,0.0,Plus Materials,,9.7771,9.78,0.0,,,2,6,CARL,,2026-09-17T13:18:36,2026-09-17T13:18:36
13667,2026-03-24,Plus Monroe Warehouse,COMPLETED,BALER2 (1ST SHIFT),Posted,2026-03-25,5:50AM,,18:10:00,LBS,3529.0,3529.0,0.0,Plus Materials,,0.0,0.0,0.0,,,11,0,CARL,,2026-09-17T13:18:36,2026-09-17T13:18:36
13668,2026-03-24,Plus Monroe Warehouse,COMPLETED,EXTRUDER (1ST SHIFT),Posted,2026-03-25,5:51AM,,18:09:00,LBS,7000.0,7000.0,0.0,Plus Materials,,700.0,700.0,0.0,,,8,0,CARL,,2026-09-17T13:18:36,2026-09-17T13:18:36
13669,2026-03-24,Plus Monroe Warehouse,COMPLETED,GREEN MAX (NEW) (1ST SHIFT),Posted,2026-03-25,5:51AM,,18:09:00,LBS,1355.0,1355.0,0.0,Plus Materials,,13.55,13.55,0.0,,,0,0,CARL,,2026-09-17T13:18:36,2026-09-17T13:18:36
13670,2026-03-24,Plus Monroe Warehouse,COMPLETED,GUILLOTINE (1ST SHIFT),Posted,2026-03-25,5:51AM,,18:09:00,LBS,2127.0,2127.0,0.0,Plus Materials,,236.4753,236.48,0.0,,,0,3,CARL,,2026-09-17T13:18:36,2026-09-17T13:18:36
13672,2026-03-24,Monroe Processing Warehouse,COMPLETED,SHREDDER/GRINDER (1ST SHIFT),Posted,2026-03-25,5:51AM,,18:09:00,LBS,7247.0,7247.0,0.0,Plus Materials,,507.29,507.29,0.0,,,32,0,CARL,,2026-09-17T13:18:36,2026-09-17T13:18:36
13673,2026-03-24,Plus Monroe Warehouse,COMPLETED,SMALL GRINDER (1ST SHIFT),Posted,2026-03-25,5:51AM,,18:09:00,LBS,1309.0,1309.0,0.0,Plus Materials,,0.0,0.0,0.0,,,0,1,CARL,,2026-09-17T13:18:36,2026-09-17T13:18:36
13674,2026-03-24,Plus Monroe Warehouse,COMPLETED,AUTO-TIE BALER (2ND SHIFT),Posted,2026-03-25,5:52AM,,18:08:00,LBS,5809.0,5809.0,0.0,Plus Materials,,296.8586,296.87,0.0,,,16,0,CARL,,2026-09-17T13:18:36,2026-09-17T13:18:36
13678,2026-03-24,Plus Monroe Warehouse,COMPLETED,EXTRUDER (2ND SHIFT),Posted,2026-03-25,5:52AM,,18:08:00,LBS,9154.0,9154.0,0.0,Plus Materials,,640.78,640.78,0.0,,,10,0,CARL,,2026-09-17T13:18:36,2026-09-17T13:18:36
13680,2026-03-24,Plus Monroe Warehouse,COMPLETED,GUILLOTINE (2ND SHIFT),Posted,2026-03-25,5:53AM,,18:07:00,LBS,10654.0,10654.0,0.0,Plus Materials,,426.16,426.16,0.0,,,0,0,CARL,,2026-09-17T13:18:36,2026-09-17T13:18:36
13682,2026-03-24,Monroe Processing Warehouse,COMPLETED,SHREDDER/GRINDER (2ND SHIFT),Posted,2026-03-25,5:53AM,,18:07:00,LBS,3301.0,3301.0,0.0,Plus Materials,,33.01,33.01,0.0,,,0,0,CARL,,2026-09-17T13:18:36,2026-09-17T13:18:36
13688,2026-03-24,Plus Monroe Warehouse,COMPLETED,EXTRUDER (3RD SHIFT),Posted,2026-03-25,5:54AM,,18:06:00,LBS,4510.0,4510.0,0.0,Plus Materials,,297.734,297.73,0.0,,,6,0,CARL,,2026-09-17T13:18:36,2026-09-17T13:18:36
13694,2026-03-24,PRN Southeast,COMPLETED,BALER,Posted,2026-03-26,5:55AM,,18:05:00,LBS,5155.0,5810.0,-655.0,Plus Materials,,338.03,595.78,257.75,,,19,4,CARL,,2026-09-17T13:18:36,2026-09-17T13:18:36
13695,2026-03-25,Plus Monroe Warehouse,COMPLETED,AUTO-TIE BALER (1ST SHIFT),Posted,2026-03-26,5:55AM,,18:05:00,LBS,5944.0,5944.0,0.0,Plus Materials,,298.9225,298.92,0.0,,,21,5,CARL,,2026-09-17T13:18:36,2026-09-17T13:18:36
13701,2026-03-25,Plus Monroe Warehouse,COMPLETED,GUILLOTINE (1ST SHIFT),Posted,2026-03-26,5:56AM,,18:04:00,LBS,4387.0,4387.0,0.0,Plus Materials,,175.48,175.48,0.0,,,0,5,CARL,,2026-09-17T13:18:36,2026-09-17T13:18:36
13703,2026-03-25,Monroe Processing Warehouse,COMPLETED,SHREDDER/GRINDER (1ST SHIFT),Posted,2026-03-26,5:57AM,,18:03:00,LBS,7840.0,7840.0,0.0,Plus Materials,,0.0,0.0,0.0,,,28,0,CARL,,2026-09-17T13:18:36,2026-09-17T13:18:36
13704,2026-03-25,Plus Monroe Warehouse,COMPLETED,SMALL GRINDER (1ST SHIFT),Posted,2026-03-26,5:57AM,,18:03:00,LBS,1171.0,1171.0,0.0,Plus Materials,,0.0,0.0,0.0,,,0,1,CARL,,2026-09-17T13:18:36,2026-09-17T13:18:36
13709,2026-03-25,Plus Monroe Warehouse,COMPLETED,EXTRUDER (2ND SHIFT),Posted,2026-03-26,5:58AM,,18:02:00,LBS,3426.0,3426.0,0.0,Plus Materials,,232.0135,232.01,0.0,,,0,0,CARL,,2026-09-17T13:18:36,2026-09-17T13:18:36
13711,2026-03-25,Plus Monroe Warehouse,COMPLETED,GUILLOTINE (2ND SHIFT),Posted,2026-03-26,5:58AM,,18:02:00,LBS,6374.0,6374.0,0.0,Plus Materials,,352.0808,352.07,0.0,,,0,0,CARL,,2026-09-17T13:18:36,2026-09-17T13:18:36
13713,2026-03-25,Monroe Processing Warehouse,COMPLETED,SHREDDER/GRINDER (2ND SHIFT),Posted,2026-03-26,5:59AM,,18:01:00,LBS,3717.0,3717.0,0.0,Plus Materials,,64.5494,64.55,0.0,,,0,0,CARL,,2026-09-17T13:18:36,2026-09-17T13:18:36
13719,2026-03-25,Plus Monroe Warehouse,COMPLETED,EXTRUDER (3RD SHIFT),Posted,2026-03-26,6:00AM,,18:00:00,LBS,3028.0,3028.0,0.0,Plus Materials,,202.1267,202.13,0.0,,,5,0,CARL,,2026-09-17T13:18:36,2026-09-17T13:18:36
13721,2026-03-25,Plus Monroe Warehouse,COMPLETED,GUILLOTINE (3RD SHIFT),Posted,2026-03-26,6:00AM,,18:00:00,LBS,3618.0,3618.0,0.0,Plus Materials,,253.26,253.26,0.0,,,42,0,CARL,,2026-09-17T13:18:36,2026-09-17T13:18:36
13725,2026-03-26,Plus Monroe Warehouse,COMPLETED,AUTO-TIE BALER (1ST SHIFT),Posted,2026-03-27,5:48AM,,18:12:00,LBS,7054.0,7054.0,0.0,Plus Materials,,200.356,200.35,0.0,,,28,6,CARL,,2026-09-17T13:18:36,2026-09-17T13:18:36
13729,2026-03-26,Plus Monroe Warehouse,COMPLETED,EXTRUDER (1ST SHIFT),Posted,2026-03-27,5:48AM,,18:12:00,LBS,6436.0,6436.0,0.0,Plus Materials,,450.52,450.52,0.0,,,13,0,CARL,,2026-09-17T13:18:36,2026-09-17T13:18:36
13730,2026-03-26,Plus Monroe Warehouse,COMPLETED,GREEN MAX (NEW) (1ST SHIFT),Posted,2026-03-27,5:49AM,,18:11:00,LBS,1678.0,1678.0,0.0,Plus Materials,,70.0334,70.03,0.0,,,52,0,CARL,,2026-09-17T13:18:36,2026-09-17T13:18:36
13731,2026-03-26,Plus Monroe Warehouse,COMPLETED,GUILLOTINE (1ST SHIFT),Posted,2026-03-27,5:49AM,,18:11:00,LBS,8773.0,8773.0,0.0,Plus Materials,,535.41,535.42,0.0,,,7,14,CARL,,2026-09-17T13:18:36,2026-09-17T13:18:36
13733,2026-03-26,Monroe Processing Warehouse,COMPLETED,SHREDDER/GRINDER (1ST SHIFT),Posted,2026-03-27,5:49AM,,18:11:00,LBS,4746.0,4746.0,0.0,Plus Materials,,237.3,237.3,0.0,,,6,0,CARL,,2026-09-17T13:18:36,2026-09-17T13:18:36
13734,2026-03-26,Plus Monroe Warehouse,COMPLETED,SMALL GRINDER (1ST SHIFT),Posted,2026-03-27,5:49AM,,18:11:00,LBS,1056.0,1056.0,0.0,Plus Materials,,0.0,0.0,0.0,,,0,0,CARL,,2026-09-17T13:18:36,2026-09-17T13:18:36
13735,2026-03-26,Plus Monroe Warehouse,COMPLETED,AUTO-TIE BALER (2ND SHIFT),Posted,2026-03-27,5:49AM,,18:11:00,LBS,6474.0,6474.0,0.0,Plus Materials,,0.0,0.0,0.0,,,44,0,CARL,,2026-09-17T13:18:36,2026-09-17T13:18:36
13739,2026-03-26,Plus Monroe Warehouse,COMPLETED,EXTRUDER (2ND SHIFT),Posted,2026-03-27,5:50AM,,18:10:00,LBS,4014.0,4014.0,0.0,Plus Materials,,421.47,421.47,0.0,,,0,0,CARL,,2026-09-17T13:18:36,2026-09-17T13:18:36
13741,2026-03-26,Plus Monroe Warehouse,COMPLETED,GUILLOTINE (2ND SHIFT),Posted,2026-03-27,5:51AM,,18:09:00,LBS,7805.0,7805.0,0.0,Plus Materials,,296.83,296.84,0.0,,,5,0,CARL,,2026-09-17T13:18:36,2026-09-17T13:18:36
13743,2026-03-26,Monroe Processing Warehouse,COMPLETED,SHREDDER/GRINDER (2ND SHIFT),Posted,2026-03-27,5:51AM,,18:09:00,LBS,3329.0,3329.0,0.0,Plus Materials,,0.0,0.0,0.0,,,1,0,CARL,,2026-09-17T13:18:36,2026-09-17T13:18:36
13749,2026-03-26,Plus Monroe Warehouse,COMPLETED,EXTRUDER (3RD SHIFT),Posted,2026-03-27,5:52AM,,18:08:00,LBS,3025.0,3025.0,0.0,Plus Materials,,317.625,317.63,0.0,,,0,0,CARL,,2026-09-17T13:18:36,2026-09-17T13:18:36
13755,2026-03-26,PRN Southeast,COMPLETED,BALER,Posted,2026-03-27,5:53AM,,18:07:00,LBS,4915.0,5190.0,-275.0,Plus Materials,,243.5,489.25,245.75,,,13,3,CARL,,2026-09-17T13:18:36,2026-09-17T13:18:36
13756,2026-03-27,Plus Monroe Warehouse,COMPLETED,AUTO-TIE BALER (1ST SHIFT),Posted,2026-03-30,5:47AM,,18:13:00,LBS,8854.0,8854.0,0.0,Plus Materials,,407.1342,407.13,0.0,,,7,8,CARL,,2026-09-17T13:18:36,2026-09-17T13:18:36
13760,2026-03-27,Plus Monroe Warehouse,COMPLETED,EXTRUDER (1ST SHIFT),Posted,2026-03-30,5:47AM,,18:13:00,LBS,6029.0,6029.0,0.0,Plus Materials,,602.9,602.9,0.0,,,0,1,CARL,,2026-09-17T13:18:36,2026-09-17T13:18:36
13761,2026-03-27,Plus Monroe Warehouse,COMPLETED,GREEN MAX (NEW) (1ST SHIFT),Posted,2026-03-30,5:48AM,,18:12:00,LBS,968.0,968.0,0.0,Plus Materials,,34.0842,34.08,0.0,,,0,0,CARL,,2026-09-17T13:18:36,2026-09-17T13:18:36
13762,2026-03-27,Plus Monroe Warehouse,COMPLETED,GUILLOTINE (1ST SHIFT),Posted,2026-03-30,5:48AM,,18:12:00,LBS,16629.0,16629.0,0.0,Plus Materials,,-56.41,-56.4,0.0,,,10,12,CARL,,2026-09-17T13:18:36,2026-09-17T13:18:36
13764,2026-03-27,Monroe Processing Warehouse,COMPLETED,SHREDDER/GRINDER (1ST SHIFT),Posted,2026-03-30,5:48AM,,18:12:00,LBS,3633.0,3633.0,0.0,Plus Materials,,0.0,0.0,0.0,,,0,0,CARL,,2026-09-17T13:18:36,2026-09-17T13:18:36
13766,2026-03-27,Plus Monroe Warehouse,COMPLETED,AUTO-TIE BALER (2ND SHIFT),Posted,2026-03-30,5:49AM,,18:11:00,LBS,2078.0,2078.0,0.0,Plus Materials,,98.9775,98.98,0.0,,,2,0,CARL,,2026-09-17T13:18:36,2026-09-17T13:18:36
13770,2026-03-27,Plus Monroe Warehouse,COMPLETED,EXTRUDER (2ND SHIFT),Posted,2026-03-30,5:49AM,,18:11:00,LBS,5022.0,5022.0,0.0,Plus Materials,,527.31,527.31,0.0,,,0,0,CARL,,2026-09-17T13:18:36,2026-09-17T13:18:36
13772,2026-03-27,Plus Monroe Warehouse,COMPLETED,GUILLOTINE (2ND SHIFT),Posted,2026-03-30,5:50AM,,18:10:00,LBS,6696.0,6696.0,0.0,Plus Materials,,416.62,416.61,0.0,,,0,0,CARL,,2026-09-17T13:18:36,2026-09-17T13:18:36
13774,2026-03-27,Monroe Processing Warehouse,COMPLETED,SHREDDER/GRINDER (2ND SHIFT),Posted,2026-03-30,5:50AM,,18:10:00,LBS,2902.0,2902.0,0.0,Plus Materials,,0.0,0.0,0.0,,,0,0,CARL,,2026-09-17T13:18:36,2026-09-17T13:18:36
13787,2026-03-30,Plus Monroe Warehouse,COMPLETED,AUTO-TIE BALER (1ST SHIFT),Posted,2026-03-31,5:00AM,,19:00:00,LBS,5254.0,5254.0,0.0,Plus Materials,,513.3077,513.31,0.0,,,10,4,CARL,,2026-09-17T13:18:36,2026-09-17T13:18:36
13791,2026-03-30,Plus Monroe Warehouse,COMPLETED,EXTRUDER (1ST SHIFT),Posted,2026-03-31,5:01AM,,18:59:00,LBS,5165.0,5165.0,0.0,Plus Materials,,542.325,542.33,0.0,,,0,0,CARL,,2026-09-17T13:18:36,2026-09-17T13:18:36
13792,2026-03-30,Plus Monroe Warehouse,COMPLETED,GREEN MAX (NEW) (1ST SHIFT),Posted,2026-03-31,5:01AM,,18:59:00,LBS,1981.0,1981.0,0.0,Plus Materials,,66.476,66.48,0.0,,,0,0,CARL,,2026-09-17T13:18:36,2026-09-17T13:18:36
13793,2026-03-30,Plus Monroe Warehouse,COMPLETED,GUILLOTINE (1ST SHIFT),Posted,2026-03-31,5:01AM,,18:59:00,LBS,6100.0,6100.0,0.0,Plus Materials,,95.3356,95.35,0.0,,,60,12,CARL,,2026-09-17T13:18:36,2026-09-17T13:18:36
13795,2026-03-30,Monroe Processing Warehouse,COMPLETED,SHREDDER/GRINDER (1ST SHIFT),Posted,2026-03-31,5:01AM,,18:59:00,LBS,3629.0,3629.0,0.0,Plus Materials,,0.0,0.0,0.0,,,0,0,CARL,,2026-09-17T13:18:36,2026-09-17T13:18:36
13797,2026-03-30,Plus Monroe Warehouse,COMPLETED,AUTO-TIE BALER (2ND SHIFT),Posted,2026-03-31,5:02AM,,18:58:00,LBS,3380.0,3380.0,0.0,Plus Materials,,19.55,19.55,0.0,,,2,0,CARL,,2026-09-17T13:18:36,2026-09-17T13:18:36
13801,2026-03-30,Plus Monroe Warehouse,COMPLETED,EXTRUDER (2ND SHIFT),Posted,2026-03-31,5:02AM,,18:58:00,LBS,4670.0,4670.0,0.0,Plus Materials,,326.9,326.9,0.0,,,0,0,CARL,,2026-09-17T13:18:36,2026-09-17T13:18:36
13803,2026-03-30,Plus Monroe Warehouse,COMPLETED,GUILLOTINE (2ND SHIFT),Posted,2026-03-31,5:03AM,,18:57:00,LBS,10834.0,10834.0,0.0,Plus Materials,,91.07,91.07,0.0,,,8,0,CARL,,2026-09-17T13:18:36,2026-09-17T13:18:36
13805,2026-03-30,Monroe Processing Warehouse,COMPLETED,SHREDDER/GRINDER (2ND SHIFT),Posted,2026-03-31,5:03AM,,18:57:00,LBS,1953.0,1953.0,0.0,Plus Materials,,97.65,97.65,0.0,,,0,0,CARL,,2026-09-17T13:18:36,2026-09-17T13:18:36
13811,2026-03-30,Plus Monroe Warehouse,COMPLETED,EXTRUDER (3RD SHIFT),Posted,2026-03-31,5:04AM,,18:56:00,LBS,1680.0,1680.0,0.0,Plus Materials,,112.142,112.14,0.0,,,0,0,CARL,,2026-09-17T13:18:36,2026-09-17T13:18:36
13813,2026-03-30,Plus Monroe Warehouse,COMPLETED,GUILLOTINE (3RD SHIFT),Posted,2026-03-31,5:05AM,,18:55:00,LBS,5936.0,5936.0,0.0,Plus Materials,,415.52,415.52,0.0,,,12,0,CARL,,2026-09-17T13:18:36,2026-09-17T13:18:36
13818,2026-03-31,Plus Monroe Warehouse,COMPLETED,AUTO-TIE BALER (1ST SHIFT),Posted,2026-04-01,5:29AM,,18:31:00,LBS,4529.0,4529.0,0.0,Plus Materials,,242.915,242.92,0.0,,,15,3,CARL,,2026-09-17T13:18:36,2026-09-17T13:18:36
13822,2026-03-31,Plus Monroe Warehouse,COMPLETED,EXTRUDER (1ST SHIFT),Posted,2026-04-01,5:29AM,,18:31:00,LBS,5025.0,5025.0,0.0,Plus Materials,,351.75,351.75,0.0,,,8,0,CARL,,2026-09-17T13:18:36,2026-09-17T13:18:36
13823,2026-03-31,Plus Monroe Warehouse,COMPLETED,GREEN MAX (NEW) (1ST SHIFT),Posted,2026-04-01,5:29AM,,18:31:00,LBS,1213.0,1213.0,0.0,Plus Materials,,50.6264,50.63,0.0,,,0,0,CARL,,2026-09-17T13:18:36,2026-09-17T13:18:36
13824,2026-03-31,Plus Monroe Warehouse,COMPLETED,GUILLOTINE (1ST SHIFT),Posted,2026-04-01,5:30AM,,18:30:00,LBS,6704.0,6704.0,0.0,Plus Materials,,434.62,434.62,0.0,,,198,8,CARL,,2026-09-17T13:18:36,2026-09-17T13:18:36
13826,2026-03-31,Monroe Processing Warehouse,COMPLETED,SHREDDER/GRINDER (1ST SHIFT),Posted,2026-04-01,5:30AM,,18:30:00,LBS,3498.0,3498.0,0.0,Plus Materials,,0.0,0.0,0.0,,,0,0,CARL,,2026-09-17T13:18:36,2026-09-17T13:18:36
13828,2026-03-31,Plus Monroe Warehouse,COMPLETED,AUTO-TIE BALER (2ND SHIFT),Posted,2026-04-01,5:31AM,,18:29:00,LBS,2660.0,2660.0,0.0,Plus Materials,,66.5,66.51,0.0,,,0,0,CARL,,2026-09-17T13:18:36,2026-09-17T13:18:36
13832,2026-03-31,Plus Monroe Warehouse,COMPLETED,EXTRUDER (2ND SHIFT),Posted,2026-04-01,5:31AM,,18:29:00,LBS,6083.0,6083.0,0.0,Plus Materials,,425.81,425.81,0.0,,,8,0,CARL,,2026-09-17T13:18:36,2026-09-17T13:18:36
13834,2026-03-31,Plus Monroe Warehouse,COMPLETED,GUILLOTINE (2ND SHIFT),Posted,2026-04-01,5:32AM,,18:28:00,LBS,6497.0,6497.0,0.0,Plus Materials,,454.79,454.79,0.0,,,0,0,CARL,,2026-09-17T13:18:36,2026-09-17T13:18:36
13842,2026-03-31,Plus Monroe Warehouse,COMPLETED,EXTRUDER (3RD SHIFT),Posted,2026-04-01,5:44AM,,18:16:00,LBS,4586.0,4586.0,0.0,Plus Materials,,321.02,321.02,0.0,,,10,0,CARL,,2026-09-17T13:18:36,2026-09-17T13:18:36
13844,2026-03-31,Plus Monroe Warehouse,COMPLETED,GUILLOTINE (3RD SHIFT),Posted,2026-04-01,5:44AM,,18:16:00,LBS,7134.0,7134.0,0.0,Plus Materials,,499.38,499.38,0.0,,,52,0,CARL,,2026-09-17T13:18:36,2026-09-17T13:18:36
13852,2026-04-01,Plus Monroe Warehouse,COMPLETED,EXTRUDER (1ST SHIFT),Posted,2026-04-02,5:48AM,,18:12:00,LBS,5850.0,5850.0,0.0,Plus Materials,,409.5,409.5,0.0,,,0,0,CARL,,2026-09-17T13:18:36,2026-09-17T13:18:36
13853,2026-04-01,Plus Monroe Warehouse,COMPLETED,GREEN MAX (NEW) (1ST SHIFT),Posted,2026-04-02,5:48AM,,18:12:00,LBS,487.0,487.0,0.0,Plus Materials,,23.8089,23.81,0.0,,,0,0,CARL,,2026-09-17T13:18:36,2026-09-17T13:18:36
13854,2026-04-01,Plus Monroe Warehouse,COMPLETED,GUILLOTINE (1ST SHIFT),Posted,2026-04-02,5:49AM,,18:11:00,LBS,11469.0,11469.0,0.0,Plus Materials,,802.83,802.83,0.0,,,0,12,CARL,,2026-09-17T13:18:36,2026-09-17T13:18:36
13856,2026-04-01,Monroe Processing Warehouse,COMPLETED,SHREDDER/GRINDER (1ST SHIFT),Posted,2026-04-02,5:49AM,,18:11:00,LBS,4919.0,4919.0,0.0,Plus Materials,,0.0,0.0,0.0,,,0,0,CARL,,2026-09-17T13:18:36,2026-09-17T13:18:36
13857,2026-04-01,Plus Monroe Warehouse,COMPLETED,SMALL GRINDER (1ST SHIFT),Posted,2026-04-02,5:49AM,,18:11:00,LBS,1206.0,1206.0,0.0,Plus Materials,,12.06,12.06,0.0,,,0,1,CARL,,2026-09-17T13:18:36,2026-09-17T13:18:36
13862,2026-04-01,Plus Monroe Warehouse,COMPLETED,EXTRUDER (2ND SHIFT),Posted,2026-04-02,5:50AM,,18:10:00,LBS,4342.0,4342.0,0.0,Plus Materials,,455.91,455.91,0.0,,,0,0,CARL,,2026-09-17T13:18:36,2026-09-17T13:18:36
13864,2026-04-01,Plus Monroe Warehouse,COMPLETED,GUILLOTINE (2ND SHIFT),Posted,2026-04-02,5:50AM,,18:10:00,LBS,14121.0,14121.0,0.0,Plus Materials,,73.2472,73.25,0.0,,,15,0,CARL,,2026-09-17T13:18:36,2026-09-17T13:18:36
13866,2026-04-01,Monroe Processing Warehouse,COMPLETED,SHREDDER/GRINDER (2ND SHIFT),Posted,2026-04-02,5:51AM,,18:09:00,LBS,2771.0,2771.0,0.0,Plus Materials,,0.0,0.0,0.0,,,0,0,CARL,,2026-09-17T13:18:36,2026-09-17T13:18:36
13872,2026-04-01,Plus Monroe Warehouse,COMPLETED,EXTRUDER (3RD SHIFT),Posted,2026-04-02,5:52AM,,18:08:00,LBS,2912.0,2912.0,0.0,Plus Materials,,291.2,291.2,0.0,,,0,0,CARL,,2026-09-17T13:18:36,2026-09-17T13:18:36
13874,2026-04-01,Plus Monroe Warehouse,COMPLETED,GUILLOTINE (3RD SHIFT),Posted,2026-04-02,5:52AM,,18:08:00,LBS,4705.0,4705.0,0.0,Plus Materials,,329.35,329.35,0.0,,,0,0,CARL,,2026-09-17T13:18:36,2026-09-17T13:18:36
13879,2026-04-02,Plus Monroe Warehouse,COMPLETED,AUTO-TIE BALER (1ST SHIFT),Posted,2026-04-06,5:45AM,,18:15:00,LBS,2702.0,2702.0,0.0,Plus Materials,,67.55,67.55,0.0,,,9,2,CARL,,2026-09-17T13:18:36,2026-09-17T13:18:36
13883,2026-04-02,Plus Monroe Warehouse,COMPLETED,EXTRUDER (1ST SHIFT),Posted,2026-04-06,5:46AM,,18:14:00,LBS,7521.0,7521.0,0.0,Plus Materials,,526.47,526.47,0.0,,,10,0,CARL,,2026-09-17T13:18:36,2026-09-17T13:18:36
13885,2026-04-02,Plus Monroe Warehouse,COMPLETED,GUILLOTINE (1ST SHIFT),Posted,2026-04-06,5:46AM,,18:14:00,LBS,7006.0,7006.0,0.0,Plus Materials,,166.46,166.46,0.0,,,1,3,CARL,,2026-09-17T13:18:36,2026-09-17T13:18:36
13887,2026-04-02,Monroe Processing Warehouse,COMPLETED,SHREDDER/GRINDER (1ST SHIFT),Posted,2026-04-06,5:47AM,,18:13:00,LBS,2435.0,2435.0,0.0,Plus Materials,,0.0,0.0,0.0,,,0,0,CARL,,2026-09-17T13:18:36,2026-09-17T13:18:36
13888,2026-04-02,Plus Monroe Warehouse,COMPLETED,SMALL GRINDER (1ST SHIFT),Posted,2026-04-06,5:47AM,,18:13:00,LBS,2085.0,2085.0,0.0,Plus Materials,,20.85,20.85,0.0,,,0,1,CARL,,2026-09-17T13:18:36,2026-09-17T13:18:36
13893,2026-04-02,Plus Monroe Warehouse,COMPLETED,EXTRUDER (2ND SHIFT),Posted,2026-04-06,5:48AM,,18:12:00,LBS,4889.0,4889.0,0.0,Plus Materials,,244.45,244.45,0.0,,,18,0,CARL,,2026-09-17T13:18:36,2026-09-17T13:18:36
13895,2026-04-02,Plus Monroe Warehouse,COMPLETED,GUILLOTINE (2ND SHIFT),Posted,2026-04-06,5:48AM,,18:12:00,LBS,11088.0,11088.0,0.0,Plus Materials,,-76.3457,-76.36,0.0,,,18,0,CARL,,2026-09-17T13:18:36,2026-09-17T13:18:36
13897,2026-04-02,Monroe Processing Warehouse,COMPLETED,SHREDDER/GRINDER (2ND SHIFT),Posted,2026-04-06,5:48AM,,18:12:00,LBS,2134.0,2134.0,0.0,Plus Materials,,0.0,0.0,0.0,,,0,0,CARL,,2026-09-17T13:18:36,2026-09-17T13:18:36
13903,2026-04-02,Plus Monroe Warehouse,COMPLETED,EXTRUDER (3RD SHIFT),Posted,2026-04-06,5:50AM,,18:10:00,LBS,4830.0,4830.0,0.0,Plus Materials,,241.5,241.5,0.0,,,0,0,CARL,,2026-09-17T13:18:36,2026-09-17T13:18:36
13905,2026-04-02,Plus Monroe Warehouse,COMPLETED,GUILLOTINE (3RD SHIFT),Posted,2026-04-06,5:50AM,,18:10:00,LBS,3577.0,3577.0,0.0,Plus Materials,,250.39,250.39,0.0,,,56,0,CARL,,2026-09-17T13:18:36,2026-09-17T13:18:36
13910,2026-04-06,Plus Monroe Warehouse,COMPLETED,AUTO-TIE BALER (1ST SHIFT),Posted,2026-04-07,5:02AM,,18:58:00,LBS,1646.0,1646.0,0.0,Plus Materials,,16.46,16.46,0.0,,,9,1,CARL,,2026-09-17T13:18:36,2026-09-17T13:18:36
13914,2026-04-06,Plus Monroe Warehouse,COMPLETED,EXTRUDER (1ST SHIFT),Posted,2026-04-07,5:03AM,,18:57:00,LBS,7410.0,7410.0,0.0,Plus Materials,,370.5,370.5,0.0,,,0,0,CARL,,2026-09-17T13:18:36,2026-09-17T13:18:36
13915,2026-04-06,Plus Monroe Warehouse,COMPLETED,GREEN MAX (NEW) (1ST SHIFT),Posted,2026-04-07,5:03AM,,18:57:00,LBS,960.0,960.0,0.0,Plus Materials,,32.2109,32.21,0.0,,,0,0,CARL,,2026-09-17T13:18:36,2026-09-17T13:18:36
13916,2026-04-06,Plus Monroe Warehouse,COMPLETED,GUILLOTINE (1ST SHIFT),Posted,2026-04-07,5:03AM,,18:57:00,LBS,10099.0,10099.0,0.0,Plus Materials,,652.93,652.93,0.0,,,38,10,CARL,,2026-09-17T13:18:36,2026-09-17T13:18:36
13918,2026-04-06,Monroe Processing Warehouse,COMPLETED,SHREDDER/GRINDER (1ST SHIFT),Posted,2026-04-07,5:04AM,,18:56:00,LBS,4721.0,4721.0,0.0,Plus Materials,,0.0,0.0,0.0,,,0,0,CARL,,2026-09-17T13:18:36,2026-09-17T13:18:36
13919,2026-04-06,Plus Monroe Warehouse,COMPLETED,SMALL GRINDER (1ST SHIFT),Posted,2026-04-07,5:04AM,,18:56:00,LBS,2438.0,2438.0,0.0,Plus Materials,,24.38,24.38,0.0,,,0,0,CARL,,2026-09-17T13:18:36,2026-09-17T13:18:36
13920,2026-04-06,Plus Monroe Warehouse,COMPLETED,AUTO-TIE BALER (2ND SHIFT),Posted,2026-04-07,5:04AM,,18:56:00,LBS,5136.0,5136.0,0.0,Plus Materials,,156.0489,156.04,0.0,,,5,0,CARL,,2026-09-17T13:18:36,2026-09-17T13:18:36
13924,2026-04-06,Plus Monroe Warehouse,COMPLETED,EXTRUDER (2ND SHIFT),Posted,2026-04-07,5:05AM,,18:55:00,LBS,6130.0,6130.0,0.0,Plus Materials,,306.5,306.5,0.0,,,0,0,CARL,,2026-09-17T13:18:36,2026-09-17T13:18:36
13926,2026-04-06,Plus Monroe Warehouse,COMPLETED,GUILLOTINE (2ND SHIFT),Posted,2026-04-07,5:05AM,,18:55:00,LBS,7456.0,7456.0,0.0,Plus Materials,,521.92,521.92,0.0,,,0,0,CARL,,2026-09-17T13:18:36,2026-09-17T13:18:36
13928,2026-04-06,Monroe Processing Warehouse,COMPLETED,SHREDDER/GRINDER (2ND SHIFT),Posted,2026-04-07,5:06AM,,18:54:00,LBS,1975.0,1975.0,0.0,Plus Materials,,0.0,0.0,0.0,,,0,0,CARL,,2026-09-17T13:18:36,2026-09-17T13:18:36
13934,2026-04-06,Plus Monroe Warehouse,COMPLETED,EXTRUDER (3RD SHIFT),Posted,2026-04-07,5:07AM,,18:53:00,LBS,1540.0,1540.0,0.0,Plus Materials,,161.7028,161.7,0.0,,,0,0,CARL,,2026-09-17T13:18:36,2026-09-17T13:18:36
13936,2026-04-06,Plus Monroe Warehouse,COMPLETED,GUILLOTINE (3RD SHIFT),Posted,2026-04-07,5:07AM,,18:53:00,LBS,2210.0,2210.0,0.0,Plus Materials,,-154.7,-154.7,0.0,,,6,0,CARL,,2026-09-17T13:18:36,2026-09-17T13:18:36
13941,2026-04-06,Plus Ryder Midwest,COMPLETED,BOGUS,Posted,2026-04-06,5:49AM,,18:11:00,LBS,8996.0,8996.0,0.0,Plus Materials,,1506.8787,1506.88,0.0,,,0,1,CARL,,2026-09-17T13:18:36,2026-09-17T13:18:36
13942,2026-04-06,Plus Ryder Midwest,COMPLETED,BOGUS,Posted,2026-04-06,5:50AM,,18:10:00,LBS,33043.0,33043.0,0.0,Plus Materials,,946.0365,946.04,0.0,,,22,1,CARL,,2026-09-17T13:18:36,2026-09-17T13:18:36
13943,2026-04-06,Plus Ryder Midwest,COMPLETED,BOGUS,Posted,2026-04-06,5:54AM,,18:06:00,LBS,9157.0,9157.0,0.0,Plus Materials,,1511.0425,1511.04,0.0,,,0,1,CARL,,2026-09-17T13:18:36,2026-09-17T13:18:36
13944,2026-04-06,Plus Ryder Midwest,COMPLETED,BOGUS,Posted,2026-04-06,6:06AM,,17:54:00,LBS,1777.0,1777.0,0.0,Plus Materials,,289.1289,289.13,0.0,,,0,1,CARL,,2026-09-17T13:18:36,2026-09-17T13:18:36
13945,2026-04-06,Plus Ryder Midwest,COMPLETED,BOGUS,Posted,2026-04-06,6:08AM,,17:52:00,LBS,2413.0,2413.0,0.0,Plus Materials,,396.7376,396.74,0.0,,,0,1,CARL,,2026-09-17T13:18:36,2026-09-17T13:18:36
13946,2026-04-06,Plus Ryder Midwest,COMPLETED,BOGUS,Posted,2026-04-06,2:59PM,,09:01:00,LBS,3458.0,3458.0,0.0,Plus Materials,,259.3504,259.35,0.0,,,29,1,CARL,,2026-09-17T13:18:36,2026-09-17T13:18:36
13947,2026-04-07,Plus Monroe Warehouse,COMPLETED,AUTO-TIE BALER (1ST SHIFT),Posted,2026-04-08,7:50AM,,16:10:00,LBS,9019.0,9019.0,0.0,Plus Materials,,335.9863,335.99,0.0,,,7,8,CARL,,2026-09-17T13:18:36,2026-09-17T13:18:36
13951,2026-04-07,Plus Monroe Warehouse,COMPLETED,EXTRUDER (1ST SHIFT),Posted,2026-04-08,7:50AM,,16:10:00,LBS,7692.0,7692.0,0.0,Plus Materials,,410.48,410.49,0.0,,,0,1,CARL,,2026-09-17T13:18:36,2026-09-17T13:18:36
13952,2026-04-07,Plus Monroe Warehouse,COMPLETED,GREEN MAX (NEW) (1ST SHIFT),Posted,2026-04-08,7:51AM,,16:09:00,LBS,597.0,597.0,0.0,Plus Materials,,42.2779,42.28,0.0,,,6,0,CARL,,2026-09-17T13:18:36,2026-09-17T13:18:36
13953,2026-04-07,Plus Monroe Warehouse,COMPLETED,GUILLOTINE (1ST SHIFT),Posted,2026-04-08,7:51AM,,16:09:00,LBS,3648.0,3648.0,0.0,Plus Materials,,1.5331,1.54,0.0,,,3,3,CARL,,2026-09-17T13:18:36,2026-09-17T13:18:36
13955,2026-04-07,Monroe Processing Warehouse,COMPLETED,SHREDDER/GRINDER (1ST SHIFT),Posted,2026-04-08,7:51AM,,16:09:00,LBS,2316.0,2316.0,0.0,Plus Materials,,0.0,0.0,0.0,,,270,0,CARL,,2026-09-17T13:18:36,2026-09-17T13:18:36
13957,2026-04-07,Plus Monroe Warehouse,COMPLETED,AUTO-TIE BALER (2ND SHIFT),Posted,2026-04-08,7:53AM,,16:07:00,LBS,8403.0,8403.0,0.0,Plus Materials,,308.7679,308.76,0.0,,,7,0,CARL,,2026-09-17T13:18:36,2026-09-17T13:18:36
13961,2026-04-07,Plus Monroe Warehouse,COMPLETED,EXTRUDER (2ND SHIFT),Posted,2026-04-08,7:54AM,,16:06:00,LBS,5696.0,5696.0,0.0,Plus Materials,,398.72,398.72,0.0,,,0,0,CARL,,2026-09-17T13:18:36,2026-09-17T13:18:36
13965,2026-04-07,Monroe Processing Warehouse,COMPLETED,SHREDDER/GRINDER (2ND SHIFT),Posted,2026-04-08,7:55AM,,16:05:00,LBS,3297.0,3297.0,0.0,Plus Materials,,0.0,0.0,0.0,,,0,0,CARL,,2026-09-17T13:18:36,2026-09-17T13:18:36
13971,2026-04-07,Plus Monroe Warehouse,COMPLETED,EXTRUDER (3RD SHIFT),Posted,2026-04-08,7:56AM,,16:04:00,LBS,1408.0,1408.0,0.0,Plus Materials,,147.84,147.84,0.0,,,0,0,CARL,,2026-09-17T13:18:36,2026-09-17T13:18:36
13973,2026-04-07,Plus Monroe Warehouse,COMPLETED,GUILLOTINE (3RD SHIFT),Posted,2026-04-08,7:56AM,,16:04:00,LBS,5635.0,5635.0,0.0,Plus Materials,,-394.45,-394.45,0.0,,,0,0,CARL,,2026-09-17T13:18:36,2026-09-17T13:18:36
13978,2026-04-08,Plus Ryder Midwest,COMPLETED,BOGUS,Posted,2026-04-08,5:16AM,,18:44:00,LBS,13208.0,13208.0,0.0,Plus Materials,,1002.5519,1002.55,0.0,,,17,1,CARL,,2026-09-17T13:18:36,2026-09-17T13:18:36
13979,2026-04-08,Plus Ryder Midwest,COMPLETED,BOGUS,Posted,2026-04-08,5:18AM,,18:42:00,LBS,21582.0,21582.0,0.0,Plus Materials,,1667.8215,1667.82,0.0,,,0,1,CARL,,2026-09-17T13:18:36,2026-09-17T13:18:36
13980,2026-04-08,Plus Ryder Midwest,COMPLETED,BOGUS,Posted,2026-04-08,5:21AM,,18:39:00,LBS,2112.0,2112.0,0.0,Plus Materials,,163.6168,163.62,0.0,,,10,1,CARL,,2026-09-17T13:18:36,2026-09-17T13:18:36
13981,2026-04-08,Plus Ryder Midwest,COMPLETED,BOGUS,Posted,2026-04-08,5:23AM,,18:37:00,LBS,6894.0,6894.0,0.0,Plus Materials,,528.5226,528.52,0.0,,,0,1,CARL,,2026-09-17T13:18:36,2026-09-17T13:18:36
13982,2026-04-08,Plus Ryder Midwest,COMPLETED,BOGUS,Posted,2026-04-08,5:24AM,,18:36:00,LBS,32732.0,32732.0,0.0,Plus Materials,,2075.7592,2075.76,0.0,,,8,1,CARL,,2026-09-17T13:18:36,2026-09-17T13:18:36
13983,2026-04-08,Plus Monroe Warehouse,COMPLETED,AUTO-TIE BALER (1ST SHIFT),Posted,2026-04-09,5:47AM,,18:13:00,LBS,8362.0,8362.0,0.0,Plus Materials,,152.1271,152.13,0.0,,,7,8,CARL,,2026-09-17T13:18:36,2026-09-17T13:18:36
13987,2026-04-08,Plus Monroe Warehouse,COMPLETED,EXTRUDER (1ST SHIFT),Posted,2026-04-09,5:48AM,,18:12:00,LBS,6650.0,6650.0,0.0,Plus Materials,,0.0,0.0,0.0,,,15,0,CARL,,2026-09-17T13:18:36,2026-09-17T13:18:36
13989,2026-04-08,Plus Monroe Warehouse,COMPLETED,GUILLOTINE (1ST SHIFT),Posted,2026-04-09,5:48AM,,18:12:00,LBS,9844.0,9844.0,0.0,Plus Materials,,560.0,560.0,0.0,,,55,10,CARL,,2026-09-17T13:18:36,2026-09-17T13:18:36
13991,2026-04-08,Monroe Processing Warehouse,COMPLETED,SHREDDER/GRINDER (1ST SHIFT),Posted,2026-04-09,5:48AM,,18:12:00,LBS,4105.0,4105.0,0.0,Plus Materials,,0.0,0.0,0.0,,,0,0,CARL,,2026-09-17T13:18:36,2026-09-17T13:18:36
13993,2026-04-08,Plus Monroe Warehouse,COMPLETED,AUTO-TIE BALER (2ND SHIFT),Posted,2026-04-09,5:49AM,,18:11:00,LBS,5780.0,5780.0,0.0,Plus Materials,,261.8399,261.83,0.0,,,5,0,CARL,,2026-09-17T13:18:36,2026-09-17T13:18:36
13997,2026-04-08,Plus Monroe Warehouse,COMPLETED,EXTRUDER (2ND SHIFT),Posted,2026-04-09,5:49AM,,18:11:00,LBS,3134.0,3134.0,0.0,Plus Materials,,0.0,0.0,0.0,,,0,0,CARL,,2026-09-17T13:18:36,2026-09-17T13:18:36
13999,2026-04-08,Plus Monroe Warehouse,COMPLETED,GUILLOTINE (2ND SHIFT),Posted,2026-04-09,5:50AM,,18:10:00,LBS,10556.0,10556.0,0.0,Plus Materials,,738.92,738.92,0.0,,,0,0,CARL,,2026-09-17T13:18:36,2026-09-17T13:18:36
14001,2026-04-08,Monroe Processing Warehouse,COMPLETED,SHREDDER/GRINDER (2ND SHIFT),Posted,2026-04-09,5:50AM,,18:10:00,LBS,2730.0,2730.0,0.0,Plus Materials,,0.0,0.0,0.0,,,44,0,CARL,,2026-09-17T13:18:36,2026-09-17T13:18:36
14009,2026-04-08,Plus Monroe Warehouse,COMPLETED,GUILLOTINE (3RD SHIFT),Posted,2026-04-09,5:52AM,,18:08:00,LBS,8256.0,8256.0,0.0,Plus Materials,,-577.92,-577.92,0.0,,,0,0,CARL,,2026-09-17T13:18:36,2026-09-17T13:18:36
14014,2026-04-08,Plus Ryder Midwest,COMPLETED,BOGUS,Posted,2026-04-08,2:25PM,,09:35:00,LBS,9524.0,9524.0,0.0,Plus Materials,,736.0004,736.0,0.0,,,0,1,CARL,,2026-09-17T13:18:36,2026-09-17T13:18:36
14015,2026-04-08,Plus Ryder Midwest,COMPLETED,BOGUS,Posted,2026-04-08,2:27PM,,09:33:00,LBS,3138.0,3138.0,0.0,Plus Materials,,243.1008,243.1,0.0,,,0,1,CARL,,2026-09-17T13:18:36,2026-09-17T13:18:36
14016,2026-04-08,Plus Ryder Midwest,COMPLETED,BOGUS,Posted,2026-04-08,2:29PM,,09:31:00,LBS,9904.0,9904.0,0.0,Plus Materials,,759.2833,759.28,0.0,,,0,1,CARL,,2026-09-17T13:18:36,2026-09-17T13:18:36
14017,2026-04-08,Plus Ryder Midwest,COMPLETED,BOGUS,Posted,2026-04-08,2:31PM,,09:29:00,LBS,8998.0,8998.0,0.0,Plus Materials,,676.2737,676.27,0.0,,,13,1,CARL,,2026-09-17T13:18:36,2026-09-17T13:18:36
14018,2026-04-09,Plus Monroe Warehouse,COMPLETED,AUTO-TIE BALER (1ST SHIFT),Posted,2026-04-10,5:51AM,,18:09:00,LBS,4547.0,4547.0,0.0,Plus Materials,,205.9828,205.99,0.0,,,4,4,CARL,,2026-09-17T13:18:36,2026-09-17T13:18:36
14022,2026-04-09,Plus Monroe Warehouse,COMPLETED,EXTRUDER (1ST SHIFT),Posted,2026-04-10,5:52AM,,18:08:00,LBS,1558.0,1558.0,0.0,Plus Materials,,155.8,155.8,0.0,,,0,0,CARL,,2026-09-17T13:18:36,2026-09-17T13:18:36
14024,2026-04-09,Plus Monroe Warehouse,COMPLETED,GUILLOTINE (1ST SHIFT),Posted,2026-04-10,5:52AM,,18:08:00,LBS,2736.0,2736.0,0.0,Plus Materials,,-47.3174,-47.31,0.0,,,5,3,CARL,,2026-09-17T13:18:36,2026-09-17T13:18:36
14026,2026-04-09,Monroe Processing Warehouse,COMPLETED,SHREDDER/GRINDER (1ST SHIFT),Posted,2026-04-10,5:53AM,,18:07:00,LBS,1043.0,1043.0,0.0,Plus Materials,,0.0,0.0,0.0,,,0,0,CARL,,2026-09-17T13:18:36,2026-09-17T13:18:36
14028,2026-04-09,Plus Monroe Warehouse,COMPLETED,AUTO-TIE BALER (2ND SHIFT),Posted,2026-04-10,5:53AM,,18:07:00,LBS,4098.0,4098.0,0.0,Plus Materials,,28.4693,28.47,0.0,,,4,0,CARL,,2026-09-17T13:18:36,2026-09-17T13:18:36
14032,2026-04-09,Plus Monroe Warehouse,COMPLETED,EXTRUDER (2ND SHIFT),Posted,2026-04-10,5:54AM,,18:06:00,LBS,4562.0,4562.0,0.0,Plus Materials,,319.3332,319.34,0.0,,,0,0,CARL,,2026-09-17T13:18:36,2026-09-17T13:18:36
14034,2026-04-09,Plus Monroe Warehouse,COMPLETED,GUILLOTINE (2ND SHIFT),Posted,2026-04-10,5:54AM,,18:06:00,LBS,7119.0,7119.0,0.0,Plus Materials,,448.77,448.77,0.0,,,0,0,CARL,,2026-09-17T13:18:36,2026-09-17T13:18:36
14042,2026-04-09,Plus Monroe Warehouse,COMPLETED,EXTRUDER (3RD SHIFT),Posted,2026-04-10,5:56AM,,18:04:00,LBS,3755.0,3755.0,0.0,Plus Materials,,37.55,37.55,0.0,,,4,0,CARL,,2026-09-17T13:18:36,2026-09-17T13:18:36
14044,2026-04-09,Plus Monroe Warehouse,COMPLETED,GUILLOTINE (3RD SHIFT),Posted,2026-04-10,5:57AM,,18:03:00,LBS,5512.0,5512.0,0.0,Plus Materials,,385.84,385.84,0.0,,,0,0,CARL,,2026-09-17T13:18:36,2026-09-17T13:18:36
14048,2026-04-09,PRN Southeast,COMPLETED,BALER,Posted,2026-04-10,6:26AM,,17:34:00,LBS,2940.0,3655.0,-715.0,Plus Materials,,157.94,304.94,147.0,,,9,2,CARL,,2026-09-17T13:18:36,2026-09-17T13:18:36
14049,2026-04-10,Plus Monroe Warehouse,COMPLETED,AUTO-TIE BALER (1ST SHIFT),Posted,2026-04-13,5:49AM,,18:11:00,LBS,6519.0,6519.0,0.0,Plus Materials,,125.6591,125.66,0.0,,,3,5,CARL,,2026-09-17T13:18:36,2026-09-17T13:18:36
14053,2026-04-10,Plus Monroe Warehouse,COMPLETED,EXTRUDER (1ST SHIFT),Posted,2026-04-13,5:50AM,,18:10:00,LBS,6746.0,6746.0,0.0,Plus Materials,,598.22,598.22,0.0,,,0,0,CARL,,2026-09-17T13:18:36,2026-09-17T13:18:36
14055,2026-04-10,Plus Monroe Warehouse,COMPLETED,GUILLOTINE (1ST SHIFT),Posted,2026-04-13,5:50AM,,18:10:00,LBS,6110.0,6110.0,0.0,Plus Materials,,540.0545,540.08,0.0,,,45,18,CARL,,2026-09-17T13:18:36,2026-09-17T13:18:36
14057,2026-04-10,Monroe Processing Warehouse,COMPLETED,SHREDDER/GRINDER (1ST SHIFT),Posted,2026-04-13,5:50AM,,18:10:00,LBS,2145.0,2145.0,0.0,Plus Materials,,0.0,0.0,0.0,,,0,0,CARL,,2026-09-17T13:18:36,2026-09-17T13:18:36
14063,2026-04-10,Plus Monroe Warehouse,COMPLETED,EXTRUDER (2ND SHIFT),Posted,2026-04-13,5:51AM,,18:09:00,LBS,8334.0,8334.0,0.0,Plus Materials,,583.38,583.38,0.0,,,0,0,CARL,,2026-09-17T13:18:36,2026-09-17T13:18:36
14065,2026-04-10,Plus Monroe Warehouse,COMPLETED,GUILLOTINE (2ND SHIFT),Posted,2026-04-13,5:52AM,,18:08:00,LBS,7367.0,7367.0,0.0,Plus Materials,,515.69,515.69,0.0,,,0,0,CARL,,2026-09-17T13:18:36,2026-09-17T13:18:36
14067,2026-04-10,Monroe Processing Warehouse,COMPLETED,SHREDDER/GRINDER (2ND SHIFT),Posted,2026-04-13,5:52AM,,18:08:00,LBS,1581.0,1581.0,0.0,Plus Materials,,15.81,15.81,0.0,,,28,0,CARL,,2026-09-17T13:18:36,2026-09-17T13:18:36
14073,2026-04-10,Plus Monroe Warehouse,COMPLETED,EXTRUDER (3RD SHIFT),Posted,2026-04-13,5:53AM,,18:07:00,LBS,4402.0,4402.0,0.0,Plus Materials,,308.14,308.14,0.0,,,0,0,CARL,,2026-09-17T13:18:36,2026-09-17T13:18:36
14075,2026-04-10,Plus Monroe Warehouse,COMPLETED,GUILLOTINE (3RD SHIFT),Posted,2026-04-13,5:54AM,,18:06:00,LBS,6200.0,6200.0,0.0,Plus Materials,,434.0,434.0,0.0,,,0,0,CARL,,2026-09-17T13:18:36,2026-09-17T13:18:36
14080,2026-04-13,Plus Monroe Warehouse,COMPLETED,AUTO-TIE BALER (1ST SHIFT),Posted,2026-04-14,4:40AM,,19:20:00,LBS,3502.0,3502.0,0.0,Plus Materials,,-40.9296,-40.93,0.0,,,54,2,CARL,,2026-09-17T13:18:36,2026-09-17T13:18:36
14084,2026-04-13,Plus Monroe Warehouse,COMPLETED,EXTRUDER (1ST SHIFT),Posted,2026-04-14,4:40AM,,19:20:00,LBS,6608.0,6608.0,0.0,Plus Materials,,462.56,462.56,0.0,,,55,0,CARL,,2026-09-17T13:18:36,2026-09-17T13:18:36
14086,2026-04-13,Plus Monroe Warehouse,COMPLETED,GUILLOTINE (1ST SHIFT),Posted,2026-04-14,4:41AM,,19:19:00,LBS,6729.0,6729.0,0.0,Plus Materials,,471.03,471.03,0.0,,,0,7,CARL,,2026-09-17T13:18:36,2026-09-17T13:18:36
14087,2026-04-13,Plus Monroe Warehouse,COMPLETED,SHREDDER (1ST SHIFT),Posted,2026-04-14,4:41AM,,19:19:00,LBS,6897.0,6897.0,0.0,Plus Materials,,275.88,275.88,0.0,,,20,0,CARL,,2026-09-17T13:18:36,2026-09-17T13:18:36
14088,2026-04-13,Monroe Processing Warehouse,COMPLETED,SHREDDER/GRINDER (1ST SHIFT),Posted,2026-04-14,4:41AM,,19:19:00,LBS,6705.0,6705.0,0.0,Plus Materials,,67.05,67.05,0.0,,,0,0,CARL,,2026-09-17T13:18:36,2026-09-17T13:18:36
14089,2026-04-13,Plus Monroe Warehouse,COMPLETED,SMALL GRINDER (1ST SHIFT),Posted,2026-04-14,4:41AM,,19:19:00,LBS,1179.0,1179.0,0.0,Plus Materials,,0.0,0.0,0.0,,,0,0,CARL,,2026-09-17T13:18:36,2026-09-17T13:18:36
14094,2026-04-13,Plus Monroe Warehouse,COMPLETED,EXTRUDER (2ND SHIFT),Posted,2026-04-14,4:42AM,,19:18:00,LBS,4830.0,4830.0,0.0,Plus Materials,,338.1,338.1,0.0,,,0,0,CARL,,2026-09-17T13:18:36,2026-09-17T13:18:36
14104,2026-04-13,Plus Monroe Warehouse,COMPLETED,EXTRUDER (3RD SHIFT),Posted,2026-04-14,4:44AM,,19:16:00,LBS,6314.0,6314.0,0.0,Plus Materials,,441.98,441.98,0.0,,,0,0,CARL,,2026-09-17T13:18:36,2026-09-17T13:18:36
14106,2026-04-13,Plus Monroe Warehouse,COMPLETED,GUILLOTINE (3RD SHIFT),Posted,2026-04-14,4:44AM,,19:16:00,LBS,8352.0,8352.0,0.0,Plus Materials,,-584.64,-584.64,0.0,,,10,0,CARL,,2026-09-17T13:18:36,2026-09-17T13:18:36
14110,2026-04-13,PRN Southeast,COMPLETED,BALER,Posted,2026-04-13,4:45AM,,19:15:00,LBS,13705.0,15165.0,-1460.0,Plus Materials,,709.71,1394.97,685.25,,,53,9,CARL,,2026-09-17T13:18:36,2026-09-17T13:18:36
14111,2026-04-13,Plus Ryder Midwest,COMPLETED,BOGUS,Posted,2026-04-13,12:41PM,,11:19:00,LBS,19550.0,19550.0,0.0,Plus Materials,,1466.2527,1466.25,0.0,,,0,1,CARL,,2026-09-17T13:18:36,2026-09-17T13:18:36
14112,2026-04-14,Plus Monroe Warehouse,COMPLETED,AUTO-TIE BALER (1ST SHIFT),Posted,2026-04-15,5:51AM,,18:09:00,LBS,3364.0,3364.0,0.0,Plus Materials,,330.4469,330.44,0.0,,,24,2,CARL,,2026-09-17T13:18:36,2026-09-17T13:18:36
14116,2026-04-14,Plus Monroe Warehouse,COMPLETED,EXTRUDER (1ST SHIFT),Posted,2026-04-15,5:52AM,,18:08:00,LBS,9814.0,9814.0,0.0,Plus Materials,,686.98,686.98,0.0,,,0,0,CARL,,2026-09-17T13:18:36,2026-09-17T13:18:36
14118,2026-04-14,Plus Monroe Warehouse,COMPLETED,GUILLOTINE (1ST SHIFT),Posted,2026-04-15,5:52AM,,18:08:00,LBS,7307.0,7307.0,0.0,Plus Materials,,477.8522,477.84,0.0,,,160,9,CARL,,2026-09-17T13:18:36,2026-09-17T13:18:36
14120,2026-04-14,Monroe Processing Warehouse,COMPLETED,SHREDDER/GRINDER (1ST SHIFT),Posted,2026-04-15,5:52AM,,18:08:00,LBS,3313.0,3313.0,0.0,Plus Materials,,55.0923,55.09,0.0,,,60,0,CARL,,2026-09-17T13:18:36,2026-09-17T13:18:36
14122,2026-04-14,Plus Monroe Warehouse,COMPLETED,AUTO-TIE BALER (2ND SHIFT),Posted,2026-04-15,5:53AM,,18:07:00,LBS,1320.0,1320.0,0.0,Plus Materials,,45.9859,45.99,0.0,,,1,0,CARL,,2026-09-17T13:18:36,2026-09-17T13:18:36
14126,2026-04-14,Plus Monroe Warehouse,COMPLETED,EXTRUDER (2ND SHIFT),Posted,2026-04-15,5:54AM,,18:06:00,LBS,4797.0,4797.0,0.0,Plus Materials,,335.79,335.79,0.0,,,0,0,CARL,,2026-09-17T13:18:36,2026-09-17T13:18:36
14128,2026-04-14,Plus Monroe Warehouse,COMPLETED,GUILLOTINE (2ND SHIFT),Posted,2026-04-15,5:54AM,,18:06:00,LBS,11923.0,11923.0,0.0,Plus Materials,,470.54,470.56,0.0,,,0,0,CARL,,2026-09-17T13:18:36,2026-09-17T13:18:36
14130,2026-04-14,Monroe Processing Warehouse,COMPLETED,SHREDDER/GRINDER (2ND SHIFT),Posted,2026-04-15,5:54AM,,18:06:00,LBS,4193.0,4193.0,0.0,Plus Materials,,0.0,0.0,0.0,,,0,0,CARL,,2026-09-17T13:18:36,2026-09-17T13:18:36
14136,2026-04-14,Plus Monroe Warehouse,COMPLETED,EXTRUDER (3RD SHIFT),Posted,2026-04-15,5:55AM,,18:05:00,LBS,4824.0,4824.0,0.0,Plus Materials,,337.68,337.68,0.0,,,0,0,CARL,,2026-09-17T13:18:36,2026-09-17T13:18:36
14138,2026-04-14,Plus Monroe Warehouse,COMPLETED,GUILLOTINE (3RD SHIFT),Posted,2026-04-15,5:56AM,,18:04:00,LBS,6149.0,6149.0,0.0,Plus Materials,,-430.43,-430.43,0.0,,,15,0,CARL,,2026-09-17T13:18:36,2026-09-17T13:18:36
14143,2026-04-15,Plus Monroe Warehouse,COMPLETED,AUTO-TIE BALER (1ST SHIFT),Posted,2026-04-16,5:47AM,,18:13:00,LBS,7902.0,7902.0,0.0,Plus Materials,,1572.5105,1572.51,0.0,,,19,5,CARL,,2026-09-17T13:18:36,2026-09-17T13:18:36
14147,2026-04-15,Plus Monroe Warehouse,COMPLETED,EXTRUDER (1ST SHIFT),Posted,2026-04-16,5:47AM,,18:13:00,LBS,7885.0,7885.0,0.0,Plus Materials,,551.95,551.95,0.0,,,205,0,CARL,,2026-09-17T13:18:36,2026-09-17T13:18:36
14148,2026-04-15,Plus Monroe Warehouse,COMPLETED,GREEN MAX (NEW) (1ST SHIFT),Posted,2026-04-16,5:48AM,,18:12:00,LBS,832.0,832.0,0.0,Plus Materials,,0.0,0.0,0.0,,,24,0,CARL,,2026-09-17T13:18:36,2026-09-17T13:18:36
14149,2026-04-15,Plus Monroe Warehouse,COMPLETED,GUILLOTINE (1ST SHIFT),Posted,2026-04-16,5:48AM,,18:12:00,LBS,6612.0,6612.0,0.0,Plus Materials,,0.0,0.0,0.0,,,0,18,CARL,,2026-09-17T13:18:36,2026-09-17T13:18:36
14150,2026-04-15,Plus Monroe Warehouse,COMPLETED,SHREDDER (1ST SHIFT),Posted,2026-04-16,5:48AM,,18:12:00,LBS,11524.0,11524.0,0.0,Plus Materials,,0.0,0.0,0.0,,,0,0,CARL,,2026-09-17T13:18:36,2026-09-17T13:18:36
14151,2026-04-15,Monroe Processing Warehouse,COMPLETED,SHREDDER/GRINDER (1ST SHIFT),Posted,2026-04-16,5:48AM,,18:12:00,LBS,4573.0,4573.0,0.0,Plus Materials,,228.65,228.65,0.0,,,4,0,CARL,,2026-09-17T13:18:36,2026-09-17T13:18:36
14153,2026-04-15,Plus Monroe Warehouse,COMPLETED,AUTO-TIE BALER (2ND SHIFT),Posted,2026-04-16,5:50AM,,18:10:00,LBS,7311.0,7311.0,0.0,Plus Materials,,201.0525,201.06,0.0,,,0,0,CARL,,2026-09-17T13:18:36,2026-09-17T13:18:36
14157,2026-04-15,Plus Monroe Warehouse,COMPLETED,EXTRUDER (2ND SHIFT),Posted,2026-04-16,5:50AM,,18:10:00,LBS,4744.0,4744.0,0.0,Plus Materials,,332.08,332.08,0.0,,,0,0,CARL,,2026-09-17T13:18:36,2026-09-17T13:18:36
14159,2026-04-15,Plus Monroe Warehouse,COMPLETED,GUILLOTINE (2ND SHIFT),Posted,2026-04-16,5:51AM,,18:09:00,LBS,7066.0,7066.0,0.0,Plus Materials,,424.38,424.38,0.0,,,11,0,CARL,,2026-09-17T13:18:36,2026-09-17T13:18:36
14161,2026-04-15,Monroe Processing Warehouse,COMPLETED,SHREDDER/GRINDER (2ND SHIFT),Posted,2026-04-16,5:51AM,,18:09:00,LBS,3355.0,3355.0,0.0,Plus Materials,,167.75,167.75,0.0,,,8,0,CARL,,2026-09-17T13:18:36,2026-09-17T13:18:36
14167,2026-04-15,Plus Monroe Warehouse,COMPLETED,EXTRUDER (3RD SHIFT),Posted,2026-04-16,5:52AM,,18:08:00,LBS,1636.0,1636.0,0.0,Plus Materials,,65.44,65.44,0.0,,,0,0,CARL,,2026-09-17T13:18:36,2026-09-17T13:18:36
14169,2026-04-15,Plus Monroe Warehouse,COMPLETED,GUILLOTINE (3RD SHIFT),Posted,2026-04-16,5:52AM,,18:08:00,LBS,6401.0,6401.0,0.0,Plus Materials,,-448.07,-448.07,0.0,,,10,0,CARL,,2026-09-17T13:18:36,2026-09-17T13:18:36
14173,2026-04-15,PRN Southeast,COMPLETED,BALER,Posted,2026-04-16,5:53AM,,18:07:00,LBS,415.0,3900.0,-3485.0,Plus Materials,,19.17,39.93,20.75,,,2,3,CARL,,2026-09-17T13:18:36,2026-09-17T13:18:36
14174,2026-04-16,Plus Monroe Warehouse,COMPLETED,AUTO-TIE BALER (1ST SHIFT),Posted,2026-04-17,5:49AM,,18:11:00,LBS,10359.0,10359.0,0.0,Plus Materials,,2842.0836,2842.08,0.0,,,0,7,CARL,,2026-09-17T13:18:36,2026-09-17T13:18:36
14178,2026-04-16,Plus Monroe Warehouse,COMPLETED,EXTRUDER (1ST SHIFT),Posted,2026-04-17,5:50AM,,18:10:00,LBS,4695.0,4695.0,0.0,Plus Materials,,328.65,328.65,0.0,,,0,0,CARL,,2026-09-17T13:18:36,2026-09-17T13:18:36
14180,2026-04-16,Plus Monroe Warehouse,COMPLETED,GUILLOTINE (1ST SHIFT),Posted,2026-04-17,5:50AM,,18:10:00,LBS,9088.0,9088.0,0.0,Plus Materials,,565.48,565.46,0.0,,,0,15,CARL,,2026-09-17T13:18:36,2026-09-17T13:18:36
14181,2026-04-16,Plus Monroe Warehouse,COMPLETED,SHREDDER (1ST SHIFT),Posted,2026-04-17,5:50AM,,18:10:00,LBS,5052.0,5052.0,0.0,Plus Materials,,202.08,202.08,0.0,,,15,0,CARL,,2026-09-17T13:18:36,2026-09-17T13:18:36
14182,2026-04-16,Monroe Processing Warehouse,COMPLETED,SHREDDER/GRINDER (1ST SHIFT),Posted,2026-04-17,5:51AM,,18:09:00,LBS,3366.0,3366.0,0.0,Plus Materials,,235.62,235.62,0.0,,,48,0,CARL,,2026-09-17T13:18:36,2026-09-17T13:18:36
14184,2026-04-16,Plus Monroe Warehouse,COMPLETED,AUTO-TIE BALER (2ND SHIFT),Posted,2026-04-17,5:51AM,,18:09:00,LBS,9417.0,9417.0,0.0,Plus Materials,,258.9692,258.97,0.0,,,0,0,CARL,,2026-09-17T13:18:36,2026-09-17T13:18:36
14188,2026-04-16,Plus Monroe Warehouse,COMPLETED,EXTRUDER (2ND SHIFT),Posted,2026-04-17,5:52AM,,18:08:00,LBS,3458.0,3458.0,0.0,Plus Materials,,242.06,242.06,0.0,,,0,0,CARL,,2026-09-17T13:18:36,2026-09-17T13:18:36
14190,2026-04-16,Plus Monroe Warehouse,COMPLETED,GUILLOTINE (2ND SHIFT),Posted,2026-04-17,5:52AM,,18:08:00,LBS,8439.0,8439.0,0.0,Plus Materials,,590.73,590.73,0.0,,,12,0,CARL,,2026-09-17T13:18:36,2026-09-17T13:18:36
14191,2026-04-16,Plus Monroe Warehouse,COMPLETED,SHREDDER (2ND SHIFT),Posted,2026-04-17,5:52AM,,18:08:00,LBS,4012.0,4012.0,0.0,Plus Materials,,197.581,197.58,0.0,,,17,4,CARL,,2026-09-17T13:18:36,2026-09-17T13:18:36
14192,2026-04-16,Monroe Processing Warehouse,COMPLETED,SHREDDER/GRINDER (2ND SHIFT),Posted,2026-04-17,5:52AM,,18:08:00,LBS,4180.0,4180.0,0.0,Plus Materials,,292.6,292.6,0.0,,,0,0,CARL,,2026-09-17T13:18:36,2026-09-17T13:18:36
14198,2026-04-16,Plus Monroe Warehouse,COMPLETED,EXTRUDER (3RD SHIFT),Posted,2026-04-17,5:54AM,,18:06:00,LBS,1722.0,1722.0,0.0,Plus Materials,,120.54,120.54,0.0,,,0,0,CARL,,2026-09-17T13:18:36,2026-09-17T13:18:36
14200,2026-04-16,Plus Monroe Warehouse,COMPLETED,GUILLOTINE (3RD SHIFT),Posted,2026-04-17,5:54AM,,18:06:00,LBS,9241.0,9241.0,0.0,Plus Materials,,337.47,337.47,0.0,,,11,0,CARL,,2026-09-17T13:18:36,2026-09-17T13:18:36
14204,2026-04-16,PRN Southeast,COMPLETED,BALER,Posted,2026-04-16,5:55AM,,18:05:00,LBS,7380.0,8420.0,-1040.0,Plus Materials,,416.38,785.37,369.0,,,19,6,CARL,,2026-09-17T13:18:36,2026-09-17T13:18:36
14209,2026-04-17,Plus Monroe Warehouse,COMPLETED,EXTRUDER (1ST SHIFT),Posted,2026-04-20,5:55AM,,18:05:00,LBS,6800.0,6800.0,0.0,Plus Materials,,476.0,476.0,0.0,,,200,0,CARL,,2026-09-17T13:18:36,2026-09-17T13:18:36
14210,2026-04-17,Plus Monroe Warehouse,COMPLETED,GREEN MAX (NEW) (1ST SHIFT),Posted,2026-04-20,5:56AM,,18:04:00,LBS,1818.0,1818.0,0.0,Plus Materials,,0.0,0.0,0.0,,,0,0,CARL,,2026-09-17T13:18:36,2026-09-17T13:18:36
14211,2026-04-17,Plus Monroe Warehouse,COMPLETED,GUILLOTINE (1ST SHIFT),Posted,2026-04-20,5:56AM,,18:04:00,LBS,6481.0,6481.0,0.0,Plus Materials,,543.76,543.77,0.0,,,4,0,CARL,,2026-09-17T13:18:36,2026-09-17T13:18:36
14212,2026-04-17,Plus Monroe Warehouse,COMPLETED,SHREDDER (1ST SHIFT),Posted,2026-04-20,5:56AM,,18:04:00,LBS,5356.0,5356.0,0.0,Plus Materials,,53.56,53.56,0.0,,,0,0,CARL,,2026-09-17T13:18:36,2026-09-17T13:18:36
14213,2026-04-17,Monroe Processing Warehouse,COMPLETED,SHREDDER/GRINDER (1ST SHIFT),Posted,2026-04-20,5:56AM,,18:04:00,LBS,4774.0,4774.0,0.0,Plus Materials,,510.8735,510.88,0.0,,,35,0,CARL,,2026-09-17T13:18:36,2026-09-17T13:18:36
14215,2026-04-17,Plus Monroe Warehouse,COMPLETED,AUTO-TIE BALER (2ND SHIFT),Posted,2026-04-20,5:58AM,,18:02:00,LBS,3443.0,3443.0,0.0,Plus Materials,,178.1345,178.13,0.0,,,10,0,CARL,,2026-09-17T13:18:36,2026-09-17T13:18:36
14219,2026-04-17,Plus Monroe Warehouse,COMPLETED,EXTRUDER (2ND SHIFT),Posted,2026-04-20,5:59AM,,18:01:00,LBS,3979.0,3979.0,0.0,Plus Materials,,278.53,278.53,0.0,,,0,0,CARL,,2026-09-17T13:18:36,2026-09-17T13:18:36
14221,2026-04-17,Plus Monroe Warehouse,COMPLETED,GUILLOTINE (2ND SHIFT),Posted,2026-04-20,5:59AM,,18:01:00,LBS,7963.0,7963.0,0.0,Plus Materials,,557.41,557.41,0.0,,,202,0,CARL,,2026-09-17T13:18:36,2026-09-17T13:18:36
14223,2026-04-17,Monroe Processing Warehouse,COMPLETED,SHREDDER/GRINDER (2ND SHIFT),Posted,2026-04-20,5:59AM,,18:01:00,LBS,5501.0,5501.0,0.0,Plus Materials,,487.0978,487.1,0.0,,,35,0,CARL,,2026-09-17T13:18:36,2026-09-17T13:18:36
14229,2026-04-17,Plus Monroe Warehouse,COMPLETED,EXTRUDER (3RD SHIFT),Posted,2026-04-20,6:00AM,,18:00:00,LBS,4210.0,4210.0,0.0,Plus Materials,,294.7,294.7,0.0,,,0,0,CARL,,2026-09-17T13:18:36,2026-09-17T13:18:36
14236,2026-04-17,Plus Ryder Midwest,COMPLETED,BOGUS,Posted,2026-04-17,9:48AM,,14:12:00,LBS,1700.0,1700.0,0.0,Plus Materials,,127.5,127.5,0.0,,,26,1,CARL,,2026-09-17T13:18:36,2026-09-17T13:18:36
14237,2026-04-20,Plus Monroe Warehouse,COMPLETED,AUTO-TIE BALER (1ST SHIFT),Posted,2026-04-21,4:55AM,,19:05:00,LBS,4371.0,4371.0,0.0,Plus Materials,,47.7037,47.71,0.0,,,13,4,CARL,,2026-09-17T13:18:36,2026-09-17T13:18:36
14241,2026-04-20,Plus Monroe Warehouse,COMPLETED,EXTRUDER (1ST SHIFT),Posted,2026-04-21,4:56AM,,19:04:00,LBS,7110.0,7110.0,0.0,Plus Materials,,497.7,497.7,0.0,,,0,0,CARL,,2026-09-17T13:18:36,2026-09-17T13:18:36
14242,2026-04-20,Plus Monroe Warehouse,COMPLETED,GREEN MAX (NEW) (1ST SHIFT),Posted,2026-04-21,4:56AM,,19:04:00,LBS,858.0,858.0,0.0,Plus Materials,,35.8096,35.81,0.0,,,0,0,CARL,,2026-09-17T13:18:36,2026-09-17T13:18:36
14243,2026-04-20,Plus Monroe Warehouse,COMPLETED,GUILLOTINE (1ST SHIFT),Posted,2026-04-21,4:56AM,,19:04:00,LBS,7322.0,7322.0,0.0,Plus Materials,,512.54,512.54,0.0,,,11,0,CARL,,2026-09-17T13:18:36,2026-09-17T13:18:36
14244,2026-04-20,Plus Monroe Warehouse,COMPLETED,SHREDDER (1ST SHIFT),Posted,2026-04-21,4:56AM,,19:04:00,LBS,6306.0,6306.0,0.0,Plus Materials,,252.24,252.24,0.0,,,15,0,CARL,,2026-09-17T13:18:36,2026-09-17T13:18:36
14245,2026-04-20,Monroe Processing Warehouse,COMPLETED,SHREDDER/GRINDER (1ST SHIFT),Posted,2026-04-21,4:57AM,,19:03:00,LBS,7915.0,7915.0,0.0,Plus Materials,,700.85,700.85,0.0,,,0,0,CARL,,2026-09-17T13:18:36,2026-09-17T13:18:36
14247,2026-04-20,Plus Monroe Warehouse,COMPLETED,AUTO-TIE BALER (2ND SHIFT),Posted,2026-04-21,4:57AM,,19:03:00,LBS,6825.0,6825.0,0.0,Plus Materials,,-6.74,-6.74,0.0,,,27,0,CARL,,2026-09-17T13:18:36,2026-09-17T13:18:36
14251,2026-04-20,Plus Monroe Warehouse,COMPLETED,EXTRUDER (2ND SHIFT),Posted,2026-04-21,4:58AM,,19:02:00,LBS,6400.0,6400.0,0.0,Plus Materials,,448.0,448.0,0.0,,,198,0,CARL,,2026-09-17T13:18:36,2026-09-17T13:18:36
14252,2026-04-20,Plus Monroe Warehouse,COMPLETED,GREEN MAX (NEW) (2ND SHIFT),Posted,2026-04-21,4:58AM,,19:02:00,LBS,99.0,99.0,0.0,Plus Materials,,7.0105,7.01,0.0,,,0,0,CARL,,2026-09-17T13:18:36,2026-09-17T13:18:36
14253,2026-04-20,Plus Monroe Warehouse,COMPLETED,GUILLOTINE (2ND SHIFT),Posted,2026-04-21,4:58AM,,19:02:00,LBS,8068.0,8068.0,0.0,Plus Materials,,564.76,564.76,0.0,,,0,0,CARL,,2026-09-17T13:18:36,2026-09-17T13:18:36
14255,2026-04-20,Monroe Processing Warehouse,COMPLETED,SHREDDER/GRINDER (2ND SHIFT),Posted,2026-04-21,4:58AM,,19:02:00,LBS,1184.0,1184.0,0.0,Plus Materials,,104.8397,104.84,0.0,,,0,0,CARL,,2026-09-17T13:18:36,2026-09-17T13:18:36
14261,2026-04-20,Plus Monroe Warehouse,COMPLETED,EXTRUDER (3RD SHIFT),Posted,2026-04-21,5:00AM,,19:00:00,LBS,4862.0,4862.0,0.0,Plus Materials,,340.34,340.34,0.0,,,11,0,CARL,,2026-09-17T13:18:36,2026-09-17T13:18:36
14263,2026-04-20,Plus Monroe Warehouse,COMPLETED,GUILLOTINE (3RD SHIFT),Posted,2026-04-21,5:00AM,,19:00:00,LBS,9610.0,9610.0,0.0,Plus Materials,,348.74,348.74,0.0,,,15,0,CARL,,2026-09-17T13:18:36,2026-09-17T13:18:36
14267,2026-04-20,PRN Southeast,COMPLETED,BALER,Posted,2026-04-20,5:01AM,,18:59:00,LBS,17933.0,13557.0,4376.0,Plus Materials,,1142.3,2038.95,896.65,,,53,6,CARL,,2026-09-17T13:18:36,2026-09-17T13:18:36
14268,2026-04-20,Plus Ryder Midwest,COMPLETED,BOGUS,Posted,2026-04-20,5:38AM,,18:22:00,LBS,3420.0,3420.0,0.0,Plus Materials,,256.5,256.5,0.0,,,20,1,CARL,,2026-09-17T13:18:36,2026-09-17T13:18:36
14269,2026-04-20,Plus Ryder Midwest,COMPLETED,BOGUS,Posted,2026-04-20,10:02AM,,13:58:00,LBS,7650.0,7650.0,0.0,Plus Materials,,573.75,573.75,0.0,,,20,1,CARL,,2026-09-17T13:18:36,2026-09-17T13:18:36
14270,2026-04-21,Plus Monroe Warehouse,COMPLETED,AUTO-TIE BALER (1ST SHIFT),Posted,2026-04-22,5:50AM,,18:10:00,LBS,4821.0,4821.0,0.0,Plus Materials,,0.0,0.0,0.0,,,17,5,CARL,,2026-09-17T13:18:36,2026-09-17T13:18:36
14274,2026-04-21,Plus Monroe Warehouse,COMPLETED,EXTRUDER (1ST SHIFT),Posted,2026-04-22,5:51AM,,18:09:00,LBS,9246.0,9246.0,0.0,Plus Materials,,970.8322,970.83,0.0,,,198,0,CARL,,2026-09-17T13:18:36,2026-09-17T13:18:36
14275,2026-04-21,Plus Monroe Warehouse,COMPLETED,GREEN MAX (NEW) (1ST SHIFT),Posted,2026-04-22,5:51AM,,18:09:00,LBS,914.0,914.0,0.0,Plus Materials,,0.0,0.0,0.0,,,0,0,CARL,,2026-09-17T13:18:36,2026-09-17T13:18:36
14276,2026-04-21,Plus Monroe Warehouse,COMPLETED,GUILLOTINE (1ST SHIFT),Posted,2026-04-22,5:51AM,,18:09:00,LBS,8463.0,8463.0,0.0,Plus Materials,,888.6187,888.64,0.0,,,0,0,CARL,,2026-09-17T13:18:36,2026-09-17T13:18:36
14277,2026-04-21,Plus Monroe Warehouse,COMPLETED,SHREDDER (1ST SHIFT),Posted,2026-04-22,5:51AM,,18:09:00,LBS,7695.0,7695.0,0.0,Plus Materials,,76.95,76.95,0.0,,,0,0,CARL,,2026-09-17T13:18:36,2026-09-17T13:18:36
14278,2026-04-21,Monroe Processing Warehouse,COMPLETED,SHREDDER/GRINDER (1ST SHIFT),Posted,2026-04-22,5:52AM,,18:08:00,LBS,2404.0,2404.0,0.0,Plus Materials,,48.08,48.08,0.0,,,32,0,CARL,,2026-09-17T13:18:36,2026-09-17T13:18:36
14280,2026-04-21,Plus Monroe Warehouse,COMPLETED,AUTO-TIE BALER (2ND SHIFT),Posted,2026-04-22,5:52AM,,18:08:00,LBS,5956.0,5956.0,0.0,Plus Materials,,115.1994,115.2,0.0,,,21,0,CARL,,2026-09-17T13:18:36,2026-09-17T13:18:36
14284,2026-04-21,Plus Monroe Warehouse,COMPLETED,EXTRUDER (2ND SHIFT),Posted,2026-04-22,5:53AM,,18:07:00,LBS,6716.0,6716.0,0.0,Plus Materials,,1040.98,1040.98,0.0,,,9,0,CARL,,2026-09-17T13:18:36,2026-09-17T13:18:36
14286,2026-04-21,Plus Monroe Warehouse,COMPLETED,GUILLOTINE (2ND SHIFT),Posted,2026-04-22,5:53AM,,18:07:00,LBS,8441.0,8441.0,0.0,Plus Materials,,886.3091,886.31,0.0,,,11,0,CARL,,2026-09-17T13:18:36,2026-09-17T13:18:36
14288,2026-04-21,Monroe Processing Warehouse,COMPLETED,SHREDDER/GRINDER (2ND SHIFT),Posted,2026-04-22,5:53AM,,18:07:00,LBS,6802.0,6802.0,0.0,Plus Materials,,136.04,136.04,0.0,,,0,0,CARL,,2026-09-17T13:18:36,2026-09-17T13:18:36
14294,2026-04-21,Plus Monroe Warehouse,COMPLETED,EXTRUDER (3RD SHIFT),Posted,2026-04-22,5:54AM,,18:06:00,LBS,3180.0,3180.0,0.0,Plus Materials,,222.6,222.6,0.0,,,0,0,CARL,,2026-09-17T13:18:36,2026-09-17T13:18:36
14296,2026-04-21,Plus Monroe Warehouse,COMPLETED,GUILLOTINE (3RD SHIFT),Posted,2026-04-22,5:55AM,,18:05:00,LBS,4345.0,4345.0,0.0,Plus Materials,,0.0,0.0,0.0,,,5,0,CARL,,2026-09-17T13:18:36,2026-09-17T13:18:36
14300,2026-04-21,PRN Southeast,COMPLETED,BALER,Posted,2026-04-21,5:55AM,,18:05:00,LBS,6638.0,12380.0,-5742.0,Plus Materials,,369.77,701.67,331.9,,,19,6,CARL,,2026-09-17T13:18:36,2026-09-17T13:18:36
14301,2026-04-22,Plus Monroe Warehouse,COMPLETED,AUTO-TIE BALER (1ST SHIFT),Posted,2026-04-23,5:52AM,,18:08:00,LBS,3699.0,3699.0,0.0,Plus Materials,,105.853,105.85,0.0,,,9,3,CARL,,2026-09-17T13:18:36,2026-09-17T13:18:36
14305,2026-04-22,Plus Monroe Warehouse,COMPLETED,EXTRUDER (1ST SHIFT),Posted,2026-04-23,5:53AM,,18:07:00,LBS,7204.0,7204.0,0.0,Plus Materials,,598.0233,598.03,0.0,,,3,0,CARL,,2026-09-17T13:18:36,2026-09-17T13:18:36
14306,2026-04-22,Plus Monroe Warehouse,COMPLETED,GREEN MAX (NEW) (1ST SHIFT),Posted,2026-04-23,5:53AM,,18:07:00,LBS,1167.0,1167.0,0.0,Plus Materials,,0.0,0.0,0.0,,,6,0,CARL,,2026-09-17T13:18:36,2026-09-17T13:18:36
14307,2026-04-22,Plus Monroe Warehouse,COMPLETED,GUILLOTINE (1ST SHIFT),Posted,2026-04-23,5:53AM,,18:07:00,LBS,7944.0,7944.0,0.0,Plus Materials,,238.32,238.32,0.0,,,11,7,CARL,,2026-09-17T13:18:36,2026-09-17T13:18:36
14308,2026-04-22,Plus Monroe Warehouse,COMPLETED,SHREDDER (1ST SHIFT),Posted,2026-04-23,5:53AM,,18:07:00,LBS,6345.0,6345.0,0.0,Plus Materials,,63.45,63.45,0.0,,,36,0,CARL,,2026-09-17T13:18:36,2026-09-17T13:18:36
14309,2026-04-22,Monroe Processing Warehouse,COMPLETED,SHREDDER/GRINDER (1ST SHIFT),Posted,2026-04-23,5:53AM,,18:07:00,LBS,12569.0,12569.0,0.0,Plus Materials,,1112.9478,1112.95,0.0,,,0,0,CARL,,2026-09-17T13:18:36,2026-09-17T13:18:36
14311,2026-04-22,Plus Monroe Warehouse,COMPLETED,AUTO-TIE BALER (2ND SHIFT),Posted,2026-04-23,5:54AM,,18:06:00,LBS,2575.0,2575.0,0.0,Plus Materials,,140.4481,140.45,0.0,,,0,0,CARL,,2026-09-17T13:18:36,2026-09-17T13:18:36
14315,2026-04-22,Plus Monroe Warehouse,COMPLETED,EXTRUDER (2ND SHIFT),Posted,2026-04-23,5:55AM,,18:05:00,LBS,8422.0,8422.0,0.0,Plus Materials,,884.31,884.31,0.0,,,10,0,CARL,,2026-09-17T13:18:36,2026-09-17T13:18:36
14317,2026-04-22,Plus Monroe Warehouse,COMPLETED,GUILLOTINE (2ND SHIFT),Posted,2026-04-23,5:55AM,,18:05:00,LBS,6512.0,6512.0,0.0,Plus Materials,,195.36,195.36,0.0,,,13,0,CARL,,2026-09-17T13:18:36,2026-09-17T13:18:36
14319,2026-04-22,Monroe Processing Warehouse,COMPLETED,SHREDDER/GRINDER (2ND SHIFT),Posted,2026-04-23,5:56AM,,18:04:00,LBS,6014.0,6014.0,0.0,Plus Materials,,507.2641,507.26,0.0,,,40,0,CARL,,2026-09-17T13:18:36,2026-09-17T13:18:36
14325,2026-04-22,Plus Monroe Warehouse,COMPLETED,EXTRUDER (3RD SHIFT),Posted,2026-04-23,5:57AM,,18:03:00,LBS,4434.0,4434.0,0.0,Plus Materials,,133.02,133.02,0.0,,,0,0,CARL,,2026-09-17T13:18:36,2026-09-17T13:18:36
14331,2026-04-22,PRN Southeast,COMPLETED,BALER,Posted,2026-04-23,5:58AM,,18:02:00,LBS,925.0,1850.0,-925.0,Plus Materials,,42.99,89.24,46.25,,,5,1,CARL,,2026-09-17T13:18:36,2026-09-17T13:18:36
14332,2026-04-23,Plus Monroe Warehouse,COMPLETED,AUTO-TIE BALER (1ST SHIFT),Posted,2026-04-24,5:48AM,,18:12:00,LBS,6508.0,6508.0,0.0,Plus Materials,,442.06,442.07,0.0,,,17,3,CARL,,2026-09-17T13:18:36,2026-09-17T13:18:36
14336,2026-04-23,Plus Monroe Warehouse,COMPLETED,EXTRUDER (1ST SHIFT),Posted,2026-04-24,5:49AM,,18:11:00,LBS,8129.0,8129.0,0.0,Plus Materials,,0.0,0.0,0.0,,,9,0,CARL,,2026-09-17T13:18:36,2026-09-17T13:18:36
14337,2026-04-23,Plus Monroe Warehouse,COMPLETED,GREEN MAX (NEW) (1ST SHIFT),Posted,2026-04-24,5:49AM,,18:11:00,LBS,1098.0,1098.0,0.0,Plus Materials,,0.0,0.0,0.0,,,18,0,CARL,,2026-09-17T13:18:36,2026-09-17T13:18:36
14338,2026-04-23,Plus Monroe Warehouse,COMPLETED,GUILLOTINE (1ST SHIFT),Posted,2026-04-24,5:49AM,,18:11:00,LBS,9538.0,9538.0,0.0,Plus Materials,,646.1745,646.16,0.0,,,49,11,CARL,,2026-09-17T13:18:36,2026-09-17T13:18:36
14339,2026-04-23,Plus Monroe Warehouse,COMPLETED,SHREDDER (1ST SHIFT),Posted,2026-04-24,5:49AM,,18:11:00,LBS,5749.0,5749.0,0.0,Plus Materials,,57.49,57.49,0.0,,,23,0,CARL,,2026-09-17T13:18:36,2026-09-17T13:18:36
14340,2026-04-23,Monroe Processing Warehouse,COMPLETED,SHREDDER/GRINDER (1ST SHIFT),Posted,2026-04-24,5:50AM,,18:10:00,LBS,6236.0,6236.0,0.0,Plus Materials,,525.9899,525.99,0.0,,,0,0,CARL,,2026-09-17T13:18:36,2026-09-17T13:18:36
14342,2026-04-23,Plus Monroe Warehouse,COMPLETED,AUTO-TIE BALER (2ND SHIFT),Posted,2026-04-24,5:50AM,,18:10:00,LBS,6532.0,6532.0,0.0,Plus Materials,,261.28,261.28,0.0,,,8,0,CARL,,2026-09-17T13:18:36,2026-09-17T13:18:36
14346,2026-04-23,Plus Monroe Warehouse,COMPLETED,EXTRUDER (2ND SHIFT),Posted,2026-04-24,5:51AM,,18:09:00,LBS,9236.0,9236.0,0.0,Plus Materials,,0.0,0.0,0.0,,,13,0,CARL,,2026-09-17T13:18:36,2026-09-17T13:18:36
14348,2026-04-23,Plus Monroe Warehouse,COMPLETED,GUILLOTINE (2ND SHIFT),Posted,2026-04-24,5:51AM,,18:09:00,LBS,7027.0,7027.0,0.0,Plus Materials,,491.89,491.89,0.0,,,0,0,CARL,,2026-09-17T13:18:36,2026-09-17T13:18:36
14350,2026-04-23,Monroe Processing Warehouse,COMPLETED,SHREDDER/GRINDER (2ND SHIFT),Posted,2026-04-24,5:51AM,,18:09:00,LBS,7071.0,7071.0,0.0,Plus Materials,,494.97,494.97,0.0,,,0,0,CARL,,2026-09-17T13:18:36,2026-09-17T13:18:36
14358,2026-04-23,Plus Monroe Warehouse,COMPLETED,GUILLOTINE (3RD SHIFT),Posted,2026-04-24,5:53AM,,18:07:00,LBS,8772.0,8772.0,0.0,Plus Materials,,921.0617,921.08,0.0,,,205,0,CARL,,2026-09-17T13:18:36,2026-09-17T13:18:36
14362,2026-04-23,PRN Southeast,COMPLETED,BALER,Posted,2026-04-23,5:53AM,,18:07:00,LBS,5417.0,8215.0,-2798.0,Plus Materials,,257.06,527.91,270.85,,,11,8,CARL,,2026-09-17T13:18:36,2026-09-17T13:18:36
14363,2026-04-24,Plus Monroe Warehouse,COMPLETED,AUTO-TIE BALER (1ST SHIFT),Posted,2026-04-27,5:53AM,,18:07:00,LBS,3262.0,3262.0,0.0,Plus Materials,,324.6467,324.65,0.0,,,16,2,CARL,,2026-09-17T13:18:36,2026-09-17T13:18:36
14367,2026-04-24,Plus Monroe Warehouse,COMPLETED,EXTRUDER (1ST SHIFT),Posted,2026-04-27,5:54AM,,18:06:00,LBS,7669.0,7669.0,0.0,Plus Materials,,0.0,0.0,0.0,,,0,0,CARL,,2026-09-17T13:18:36,2026-09-17T13:18:36
14368,2026-04-24,Plus Monroe Warehouse,COMPLETED,GREEN MAX (NEW) (1ST SHIFT),Posted,2026-04-27,5:54AM,,18:06:00,LBS,878.0,878.0,0.0,Plus Materials,,0.0,0.0,0.0,,,24,0,CARL,,2026-09-17T13:18:36,2026-09-17T13:18:36
14369,2026-04-24,Plus Monroe Warehouse,COMPLETED,GUILLOTINE (1ST SHIFT),Posted,2026-04-27,5:54AM,,18:06:00,LBS,7696.0,7696.0,0.0,Plus Materials,,414.7,414.71,0.0,,,8,14,CARL,,2026-09-17T13:18:36,2026-09-17T13:18:36
14370,2026-04-24,Plus Monroe Warehouse,COMPLETED,SHREDDER (1ST SHIFT),Posted,2026-04-27,5:55AM,,18:05:00,LBS,1052.0,1052.0,0.0,Plus Materials,,126.24,126.24,0.0,,,1,0,CARL,,2026-09-17T13:18:36,2026-09-17T13:18:36
14371,2026-04-24,Monroe Processing Warehouse,COMPLETED,SHREDDER/GRINDER (1ST SHIFT),Posted,2026-04-27,5:55AM,,18:05:00,LBS,7714.0,7714.0,0.0,Plus Materials,,385.7,385.7,0.0,,,15,0,CARL,,2026-09-17T13:18:36,2026-09-17T13:18:36
14373,2026-04-24,Plus Monroe Warehouse,COMPLETED,AUTO-TIE BALER (2ND SHIFT),Posted,2026-04-27,5:55AM,,18:05:00,LBS,1936.0,1936.0,0.0,Plus Materials,,48.4,48.4,0.0,,,8,0,CARL,,2026-09-17T13:18:36,2026-09-17T13:18:36
14377,2026-04-24,Plus Monroe Warehouse,COMPLETED,EXTRUDER (2ND SHIFT),Posted,2026-04-27,5:56AM,,18:04:00,LBS,3040.0,3040.0,0.0,Plus Materials,,30.4,30.4,0.0,,,4,0,CARL,,2026-09-17T13:18:36,2026-09-17T13:18:36
14379,2026-04-24,Plus Monroe Warehouse,COMPLETED,GUILLOTINE (2ND SHIFT),Posted,2026-04-27,5:56AM,,18:04:00,LBS,4914.0,4914.0,0.0,Plus Materials,,327.4947,327.48,0.0,,,1,0,CARL,,2026-09-17T13:18:36,2026-09-17T13:18:36
14381,2026-04-24,Monroe Processing Warehouse,COMPLETED,SHREDDER/GRINDER (2ND SHIFT),Posted,2026-04-27,5:57AM,,18:03:00,LBS,6188.0,6188.0,0.0,Plus Materials,,309.4,309.4,0.0,,,0,0,CARL,,2026-09-17T13:18:36,2026-09-17T13:18:36
14387,2026-04-24,Plus Monroe Warehouse,COMPLETED,EXTRUDER (3RD SHIFT),Posted,2026-04-27,5:58AM,,18:02:00,LBS,4822.0,4822.0,0.0,Plus Materials,,48.22,48.22,0.0,,,5,0,CARL,,2026-09-17T13:18:36,2026-09-17T13:18:36
14394,2026-04-24,Plus Ryder Midwest,COMPLETED,BOGUS,Posted,2026-04-24,10:16AM,,13:44:00,LBS,4190.0,4190.0,0.0,Plus Materials,,323.5531,323.55,0.0,,,20,1,CARL,,2026-09-17T13:18:36,2026-09-17T13:18:36
14395,2026-04-24,Plus Ryder Midwest,COMPLETED,BOGUS,Posted,2026-04-24,10:18AM,,13:42:00,LBS,28706.0,28706.0,0.0,Plus Materials,,1842.8627,1842.86,0.0,,,18,1,CARL,,2026-09-17T13:18:36,2026-09-17T13:18:36
14396,2026-04-24,Plus Ryder Midwest,COMPLETED,BOGUS,Posted,2026-04-24,10:24AM,,13:36:00,LBS,10000.0,10000.0,0.0,Plus Materials,,641.9802,641.98,0.0,,,0,1,CARL,,2026-09-17T13:18:36,2026-09-17T13:18:36
14397,2026-04-27,Plus Monroe Warehouse,COMPLETED,AUTO-TIE BALER (1ST SHIFT),Posted,2026-04-28,5:07AM,,18:53:00,LBS,6514.0,6514.0,0.0,Plus Materials,,260.56,260.56,0.0,,,22,4,CARL,,2026-09-17T13:18:36,2026-09-17T13:18:36
14401,2026-04-27,Plus Monroe Warehouse,COMPLETED,EXTRUDER (1ST SHIFT),Posted,2026-04-28,5:08AM,,18:52:00,LBS,7100.0,7100.0,0.0,Plus Materials,,0.0,0.0,0.0,,,0,0,CARL,,2026-09-17T13:18:36,2026-09-17T13:18:36
14402,2026-04-27,Plus Monroe Warehouse,COMPLETED,GREEN MAX (NEW) (1ST SHIFT),Posted,2026-04-28,5:08AM,,18:52:00,LBS,2360.0,2360.0,0.0,Plus Materials,,0.0,0.0,0.0,,,13,0,CARL,,2026-09-17T13:18:36,2026-09-17T13:18:36
14403,2026-04-27,Plus Monroe Warehouse,COMPLETED,GUILLOTINE (1ST SHIFT),Posted,2026-04-28,5:08AM,,18:52:00,LBS,6448.0,6448.0,0.0,Plus Materials,,361.28,361.27,0.0,,,6,14,CARL,,2026-09-17T13:18:36,2026-09-17T13:18:36
14405,2026-04-27,Monroe Processing Warehouse,COMPLETED,SHREDDER/GRINDER (1ST SHIFT),Posted,2026-04-28,5:08AM,,18:52:00,LBS,7562.0,7562.0,0.0,Plus Materials,,378.1,378.1,0.0,,,10,0,CARL,,2026-09-17T13:18:36,2026-09-17T13:18:36
14407,2026-04-27,Plus Monroe Warehouse,COMPLETED,AUTO-TIE BALER (2ND SHIFT),Posted,2026-04-28,5:09AM,,18:51:00,LBS,2492.0,2492.0,0.0,Plus Materials,,62.3,62.31,0.0,,,8,0,CARL,,2026-09-17T13:18:36,2026-09-17T13:18:36
14411,2026-04-27,Plus Monroe Warehouse,COMPLETED,EXTRUDER (2ND SHIFT),Posted,2026-04-28,5:09AM,,18:51:00,LBS,5112.0,5112.0,0.0,Plus Materials,,536.76,536.76,0.0,,,5,0,CARL,,2026-09-17T13:18:36,2026-09-17T13:18:36
14413,2026-04-27,Plus Monroe Warehouse,COMPLETED,GUILLOTINE (2ND SHIFT),Posted,2026-04-28,5:10AM,,18:50:00,LBS,6073.0,6073.0,0.0,Plus Materials,,637.665,637.67,0.0,,,8,0,CARL,,2026-09-17T13:18:36,2026-09-17T13:18:36
14421,2026-04-27,Plus Monroe Warehouse,COMPLETED,EXTRUDER (3RD SHIFT),Posted,2026-04-28,5:11AM,,18:49:00,LBS,4752.0,4752.0,0.0,Plus Materials,,333.66,333.65,0.0,,,0,0,CARL,,2026-09-17T13:18:36,2026-09-17T13:18:36
14423,2026-04-27,Plus Monroe Warehouse,COMPLETED,GUILLOTINE (3RD SHIFT),Posted,2026-04-28,5:12AM,,18:48:00,LBS,9068.0,9068.0,0.0,Plus Materials,,952.1427,952.16,0.0,,,0,0,CARL,,2026-09-17T13:18:36,2026-09-17T13:18:36
14428,2026-04-27,Plus Ryder Midwest,COMPLETED,BOGUS,Posted,2026-04-27,5:41AM,,18:19:00,LBS,6172.0,6172.0,0.0,Plus Materials,,463.8766,463.88,0.0,,,13,1,CARL,,2026-09-17T13:18:36,2026-09-17T13:18:36
14429,2026-04-27,Plus Ryder Midwest,COMPLETED,BOGUS,Posted,2026-04-27,5:43AM,,18:17:00,LBS,2908.0,2908.0,0.0,Plus Materials,,224.5569,224.56,0.0,,,0,1,CARL,,2026-09-17T13:18:36,2026-09-17T13:18:36
14430,2026-04-27,Plus Ryder Midwest,COMPLETED,BOGUS,Posted,2026-04-27,5:44AM,,18:16:00,LBS,13102.0,13102.0,0.0,Plus Materials,,835.6512,835.65,0.0,,,9,1,CARL,,2026-09-17T13:18:36,2026-09-17T13:18:36
14431,2026-04-27,Plus Ryder Midwest,COMPLETED,BOGUS,Posted,2026-04-27,11:28AM,,12:32:00,LBS,3320.0,3320.0,0.0,Plus Materials,,249.0,249.0,0.0,,,20,1,CARL,,2026-09-17T13:18:36,2026-09-17T13:18:36
14432,2026-04-28,Plus Monroe Warehouse,COMPLETED,AUTO-TIE BALER (1ST SHIFT),Posted,2026-04-29,5:47AM,,18:13:00,LBS,5478.0,5478.0,0.0,Plus Materials,,332.1787,332.17,0.0,,,6,3,CARL,,2026-09-17T13:18:36,2026-09-17T13:18:36
14436,2026-04-28,Plus Monroe Warehouse,COMPLETED,EXTRUDER (1ST SHIFT),Posted,2026-04-29,5:48AM,,18:12:00,LBS,8261.0,8261.0,0.0,Plus Materials,,-114.9544,-114.94,0.0,,,1,0,CARL,,2026-09-17T13:18:36,2026-09-17T13:18:36
14437,2026-04-28,Plus Monroe Warehouse,COMPLETED,GREEN MAX (NEW) (1ST SHIFT),Posted,2026-04-29,5:48AM,,18:12:00,LBS,2434.0,2434.0,0.0,Plus Materials,,121.7,121.7,0.0,,,14,0,CARL,,2026-09-17T13:18:36,2026-09-17T13:18:36
14438,2026-04-28,Plus Monroe Warehouse,COMPLETED,GUILLOTINE (1ST SHIFT),Posted,2026-04-29,5:48AM,,18:12:00,LBS,11075.0,11075.0,0.0,Plus Materials,,709.73,709.75,0.0,,,200,8,CARL,,2026-09-17T13:18:36,2026-09-17T13:18:36
14440,2026-04-28,Monroe Processing Warehouse,COMPLETED,SHREDDER/GRINDER (1ST SHIFT),Posted,2026-04-29,5:48AM,,18:12:00,LBS,5413.0,5413.0,0.0,Plus Materials,,270.65,270.65,0.0,,,0,0,CARL,,2026-09-17T13:18:36,2026-09-17T13:18:36
14442,2026-04-28,Plus Monroe Warehouse,COMPLETED,AUTO-TIE BALER (2ND SHIFT),Posted,2026-04-29,5:49AM,,18:11:00,LBS,6061.0,6061.0,0.0,Plus Materials,,151.525,151.53,0.0,,,13,0,CARL,,2026-09-17T13:18:36,2026-09-17T13:18:36
14446,2026-04-28,Plus Monroe Warehouse,COMPLETED,EXTRUDER (2ND SHIFT),Posted,2026-04-29,5:49AM,,18:11:00,LBS,8568.0,8568.0,0.0,Plus Materials,,899.64,899.64,0.0,,,10,0,CARL,,2026-09-17T13:18:36,2026-09-17T13:18:36
14448,2026-04-28,Plus Monroe Warehouse,COMPLETED,GUILLOTINE (2ND SHIFT),Posted,2026-04-29,5:50AM,,18:10:00,LBS,8090.0,8090.0,0.0,Plus Materials,,242.7,242.7,0.0,,,32,0,CARL,,2026-09-17T13:18:36,2026-09-17T13:18:36
14450,2026-04-28,Monroe Processing Warehouse,COMPLETED,SHREDDER/GRINDER (2ND SHIFT),Posted,2026-04-29,5:50AM,,18:10:00,LBS,3285.0,3285.0,0.0,Plus Materials,,219.2837,219.28,0.0,,,50,0,CARL,,2026-09-17T13:18:36,2026-09-17T13:18:36
14456,2026-04-28,Plus Monroe Warehouse,COMPLETED,EXTRUDER (3RD SHIFT),Posted,2026-04-29,5:52AM,,18:08:00,LBS,4114.0,4114.0,0.0,Plus Materials,,392.805,392.81,0.0,,,0,0,CARL,,2026-09-17T13:18:36,2026-09-17T13:18:36
14458,2026-04-28,Plus Monroe Warehouse,COMPLETED,GUILLOTINE (3RD SHIFT),Posted,2026-04-29,5:52AM,,18:08:00,LBS,7647.0,7647.0,0.0,Plus Materials,,229.41,229.41,0.0,,,0,0,CARL,,2026-09-17T13:18:36,2026-09-17T13:18:36
14463,2026-04-29,Plus Monroe Warehouse,COMPLETED,AUTO-TIE BALER (1ST SHIFT),Posted,2026-04-30,5:49AM,,18:11:00,LBS,5096.0,5096.0,0.0,Plus Materials,,-52.6234,-52.63,0.0,,,9,3,CARL,,2026-09-17T13:18:36,2026-09-17T13:18:36
14467,2026-04-29,Plus Monroe Warehouse,COMPLETED,EXTRUDER (1ST SHIFT),Posted,2026-04-30,5:50AM,,18:10:00,LBS,8630.0,8630.0,0.0,Plus Materials,,0.0,0.0,0.0,,,12,0,CARL,,2026-09-17T13:18:36,2026-09-17T13:18:36
14468,2026-04-29,Plus Monroe Warehouse,COMPLETED,GREEN MAX (NEW) (1ST SHIFT),Posted,2026-04-30,5:50AM,,18:10:00,LBS,2405.0,2405.0,0.0,Plus Materials,,120.25,120.25,0.0,,,18,0,CARL,,2026-09-17T13:18:36,2026-09-17T13:18:36
14469,2026-04-29,Plus Monroe Warehouse,COMPLETED,GUILLOTINE (1ST SHIFT),Posted,2026-04-30,5:51AM,,18:09:00,LBS,15286.0,15286.0,0.0,Plus Materials,,502.53,502.55,0.0,,,12,15,CARL,,2026-09-17T13:18:36,2026-09-17T13:18:36
14471,2026-04-29,Monroe Processing Warehouse,COMPLETED,SHREDDER/GRINDER (1ST SHIFT),Posted,2026-04-30,5:51AM,,18:09:00,LBS,7897.0,7897.0,0.0,Plus Materials,,790.5298,790.53,0.0,,,0,0,CARL,,2026-09-17T13:18:36,2026-09-17T13:18:36
14473,2026-04-29,Plus Monroe Warehouse,COMPLETED,AUTO-TIE BALER (2ND SHIFT),Posted,2026-04-30,5:52AM,,18:08:00,LBS,6751.0,6751.0,0.0,Plus Materials,,-78.9021,-78.9,0.0,,,0,0,CARL,,2026-09-17T13:18:36,2026-09-17T13:18:36
14477,2026-04-29,Plus Monroe Warehouse,COMPLETED,EXTRUDER (2ND SHIFT),Posted,2026-04-30,5:53AM,,18:07:00,LBS,7586.0,7586.0,0.0,Plus Materials,,0.0,0.0,0.0,,,0,0,CARL,,2026-09-17T13:18:36,2026-09-17T13:18:36
14479,2026-04-29,Plus Monroe Warehouse,COMPLETED,GUILLOTINE (2ND SHIFT),Posted,2026-04-30,5:53AM,,18:07:00,LBS,7082.0,7082.0,0.0,Plus Materials,,212.46,212.46,0.0,,,0,0,CARL,,2026-09-17T13:18:36,2026-09-17T13:18:36
14487,2026-04-29,Plus Monroe Warehouse,COMPLETED,EXTRUDER (3RD SHIFT),Posted,2026-04-30,5:54AM,,18:06:00,LBS,3331.0,3331.0,0.0,Plus Materials,,233.17,233.17,0.0,,,0,0,CARL,,2026-09-17T13:18:36,2026-09-17T13:18:36
14489,2026-04-29,Plus Monroe Warehouse,COMPLETED,GUILLOTINE (3RD SHIFT),Posted,2026-04-30,5:55AM,,18:05:00,LBS,6290.0,6290.0,0.0,Plus Materials,,660.4542,660.46,0.0,,,0,0,CARL,,2026-09-17T13:18:36,2026-09-17T13:18:36
14494,2026-04-30,Plus Monroe Warehouse,COMPLETED,AUTO-TIE BALER (1ST SHIFT),Posted,2026-05-01,5:54AM,,18:06:00,LBS,5308.0,5308.0,0.0,Plus Materials,,-62.039,-62.05,0.0,,,0,3,CARL,,2026-09-17T13:18:36,2026-09-17T13:18:36
14498,2026-04-30,Plus Monroe Warehouse,COMPLETED,EXTRUDER (1ST SHIFT),Posted,2026-05-01,5:54AM,,18:06:00,LBS,9170.0,9170.0,0.0,Plus Materials,,962.85,962.86,0.0,,,0,0,CARL,,2026-09-17T13:18:36,2026-09-17T13:18:36
14499,2026-04-30,Plus Monroe Warehouse,COMPLETED,GREEN MAX (NEW) (1ST SHIFT),Posted,2026-05-01,5:55AM,,18:05:00,LBS,2300.0,2300.0,0.0,Plus Materials,,95.9931,95.99,0.0,,,0,0,CARL,,2026-09-17T13:18:36,2026-09-17T13:18:36
14500,2026-04-30,Plus Monroe Warehouse,COMPLETED,GUILLOTINE (1ST SHIFT),Posted,2026-05-01,5:55AM,,18:05:00,LBS,17101.0,17101.0,0.0,Plus Materials,,0.0,0.0,0.0,,,33,7,CARL,,2026-09-17T13:18:36,2026-09-17T13:18:36
14502,2026-04-30,Monroe Processing Warehouse,COMPLETED,SHREDDER/GRINDER (1ST SHIFT),Posted,2026-05-01,5:55AM,,18:05:00,LBS,7676.0,7676.0,0.0,Plus Materials,,805.99,806.01,0.0,,,0,0,CARL,,2026-09-17T13:18:36,2026-09-17T13:18:36
14504,2026-04-30,Plus Monroe Warehouse,COMPLETED,AUTO-TIE BALER (2ND SHIFT),Posted,2026-05-01,5:56AM,,18:04:00,LBS,1866.0,1866.0,0.0,Plus Materials,,-55.98,-55.98,0.0,,,0,0,CARL,,2026-09-17T13:18:36,2026-09-17T13:18:36
14508,2026-04-30,Plus Monroe Warehouse,COMPLETED,EXTRUDER (2ND SHIFT),Posted,2026-05-01,5:56AM,,18:04:00,LBS,6922.0,6922.0,0.0,Plus Materials,,207.66,207.66,0.0,,,0,0,CARL,,2026-09-17T13:18:36,2026-09-17T13:18:36
14510,2026-04-30,Plus Monroe Warehouse,COMPLETED,GUILLOTINE (2ND SHIFT),Posted,2026-05-01,5:57AM,,18:03:00,LBS,7067.0,7067.0,0.0,Plus Materials,,472.6484,472.65,0.0,,,54,0,CARL,,2026-09-17T13:18:36,2026-09-17T13:18:36
14512,2026-04-30,Monroe Processing Warehouse,COMPLETED,SHREDDER/GRINDER (2ND SHIFT),Posted,2026-05-01,5:57AM,,18:03:00,LBS,3409.0,3409.0,0.0,Plus Materials,,357.9542,357.95,0.0,,,0,0,CARL,,2026-09-17T13:18:36,2026-09-17T13:18:36
14518,2026-04-30,Plus Monroe Warehouse,COMPLETED,EXTRUDER (3RD SHIFT),Posted,2026-05-01,5:59AM,,18:01:00,LBS,4476.0,4476.0,0.0,Plus Materials,,313.32,313.32,0.0,,,0,0,CARL,,2026-09-17T13:18:36,2026-09-17T13:18:36
14520,2026-04-30,Plus Monroe Warehouse,COMPLETED,GUILLOTINE (3RD SHIFT),Posted,2026-05-01,5:59AM,,18:01:00,LBS,7157.0,7157.0,0.0,Plus Materials,,751.48,751.47,0.0,,,11,0,CARL,,2026-09-17T13:18:36,2026-09-17T13:18:36
14524,2026-04-30,PRN Southeast,COMPLETED,BALER,Posted,2026-05-01,6:00AM,,18:00:00,LBS,12136.0,10665.0,1471.0,Plus Materials,,541.63,1148.44,606.8,,,54,6,CARL,,2026-09-17T13:18:36,2026-09-17T13:18:36
14525,2026-04-30,Plus Ryder Midwest,COMPLETED,BOGUS,Posted,2026-04-30,3:05PM,,08:55:00,LBS,8500.0,8500.0,0.0,Plus Materials,,1095.1923,1095.19,0.0,,,26,1,CARL,,2026-09-17T13:18:36,2026-09-17T13:18:36
14526,2026-05-01,Plus Monroe Warehouse,COMPLETED,AUTO-TIE BALER (1ST SHIFT),Posted,2026-05-04,5:48AM,,18:12:00,LBS,3251.0,3251.0,0.0,Plus Materials,,519.1423,519.15,0.0,,,3,2,CARL,,2026-09-17T13:18:36,2026-09-17T13:18:36
14530,2026-05-01,Plus Monroe Warehouse,COMPLETED,EXTRUDER (1ST SHIFT),Posted,2026-05-04,5:49AM,,18:11:00,LBS,6625.0,6625.0,0.0,Plus Materials,,728.75,728.75,0.0,,,53,0,CARL,,2026-09-17T13:18:36,2026-09-17T13:18:36
14532,2026-05-01,Plus Monroe Warehouse,COMPLETED,GUILLOTINE (1ST SHIFT),Posted,2026-05-04,5:49AM,,18:11:00,LBS,8328.0,8328.0,0.0,Plus Materials,,820.98,820.99,0.0,,,2,9,CARL,,2026-09-17T13:18:36,2026-09-17T13:18:36
14534,2026-05-01,Monroe Processing Warehouse,COMPLETED,SHREDDER/GRINDER (1ST SHIFT),Posted,2026-05-04,5:50AM,,18:10:00,LBS,2370.0,2370.0,0.0,Plus Materials,,136.8135,136.81,0.0,,,0,0,CARL,,2026-09-17T13:18:36,2026-09-17T13:18:36
14535,2026-05-01,Plus Monroe Warehouse,COMPLETED,SMALL GRINDER (1ST SHIFT),Posted,2026-05-04,5:50AM,,18:10:00,LBS,913.0,913.0,0.0,Plus Materials,,0.0,0.0,0.0,,,0,0,CARL,,2026-09-17T13:18:36,2026-09-17T13:18:36
14536,2026-05-01,Plus Monroe Warehouse,COMPLETED,AUTO-TIE BALER (2ND SHIFT),Posted,2026-05-04,5:50AM,,18:10:00,LBS,1572.0,1572.0,0.0,Plus Materials,,7.86,7.86,0.0,,,8,0,CARL,,2026-09-17T13:18:36,2026-09-17T13:18:36
14540,2026-05-01,Plus Monroe Warehouse,COMPLETED,EXTRUDER (2ND SHIFT),Posted,2026-05-04,5:51AM,,18:09:00,LBS,3220.0,3220.0,0.0,Plus Materials,,214.948,214.95,0.0,,,0,0,CARL,,2026-09-17T13:18:36,2026-09-17T13:18:36
14542,2026-05-01,Plus Monroe Warehouse,COMPLETED,GUILLOTINE (2ND SHIFT),Posted,2026-05-04,5:51AM,,18:09:00,LBS,6762.0,6762.0,0.0,Plus Materials,,712.1561,712.16,0.0,,,0,0,CARL,,2026-09-17T13:18:36,2026-09-17T13:18:36
14550,2026-05-01,Plus Monroe Warehouse,COMPLETED,EXTRUDER (3RD SHIFT),Posted,2026-05-04,5:53AM,,18:07:00,LBS,4596.0,4596.0,0.0,Plus Materials,,505.56,505.56,0.0,,,0,0,CARL,,2026-09-17T13:18:36,2026-09-17T13:18:36
14556,2026-05-01,PRN Southeast,COMPLETED,BALER,Posted,2026-05-04,5:54AM,,18:06:00,LBS,1505.0,1870.0,-365.0,Plus Materials,,55.74,130.99,75.25,,,9,1,CARL,,2026-09-17T13:18:36,2026-09-17T13:18:36
14557,2026-05-04,Plus Monroe Warehouse,COMPLETED,AUTO-TIE BALER (1ST SHIFT),Posted,2026-05-05,4:50AM,,19:10:00,LBS,3575.0,3575.0,0.0,Plus Materials,,237.0171,237.02,0.0,,,58,3,CARL,,2026-09-17T13:18:36,2026-09-17T13:18:36
14561,2026-05-04,Plus Monroe Warehouse,COMPLETED,EXTRUDER (1ST SHIFT),Posted,2026-05-05,4:50AM,,19:10:00,LBS,7315.0,7315.0,0.0,Plus Materials,,804.65,804.65,0.0,,,0,0,CARL,,2026-09-17T13:18:36,2026-09-17T13:18:36
14563,2026-05-04,Plus Monroe Warehouse,COMPLETED,GUILLOTINE (1ST SHIFT),Posted,2026-05-05,4:51AM,,19:09:00,LBS,7131.0,7131.0,0.0,Plus Materials,,327.11,327.09,0.0,,,6,19,CARL,,2026-09-17T13:18:36,2026-09-17T13:18:36
14565,2026-05-04,Monroe Processing Warehouse,COMPLETED,SHREDDER/GRINDER (1ST SHIFT),Posted,2026-05-05,4:51AM,,19:09:00,LBS,7107.0,7107.0,0.0,Plus Materials,,710.7,710.7,0.0,,,0,1,CARL,,2026-09-17T13:18:36,2026-09-17T13:18:36
14566,2026-05-04,Plus Monroe Warehouse,COMPLETED,SMALL GRINDER (1ST SHIFT),Posted,2026-05-05,4:51AM,,19:09:00,LBS,2247.0,2247.0,0.0,Plus Materials,,22.47,22.47,0.0,,,0,0,CARL,,2026-09-17T13:18:36,2026-09-17T13:18:36
14567,2026-05-04,Plus Monroe Warehouse,COMPLETED,AUTO-TIE BALER (2ND SHIFT),Posted,2026-05-05,4:52AM,,19:08:00,LBS,6685.0,6685.0,0.0,Plus Materials,,-200.55,-200.55,0.0,,,22,0,CARL,,2026-09-17T13:18:36,2026-09-17T13:18:36
14571,2026-05-04,Plus Monroe Warehouse,COMPLETED,EXTRUDER (2ND SHIFT),Posted,2026-05-05,4:52AM,,19:08:00,LBS,6732.0,6732.0,0.0,Plus Materials,,740.52,740.52,0.0,,,0,0,CARL,,2026-09-17T13:18:36,2026-09-17T13:18:36
14573,2026-05-04,Plus Monroe Warehouse,COMPLETED,GUILLOTINE (2ND SHIFT),Posted,2026-05-05,4:53AM,,19:07:00,LBS,9361.0,9361.0,0.0,Plus Materials,,709.01,709.0,0.0,,,5,0,CARL,,2026-09-17T13:18:36,2026-09-17T13:18:36
14575,2026-05-04,Monroe Processing Warehouse,COMPLETED,SHREDDER/GRINDER (2ND SHIFT),Posted,2026-05-05,4:53AM,,19:07:00,LBS,1231.0,1231.0,0.0,Plus Materials,,44.5251,44.53,0.0,,,0,0,CARL,,2026-09-17T13:18:36,2026-09-17T13:18:36
14581,2026-05-04,Plus Monroe Warehouse,COMPLETED,EXTRUDER (3RD SHIFT),Posted,2026-05-05,4:54AM,,19:06:00,LBS,4298.0,4298.0,0.0,Plus Materials,,186.64,186.64,0.0,,,0,0,CARL,,2026-09-17T13:18:36,2026-09-17T13:18:36
14583,2026-05-04,Plus Monroe Warehouse,COMPLETED,GUILLOTINE (3RD SHIFT),Posted,2026-05-05,4:54AM,,19:06:00,LBS,7371.0,7371.0,0.0,Plus Materials,,378.0,378.0,0.0,,,3,0,CARL,,2026-09-17T13:18:36,2026-09-17T13:18:36
14587,2026-05-04,PRN Southeast,COMPLETED,BALER,Posted,2026-05-05,4:55AM,,19:05:00,LBS,6044.0,6883.0,-839.0,Plus Materials,,491.02,793.21,302.2,,,23,4,CARL,,2026-09-17T13:18:36,2026-09-17T13:18:36
14588,2026-05-05,Plus Monroe Warehouse,COMPLETED,AUTO-TIE BALER (1ST SHIFT),Posted,2026-05-06,5:48AM,,18:12:00,LBS,6363.0,6363.0,0.0,Plus Materials,,-94.71,-94.71,0.0,,,12,5,CARL,,2026-09-17T13:18:36,2026-09-17T13:18:36
14592,2026-05-05,Plus Monroe Warehouse,COMPLETED,EXTRUDER (1ST SHIFT),Posted,2026-05-06,5:49AM,,18:11:00,LBS,8762.0,8762.0,0.0,Plus Materials,,0.0,0.0,0.0,,,12,0,CARL,,2026-09-17T13:18:36,2026-09-17T13:18:36
14594,2026-05-05,Plus Monroe Warehouse,COMPLETED,GUILLOTINE (1ST SHIFT),Posted,2026-05-06,5:49AM,,18:11:00,LBS,9950.0,9950.0,0.0,Plus Materials,,353.98,353.98,0.0,,,10,10,CARL,,2026-09-17T13:18:36,2026-09-17T13:18:36
14596,2026-05-05,Monroe Processing Warehouse,COMPLETED,SHREDDER/GRINDER (1ST SHIFT),Posted,2026-05-06,5:50AM,,18:10:00,LBS,1633.0,1633.0,0.0,Plus Materials,,114.31,114.31,0.0,,,0,0,CARL,,2026-09-17T13:18:36,2026-09-17T13:18:36
14597,2026-05-05,Plus Monroe Warehouse,COMPLETED,SMALL GRINDER (1ST SHIFT),Posted,2026-05-06,5:50AM,,18:10:00,LBS,2483.0,2483.0,0.0,Plus Materials,,24.83,24.83,0.0,,,0,0,CARL,,2026-09-17T13:18:36,2026-09-17T13:18:36
14598,2026-05-05,Plus Monroe Warehouse,COMPLETED,AUTO-TIE BALER (2ND SHIFT),Posted,2026-05-06,5:50AM,,18:10:00,LBS,5932.0,5932.0,0.0,Plus Materials,,301.4735,301.47,0.0,,,17,0,CARL,,2026-09-17T13:18:36,2026-09-17T13:18:36
14602,2026-05-05,Plus Monroe Warehouse,COMPLETED,EXTRUDER (2ND SHIFT),Posted,2026-05-06,5:51AM,,18:09:00,LBS,6570.0,6570.0,0.0,Plus Materials,,0.0,0.0,0.0,,,0,0,CARL,,2026-09-17T13:18:36,2026-09-17T13:18:36
14604,2026-05-05,Plus Monroe Warehouse,COMPLETED,GUILLOTINE (2ND SHIFT),Posted,2026-05-06,5:51AM,,18:09:00,LBS,9613.0,9613.0,0.0,Plus Materials,,352.43,352.44,0.0,,,0,0,CARL,,2026-09-17T13:18:36,2026-09-17T13:18:36
14606,2026-05-05,Monroe Processing Warehouse,COMPLETED,SHREDDER/GRINDER (2ND SHIFT),Posted,2026-05-06,5:51AM,,18:09:00,LBS,1137.0,1137.0,0.0,Plus Materials,,113.7,113.7,0.0,,,1,0,CARL,,2026-09-17T13:18:36,2026-09-17T13:18:36
14612,2026-05-05,Plus Monroe Warehouse,COMPLETED,EXTRUDER (3RD SHIFT),Posted,2026-05-06,5:52AM,,18:08:00,LBS,3022.0,3022.0,0.0,Plus Materials,,0.0,0.0,0.0,,,0,0,CARL,,2026-09-17T13:18:36,2026-09-17T13:18:36
14614,2026-05-05,Plus Monroe Warehouse,COMPLETED,GUILLOTINE (3RD SHIFT),Posted,2026-05-06,5:53AM,,18:07:00,LBS,6338.0,6338.0,0.0,Plus Materials,,158.28,158.29,0.0,,,1,0,CARL,,2026-09-17T13:18:36,2026-09-17T13:18:36
14618,2026-05-05,PRN Southeast,COMPLETED,BALER,Posted,2026-05-06,5:53AM,,18:07:00,LBS,1060.0,1595.0,-535.0,Plus Materials,,44.18,97.18,53.0,,,4,1,CARL,,2026-09-17T13:18:36,2026-09-17T13:18:36
14619,2026-05-06,Plus Monroe Warehouse,COMPLETED,AUTO-TIE BALER (1ST SHIFT),Posted,2026-05-07,5:55AM,,18:05:00,LBS,7013.0,7013.0,0.0,Plus Materials,,42.4087,42.41,0.0,,,31,6,CARL,,2026-09-17T13:18:36,2026-09-17T13:18:36
14623,2026-05-06,Plus Monroe Warehouse,COMPLETED,EXTRUDER (1ST SHIFT),Posted,2026-05-07,5:56AM,,18:04:00,LBS,9125.0,9125.0,0.0,Plus Materials,,958.125,958.14,0.0,,,10,0,CARL,,2026-09-17T13:18:36,2026-09-17T13:18:36
14625,2026-05-06,Plus Monroe Warehouse,COMPLETED,GUILLOTINE (1ST SHIFT),Posted,2026-05-07,5:56AM,,18:04:00,LBS,7704.0,7704.0,0.0,Plus Materials,,436.82,436.83,0.0,,,6,15,CARL,,2026-09-17T13:18:36,2026-09-17T13:18:36
14627,2026-05-06,Monroe Processing Warehouse,COMPLETED,SHREDDER/GRINDER (1ST SHIFT),Posted,2026-05-07,5:57AM,,18:03:00,LBS,6788.0,6788.0,0.0,Plus Materials,,339.4,339.4,0.0,,,7,0,CARL,,2026-09-17T13:18:36,2026-09-17T13:18:36
14628,2026-05-06,Plus Monroe Warehouse,COMPLETED,SMALL GRINDER (1ST SHIFT),Posted,2026-05-07,5:57AM,,18:03:00,LBS,1223.0,1223.0,0.0,Plus Materials,,12.23,12.23,0.0,,,0,0,CARL,,2026-09-17T13:18:36,2026-09-17T13:18:36
14629,2026-05-06,Plus Monroe Warehouse,COMPLETED,AUTO-TIE BALER (2ND SHIFT),Posted,2026-05-07,5:57AM,,18:03:00,LBS,2256.0,2256.0,0.0,Plus Materials,,101.0268,101.02,0.0,,,9,0,CARL,,2026-09-17T13:18:36,2026-09-17T13:18:36
14633,2026-05-06,Plus Monroe Warehouse,COMPLETED,EXTRUDER (2ND SHIFT),Posted,2026-05-07,5:58AM,,18:02:00,LBS,6554.0,6554.0,0.0,Plus Materials,,655.4,655.4,0.0,,,0,0,CARL,,2026-09-17T13:18:36,2026-09-17T13:18:36
14635,2026-05-06,Plus Monroe Warehouse,COMPLETED,GUILLOTINE (2ND SHIFT),Posted,2026-05-07,5:58AM,,18:02:00,LBS,6816.0,6816.0,0.0,Plus Materials,,405.9209,405.93,0.0,,,12,0,CARL,,2026-09-17T13:18:36,2026-09-17T13:18:36
14637,2026-05-06,Monroe Processing Warehouse,COMPLETED,SHREDDER/GRINDER (2ND SHIFT),Posted,2026-05-07,5:59AM,,18:01:00,LBS,2397.0,2397.0,0.0,Plus Materials,,119.85,119.85,0.0,,,0,0,CARL,,2026-09-17T13:18:36,2026-09-17T13:18:36
14643,2026-05-06,Plus Monroe Warehouse,COMPLETED,EXTRUDER (3RD SHIFT),Posted,2026-05-07,6:00AM,,18:00:00,LBS,6188.0,6188.0,0.0,Plus Materials,,337.89,337.89,0.0,,,0,0,CARL,,2026-09-17T13:18:36,2026-09-17T13:18:36
14645,2026-05-06,Plus Monroe Warehouse,COMPLETED,GUILLOTINE (3RD SHIFT),Posted,2026-05-07,6:00AM,,18:00:00,LBS,8963.0,8963.0,0.0,Plus Materials,,1188.86,1188.86,0.0,,,0,0,CARL,,2026-09-17T13:18:36,2026-09-17T13:18:36
14650,2026-05-07,Plus Monroe Warehouse,COMPLETED,AUTO-TIE BALER (1ST SHIFT),Posted,2026-05-08,5:50AM,,18:10:00,LBS,2905.0,2905.0,0.0,Plus Materials,,42.55,42.55,0.0,,,9,2,CARL,,2026-09-17T13:18:36,2026-09-17T13:18:36
14654,2026-05-07,Plus Monroe Warehouse,COMPLETED,EXTRUDER (1ST SHIFT),Posted,2026-05-08,5:50AM,,18:10:00,LBS,9854.0,9854.0,0.0,Plus Materials,,1231.75,1231.76,0.0,,,55,0,CARL,,2026-09-17T13:18:36,2026-09-17T13:18:36
14656,2026-05-07,Plus Monroe Warehouse,COMPLETED,GUILLOTINE (1ST SHIFT),Posted,2026-05-08,5:51AM,,18:09:00,LBS,11386.0,11386.0,0.0,Plus Materials,,1423.25,1423.28,0.0,,,0,10,CARL,,2026-09-17T13:18:36,2026-09-17T13:18:36
14658,2026-05-07,Monroe Processing Warehouse,COMPLETED,SHREDDER/GRINDER (1ST SHIFT),Posted,2026-05-08,5:51AM,,18:09:00,LBS,4543.0,4543.0,0.0,Plus Materials,,45.43,45.43,0.0,,,59,0,CARL,,2026-09-17T13:18:36,2026-09-17T13:18:36
14659,2026-05-07,Plus Monroe Warehouse,COMPLETED,SMALL GRINDER (1ST SHIFT),Posted,2026-05-08,5:51AM,,18:09:00,LBS,3962.0,3962.0,0.0,Plus Materials,,39.62,39.62,0.0,,,0,0,CARL,,2026-09-17T13:18:36,2026-09-17T13:18:36
14660,2026-05-07,Plus Monroe Warehouse,COMPLETED,AUTO-TIE BALER (2ND SHIFT),Posted,2026-05-08,5:51AM,,18:09:00,LBS,5705.0,5705.0,0.0,Plus Materials,,102.1394,102.13,0.0,,,18,0,CARL,,2026-09-17T13:18:36,2026-09-17T13:18:36
14664,2026-05-07,Plus Monroe Warehouse,COMPLETED,EXTRUDER (2ND SHIFT),Posted,2026-05-08,5:52AM,,18:08:00,LBS,6618.0,6618.0,0.0,Plus Materials,,727.98,727.98,0.0,,,17,0,CARL,,2026-09-17T13:18:36,2026-09-17T13:18:36
14666,2026-05-07,Plus Monroe Warehouse,COMPLETED,GUILLOTINE (2ND SHIFT),Posted,2026-05-08,5:52AM,,18:08:00,LBS,11160.0,11160.0,0.0,Plus Materials,,1395.0,1395.02,0.0,,,0,0,CARL,,2026-09-17T13:18:36,2026-09-17T13:18:36
14668,2026-05-07,Monroe Processing Warehouse,COMPLETED,SHREDDER/GRINDER (2ND SHIFT),Posted,2026-05-08,5:53AM,,18:07:00,LBS,1639.0,1639.0,0.0,Plus Materials,,0.0,0.0,0.0,,,0,0,CARL,,2026-09-17T13:18:36,2026-09-17T13:18:36
14674,2026-05-07,Plus Monroe Warehouse,COMPLETED,EXTRUDER (3RD SHIFT),Posted,2026-05-08,5:54AM,,18:06:00,LBS,6884.0,6884.0,0.0,Plus Materials,,413.04,413.04,0.0,,,0,0,CARL,,2026-09-17T13:18:36,2026-09-17T13:18:36
14682,2026-05-08,Plus Monroe Warehouse,COMPLETED,AUTO-TIE BALER (1ST SHIFT),Posted,2026-05-11,5:48AM,,18:12:00,LBS,7898.0,7898.0,0.0,Plus Materials,,2166.8925,2166.89,0.0,,,8,5,CARL,,2026-09-17T13:18:36,2026-09-17T13:18:36
14686,2026-05-08,Plus Monroe Warehouse,COMPLETED,EXTRUDER (1ST SHIFT),Posted,2026-05-11,5:48AM,,18:12:00,LBS,8637.0,8637.0,0.0,Plus Materials,,906.885,906.89,0.0,,,200,0,CARL,,2026-09-17T13:18:36,2026-09-17T13:18:36
14688,2026-05-08,Plus Monroe Warehouse,COMPLETED,GUILLOTINE (1ST SHIFT),Posted,2026-05-11,5:49AM,,18:11:00,LBS,6188.0,6188.0,0.0,Plus Materials,,649.74,649.75,0.0,,,10,3,CARL,,2026-09-17T13:18:36,2026-09-17T13:18:36
14690,2026-05-08,Monroe Processing Warehouse,COMPLETED,SHREDDER/GRINDER (1ST SHIFT),Posted,2026-05-11,5:49AM,,18:11:00,LBS,7999.0,7999.0,0.0,Plus Materials,,0.0,0.0,0.0,,,42,0,CARL,,2026-09-17T13:18:36,2026-09-17T13:18:36
14691,2026-05-08,Plus Monroe Warehouse,COMPLETED,SMALL GRINDER (1ST SHIFT),Posted,2026-05-11,5:49AM,,18:11:00,LBS,1361.0,1361.0,0.0,Plus Materials,,0.0,0.0,0.0,,,0,0,CARL,,2026-09-17T13:18:36,2026-09-17T13:18:36
14692,2026-05-08,Plus Monroe Warehouse,COMPLETED,AUTO-TIE BALER (2ND SHIFT),Posted,2026-05-11,5:49AM,,18:11:00,LBS,6804.0,6804.0,0.0,Plus Materials,,187.11,187.12,0.0,,,10,0,CARL,,2026-09-17T13:18:36,2026-09-17T13:18:36
14696,2026-05-08,Plus Monroe Warehouse,COMPLETED,EXTRUDER (2ND SHIFT),Posted,2026-05-11,5:50AM,,18:10:00,LBS,5198.0,5198.0,0.0,Plus Materials,,545.7924,545.79,0.0,,,0,0,CARL,,2026-09-17T13:18:36,2026-09-17T13:18:36
14698,2026-05-08,Plus Monroe Warehouse,COMPLETED,GUILLOTINE (2ND SHIFT),Posted,2026-05-11,5:50AM,,18:10:00,LBS,10076.0,10076.0,0.0,Plus Materials,,464.8631,464.88,0.0,,,5,0,CARL,,2026-09-17T13:18:36,2026-09-17T13:18:36
14700,2026-05-08,Monroe Processing Warehouse,COMPLETED,SHREDDER/GRINDER (2ND SHIFT),Posted,2026-05-11,5:51AM,,18:09:00,LBS,1054.0,1054.0,0.0,Plus Materials,,0.0,0.0,0.0,,,0,0,CARL,,2026-09-17T13:18:36,2026-09-17T13:18:36
14706,2026-05-08,Plus Monroe Warehouse,COMPLETED,EXTRUDER (3RD SHIFT),Posted,2026-05-11,5:52AM,,18:08:00,LBS,7397.0,7397.0,0.0,Plus Materials,,208.5875,208.59,0.0,,,5,0,CARL,,2026-09-17T13:18:36,2026-09-17T13:18:36
14713,2026-05-08,Plus Ryder Midwest,COMPLETED,BOGUS,Posted,2026-05-08,12:29PM,,11:31:00,LBS,9350.0,9350.0,0.0,Plus Materials,,701.25,701.25,0.0,,,24,1,CARL,,2026-09-17T13:18:36,2026-09-17T13:18:36
14714,2026-05-08,Plus Ryder Midwest,COMPLETED,BOGUS,Posted,2026-05-08,12:31PM,,11:29:00,LBS,11900.0,11900.0,0.0,Plus Materials,,892.5,892.5,0.0,,,25,1,CARL,,2026-09-17T13:18:36,2026-09-17T13:18:36
14715,2026-05-11,Plus Monroe Warehouse,COMPLETED,AUTO-TIE BALER (1ST SHIFT),Posted,2026-05-12,5:05AM,,18:55:00,LBS,2972.0,2972.0,0.0,Plus Materials,,0.0,0.0,0.0,,,2,2,CARL,,2026-09-17T13:18:36,2026-09-17T13:18:36
14719,2026-05-11,Plus Monroe Warehouse,COMPLETED,EXTRUDER (1ST SHIFT),Posted,2026-05-12,5:06AM,,18:54:00,LBS,7266.0,7266.0,0.0,Plus Materials,,726.6,726.6,0.0,,,206,0,CARL,,2026-09-17T13:18:36,2026-09-17T13:18:36
14721,2026-05-11,Plus Monroe Warehouse,COMPLETED,GUILLOTINE (1ST SHIFT),Posted,2026-05-12,5:06AM,,18:54:00,LBS,9383.0,9383.0,0.0,Plus Materials,,815.95,815.96,0.0,,,0,13,CARL,,2026-09-17T13:18:36,2026-09-17T13:18:36
14723,2026-05-11,Monroe Processing Warehouse,COMPLETED,SHREDDER/GRINDER (1ST SHIFT),Posted,2026-05-12,5:07AM,,18:53:00,LBS,5388.0,5388.0,0.0,Plus Materials,,0.0,0.0,0.0,,,16,0,CARL,,2026-09-17T13:18:36,2026-09-17T13:18:36
14724,2026-05-11,Plus Monroe Warehouse,COMPLETED,SMALL GRINDER (1ST SHIFT),Posted,2026-05-12,5:07AM,,18:53:00,LBS,1436.0,1436.0,0.0,Plus Materials,,0.0,0.0,0.0,,,35,0,CARL,,2026-09-17T13:18:36,2026-09-17T13:18:36
14725,2026-05-11,Plus Monroe Warehouse,COMPLETED,AUTO-TIE BALER (2ND SHIFT),Posted,2026-05-12,5:07AM,,18:53:00,LBS,3002.0,3002.0,0.0,Plus Materials,,68.4112,68.41,0.0,,,1,0,CARL,,2026-09-17T13:18:36,2026-09-17T13:18:36
14729,2026-05-11,Plus Monroe Warehouse,COMPLETED,EXTRUDER (2ND SHIFT),Posted,2026-05-12,5:08AM,,18:52:00,LBS,8556.0,8556.0,0.0,Plus Materials,,855.6,855.6,0.0,,,0,0,CARL,,2026-09-17T13:18:36,2026-09-17T13:18:36
14731,2026-05-11,Plus Monroe Warehouse,COMPLETED,GUILLOTINE (2ND SHIFT),Posted,2026-05-12,5:08AM,,18:52:00,LBS,9443.0,9443.0,0.0,Plus Materials,,666.6,666.61,0.0,,,0,0,CARL,,2026-09-17T13:18:36,2026-09-17T13:18:36
14733,2026-05-11,Monroe Processing Warehouse,COMPLETED,SHREDDER/GRINDER (2ND SHIFT),Posted,2026-05-12,5:09AM,,18:51:00,LBS,3209.0,3209.0,0.0,Plus Materials,,0.0,0.0,0.0,,,0,0,CARL,,2026-09-17T13:18:36,2026-09-17T13:18:36
14739,2026-05-11,Plus Monroe Warehouse,COMPLETED,EXTRUDER (3RD SHIFT),Posted,2026-05-12,5:10AM,,18:50:00,LBS,1528.0,1528.0,0.0,Plus Materials,,168.08,168.08,0.0,,,0,0,CARL,,2026-09-17T13:18:36,2026-09-17T13:18:36
14741,2026-05-11,Plus Monroe Warehouse,COMPLETED,GUILLOTINE (3RD SHIFT),Posted,2026-05-12,5:10AM,,18:50:00,LBS,8372.0,8372.0,0.0,Plus Materials,,837.2,837.2,0.0,,,203,0,CARL,,2026-09-17T13:18:36,2026-09-17T13:18:36
14745,2026-05-11,PRN Southeast,COMPLETED,BALER,Posted,2026-05-12,5:11AM,,18:49:00,LBS,282.0,4340.0,-4058.0,Plus Materials,,6.41,20.5,14.1,,,1,4,CARL,,2026-09-17T13:18:36,2026-09-17T13:18:36
14746,2026-05-12,Plus Monroe Warehouse,COMPLETED,AUTO-TIE BALER (1ST SHIFT),Posted,2026-05-13,5:57AM,,18:03:00,LBS,2925.0,2925.0,0.0,Plus Materials,,73.1271,73.13,0.0,,,9,2,CARL,,2026-09-17T13:18:36,2026-09-17T13:18:36
14750,2026-05-12,Plus Monroe Warehouse,COMPLETED,EXTRUDER (1ST SHIFT),Posted,2026-05-13,5:58AM,,18:02:00,LBS,8240.0,8240.0,0.0,Plus Materials,,824.0,824.0,0.0,,,0,0,CARL,,2026-09-17T13:18:36,2026-09-17T13:18:36
14752,2026-05-12,Plus Monroe Warehouse,COMPLETED,GUILLOTINE (1ST SHIFT),Posted,2026-05-13,5:58AM,,18:02:00,LBS,10875.0,10875.0,0.0,Plus Materials,,1087.5,1087.5,0.0,,,9,0,CARL,,2026-09-17T13:18:36,2026-09-17T13:18:36
14754,2026-05-12,Monroe Processing Warehouse,COMPLETED,SHREDDER/GRINDER (1ST SHIFT),Posted,2026-05-13,5:58AM,,18:02:00,LBS,8002.0,8002.0,0.0,Plus Materials,,0.0,0.0,0.0,,,0,0,CARL,,2026-09-17T13:18:36,2026-09-17T13:18:36
14756,2026-05-12,Plus Monroe Warehouse,COMPLETED,AUTO-TIE BALER (2ND SHIFT),Posted,2026-05-13,5:59AM,,18:01:00,LBS,3263.0,3263.0,0.0,Plus Materials,,216.3303,216.33,0.0,,,0,0,CARL,,2026-09-17T13:18:36,2026-09-17T13:18:36
14762,2026-05-12,Plus Monroe Warehouse,COMPLETED,GUILLOTINE (2ND SHIFT),Posted,2026-05-13,6:00AM,,18:00:00,LBS,8573.0,8573.0,0.0,Plus Materials,,538.1,538.12,0.0,,,10,0,CARL,,2026-09-17T13:18:36,2026-09-17T13:18:36
14764,2026-05-12,Monroe Processing Warehouse,COMPLETED,SHREDDER/GRINDER (2ND SHIFT),Posted,2026-05-13,6:00AM,,18:00:00,LBS,2181.0,2181.0,0.0,Plus Materials,,218.1,218.1,0.0,,,0,0,CARL,,2026-09-17T13:18:36,2026-09-17T13:18:36
14770,2026-05-12,Plus Monroe Warehouse,COMPLETED,EXTRUDER (3RD SHIFT),Posted,2026-05-13,6:01AM,,17:59:00,LBS,5122.0,5122.0,0.0,Plus Materials,,512.2,512.2,0.0,,,0,0,CARL,,2026-09-17T13:18:36,2026-09-17T13:18:36
14777,2026-05-13,Plus Ryder Midwest,COMPLETED,BOGUS,Posted,2026-05-13,4:54AM,,19:06:00,LBS,3400.0,3400.0,0.0,Plus Materials,,255.0,255.0,0.0,,,23,1,CARL,,2026-09-17T13:18:36,2026-09-17T13:18:36
14778,2026-05-13,Plus Monroe Warehouse,COMPLETED,AUTO-TIE BALER (1ST SHIFT),Posted,2026-05-14,5:47AM,,18:13:00,LBS,1028.0,1028.0,0.0,Plus Materials,,53.1857,53.19,0.0,,,0,1,CARL,,2026-09-17T13:18:36,2026-09-17T13:18:36
14782,2026-05-13,Plus Monroe Warehouse,COMPLETED,EXTRUDER (1ST SHIFT),Posted,2026-05-14,5:47AM,,18:13:00,LBS,6350.0,6350.0,0.0,Plus Materials,,635.0,635.0,0.0,,,10,0,CARL,,2026-09-17T13:18:36,2026-09-17T13:18:36
14784,2026-05-13,Plus Monroe Warehouse,COMPLETED,GUILLOTINE (1ST SHIFT),Posted,2026-05-14,5:48AM,,18:12:00,LBS,9459.0,9459.0,0.0,Plus Materials,,1385.7846,1385.8,0.0,,,12,0,CARL,,2026-09-17T13:18:36,2026-09-17T13:18:36
14786,2026-05-13,Monroe Processing Warehouse,COMPLETED,SHREDDER/GRINDER (1ST SHIFT),Posted,2026-05-14,5:48AM,,18:12:00,LBS,8114.0,8114.0,0.0,Plus Materials,,405.7,405.7,0.0,,,20,0,CARL,,2026-09-17T13:18:36,2026-09-17T13:18:36
14788,2026-05-13,Plus Monroe Warehouse,COMPLETED,AUTO-TIE BALER (2ND SHIFT),Posted,2026-05-14,5:48AM,,18:12:00,LBS,1103.0,1103.0,0.0,Plus Materials,,57.0696,57.07,0.0,,,0,0,CARL,,2026-09-17T13:18:36,2026-09-17T13:18:36
14792,2026-05-13,Plus Monroe Warehouse,COMPLETED,EXTRUDER (2ND SHIFT),Posted,2026-05-14,5:49AM,,18:11:00,LBS,3032.0,3032.0,0.0,Plus Materials,,303.2,303.2,0.0,,,206,0,CARL,,2026-09-17T13:18:36,2026-09-17T13:18:36
14794,2026-05-13,Plus Monroe Warehouse,COMPLETED,GUILLOTINE (2ND SHIFT),Posted,2026-05-14,5:49AM,,18:11:00,LBS,11188.0,11188.0,0.0,Plus Materials,,1118.8,1118.8,0.0,,,0,0,CARL,,2026-09-17T13:18:36,2026-09-17T13:18:36
14796,2026-05-13,Monroe Processing Warehouse,COMPLETED,SHREDDER/GRINDER (2ND SHIFT),Posted,2026-05-14,5:50AM,,18:10:00,LBS,1026.0,1026.0,0.0,Plus Materials,,0.0,0.0,0.0,,,0,0,CARL,,2026-09-17T13:18:36,2026-09-17T13:18:36
14802,2026-05-13,Plus Monroe Warehouse,COMPLETED,EXTRUDER (3RD SHIFT),Posted,2026-05-14,5:51AM,,18:09:00,LBS,6178.0,6178.0,0.0,Plus Materials,,617.8,617.8,0.0,,,0,0,CARL,,2026-09-17T13:18:36,2026-09-17T13:18:36
14804,2026-05-13,Plus Monroe Warehouse,COMPLETED,GUILLOTINE (3RD SHIFT),Posted,2026-05-14,5:51AM,,18:09:00,LBS,9938.0,9938.0,0.0,Plus Materials,,993.8,993.8,0.0,,,204,0,CARL,,2026-09-17T13:18:36,2026-09-17T13:18:36
14809,2026-05-14,Plus Monroe Warehouse,COMPLETED,AUTO-TIE BALER (1ST SHIFT),Posted,2026-05-15,5:49AM,,18:11:00,LBS,7120.0,7120.0,0.0,Plus Materials,,520.2607,520.25,0.0,,,14,4,CARL,,2026-09-17T13:18:36,2026-09-17T13:18:36
14813,2026-05-14,Plus Monroe Warehouse,COMPLETED,EXTRUDER (1ST SHIFT),Posted,2026-05-15,5:50AM,,18:10:00,LBS,8880.0,8880.0,0.0,Plus Materials,,888.0,888.0,0.0,,,0,0,CARL,,2026-09-17T13:18:36,2026-09-17T13:18:36
14815,2026-05-14,Plus Monroe Warehouse,COMPLETED,GUILLOTINE (1ST SHIFT),Posted,2026-05-15,5:50AM,,18:10:00,LBS,12150.0,12150.0,0.0,Plus Materials,,1215.0,1215.0,0.0,,,200,0,CARL,,2026-09-17T13:18:36,2026-09-17T13:18:36
14817,2026-05-14,Monroe Processing Warehouse,COMPLETED,SHREDDER/GRINDER (1ST SHIFT),Posted,2026-05-15,5:50AM,,18:10:00,LBS,6577.0,6577.0,0.0,Plus Materials,,220.1338,220.13,0.0,,,0,0,CARL,,2026-09-17T13:18:36,2026-09-17T13:18:36
14819,2026-05-14,Plus Monroe Warehouse,COMPLETED,AUTO-TIE BALER (2ND SHIFT),Posted,2026-05-15,5:52AM,,18:08:00,LBS,4175.0,4175.0,0.0,Plus Materials,,391.8659,391.87,0.0,,,24,0,CARL,,2026-09-17T13:18:36,2026-09-17T13:18:36
14825,2026-05-14,Plus Monroe Warehouse,COMPLETED,GUILLOTINE (2ND SHIFT),Posted,2026-05-15,5:53AM,,18:07:00,LBS,7549.0,7549.0,0.0,Plus Materials,,754.9,754.9,0.0,,,13,0,CARL,,2026-09-17T13:18:36,2026-09-17T13:18:36
14833,2026-05-14,Plus Monroe Warehouse,COMPLETED,EXTRUDER (3RD SHIFT),Posted,2026-05-15,5:55AM,,18:05:00,LBS,6324.0,6324.0,0.0,Plus Materials,,632.4,632.4,0.0,,,10,0,CARL,,2026-09-17T13:18:36,2026-09-17T13:18:36
14840,2026-05-15,Plus Ryder Midwest,COMPLETED,BOGUS,Posted,2026-05-15,5:18AM,,18:42:00,LBS,5100.0,5100.0,0.0,Plus Materials,,382.5,382.5,0.0,,,24,1,CARL,,2026-09-17T13:18:36,2026-09-17T13:18:36
14841,2026-05-15,Plus Monroe Warehouse,COMPLETED,AUTO-TIE BALER (1ST SHIFT),Posted,2026-05-18,5:47AM,,18:13:00,LBS,4272.0,4272.0,0.0,Plus Materials,,170.88,170.88,0.0,,,9,3,CARL,,2026-09-17T13:18:36,2026-09-17T13:18:36
14845,2026-05-15,Plus Monroe Warehouse,COMPLETED,EXTRUDER (1ST SHIFT),Posted,2026-05-18,5:48AM,,18:12:00,LBS,10155.0,10155.0,0.0,Plus Materials,,304.65,304.65,0.0,,,12,1,CARL,,2026-09-17T13:18:36,2026-09-17T13:18:36
14847,2026-05-15,Plus Monroe Warehouse,COMPLETED,GUILLOTINE (1ST SHIFT),Posted,2026-05-18,5:48AM,,18:12:00,LBS,8155.0,8155.0,0.0,Plus Materials,,253.0067,253.01,0.0,,,0,0,CARL,,2026-09-17T13:18:36,2026-09-17T13:18:36
14849,2026-05-15,Monroe Processing Warehouse,COMPLETED,SHREDDER/GRINDER (1ST SHIFT),Posted,2026-05-18,5:49AM,,18:11:00,LBS,5094.0,5094.0,0.0,Plus Materials,,0.0,0.0,0.0,,,0,0,CARL,,2026-09-17T13:18:36,2026-09-17T13:18:36
14850,2026-05-15,Plus Monroe Warehouse,COMPLETED,SMALL GRINDER (1ST SHIFT),Posted,2026-05-18,5:49AM,,18:11:00,LBS,883.0,883.0,0.0,Plus Materials,,0.0,0.0,0.0,,,0,0,CARL,,2026-09-17T13:18:36,2026-09-17T13:18:36
14851,2026-05-15,Plus Monroe Warehouse,COMPLETED,AUTO-TIE BALER (2ND SHIFT),Posted,2026-05-18,5:49AM,,18:11:00,LBS,2446.0,2446.0,0.0,Plus Materials,,61.15,61.15,0.0,,,0,0,CARL,,2026-09-17T13:18:36,2026-09-17T13:18:36
14857,2026-05-15,Plus Monroe Warehouse,COMPLETED,GUILLOTINE (2ND SHIFT),Posted,2026-05-18,5:50AM,,18:10:00,LBS,1330.0,1330.0,0.0,Plus Materials,,146.3,146.3,0.0,,,0,0,CARL,,2026-09-17T13:18:36,2026-09-17T13:18:36
14859,2026-05-15,Monroe Processing Warehouse,COMPLETED,SHREDDER/GRINDER (2ND SHIFT),Posted,2026-05-18,5:51AM,,18:09:00,LBS,3333.0,3333.0,0.0,Plus Materials,,150.4209,150.42,0.0,,,60,0,CARL,,2026-09-17T13:18:36,2026-09-17T13:18:36
14865,2026-05-15,Plus Monroe Warehouse,COMPLETED,EXTRUDER (3RD SHIFT),Posted,2026-05-18,5:52AM,,18:08:00,LBS,6884.0,6884.0,0.0,Plus Materials,,688.4,688.4,0.0,,,0,0,CARL,,2026-09-17T13:18:36,2026-09-17T13:18:36
14867,2026-05-15,Plus Monroe Warehouse,COMPLETED,GUILLOTINE (3RD SHIFT),Posted,2026-05-18,5:52AM,,18:08:00,LBS,7961.0,7961.0,0.0,Plus Materials,,796.1,796.1,0.0,,,200,0,CARL,,2026-09-17T13:18:36,2026-09-17T13:18:36
14872,2026-05-18,Plus Monroe Warehouse,COMPLETED,AUTO-TIE BALER (1ST SHIFT),Posted,2026-05-19,4:52AM,,19:08:00,LBS,3163.0,3163.0,0.0,Plus Materials,,71.275,71.28,0.0,,,9,2,CARL,,2026-09-17T13:18:36,2026-09-17T13:18:36
14878,2026-05-18,Plus Monroe Warehouse,COMPLETED,GUILLOTINE (1ST SHIFT),Posted,2026-05-19,4:53AM,,19:07:00,LBS,6953.0,6953.0,0.0,Plus Materials,,-486.71,-486.71,0.0,,,10,0,CARL,,2026-09-17T13:18:36,2026-09-17T13:18:36
14880,2026-05-18,Monroe Processing Warehouse,COMPLETED,SHREDDER/GRINDER (1ST SHIFT),Posted,2026-05-19,4:53AM,,19:07:00,LBS,2669.0,2669.0,0.0,Plus Materials,,0.0,0.0,0.0,,,0,0,CARL,,2026-09-17T13:18:36,2026-09-17T13:18:36
14882,2026-05-18,Plus Monroe Warehouse,COMPLETED,AUTO-TIE BALER (2ND SHIFT),Posted,2026-05-19,4:57AM,,19:03:00,LBS,2936.0,2936.0,0.0,Plus Materials,,268.5205,268.52,0.0,,,13,0,CARL,,2026-09-17T13:18:36,2026-09-17T13:18:36
14886,2026-05-18,Plus Monroe Warehouse,COMPLETED,EXTRUDER (2ND SHIFT),Posted,2026-05-19,4:58AM,,19:02:00,LBS,4916.0,4916.0,0.0,Plus Materials,,491.6,491.6,0.0,,,0,0,CARL,,2026-09-17T13:18:36,2026-09-17T13:18:36
14888,2026-05-18,Plus Monroe Warehouse,COMPLETED,GUILLOTINE (2ND SHIFT),Posted,2026-05-19,4:58AM,,19:02:00,LBS,7423.0,7423.0,0.0,Plus Materials,,612.4,612.41,0.0,,,7,0,CARL,,2026-09-17T13:18:36,2026-09-17T13:18:36
14890,2026-05-18,Monroe Processing Warehouse,COMPLETED,SHREDDER/GRINDER (2ND SHIFT),Posted,2026-05-19,4:59AM,,19:01:00,LBS,531.0,531.0,0.0,Plus Materials,,60.2175,60.22,0.0,,,0,0,CARL,,2026-09-17T13:18:36,2026-09-17T13:18:36
14896,2026-05-18,Plus Monroe Warehouse,COMPLETED,EXTRUDER (3RD SHIFT),Posted,2026-05-19,5:00AM,,19:00:00,LBS,6548.0,6548.0,0.0,Plus Materials,,654.8,654.8,0.0,,,12,0,CARL,,2026-09-17T13:18:36,2026-09-17T13:18:36
14898,2026-05-18,Plus Monroe Warehouse,COMPLETED,GUILLOTINE (3RD SHIFT),Posted,2026-05-19,5:00AM,,19:00:00,LBS,7434.0,7434.0,0.0,Plus Materials,,297.36,297.36,0.0,,,27,0,CARL,,2026-09-17T13:18:36,2026-09-17T13:18:36
14903,2026-05-18,Plus Ryder Midwest,COMPLETED,BOGUS,Posted,2026-05-18,2:19PM,,09:41:00,LBS,30372.0,30372.0,0.0,Plus Materials,,455.5835,455.58,0.0,,,30,1,CARL,,2026-09-17T13:18:36,2026-09-17T13:18:36
14904,2026-05-18,Plus Ryder Midwest,COMPLETED,BOGUS,Posted,2026-05-18,2:22PM,,09:38:00,LBS,7650.0,7650.0,0.0,Plus Materials,,573.75,573.75,0.0,,,18,1,CARL,,2026-09-17T13:18:36,2026-09-17T13:18:36
14905,2026-05-19,Plus Monroe Warehouse,COMPLETED,AUTO-TIE BALER (1ST SHIFT),Posted,2026-05-20,5:54AM,,18:06:00,LBS,4825.0,4825.0,0.0,Plus Materials,,120.6274,120.63,0.0,,,0,3,CARL,,2026-09-17T13:18:36,2026-09-17T13:18:36
14909,2026-05-19,Plus Monroe Warehouse,COMPLETED,EXTRUDER (1ST SHIFT),Posted,2026-05-20,5:55AM,,18:05:00,LBS,8919.0,8919.0,0.0,Plus Materials,,356.76,356.76,0.0,,,0,0,CARL,,2026-09-17T13:18:36,2026-09-17T13:18:36
14911,2026-05-19,Plus Monroe Warehouse,COMPLETED,GUILLOTINE (1ST SHIFT),Posted,2026-05-20,5:55AM,,18:05:00,LBS,3850.0,3850.0,0.0,Plus Materials,,-2.54,-2.53,0.0,,,0,2,CARL,,2026-09-17T13:18:36,2026-09-17T13:18:36
14912,2026-05-19,Plus Monroe Warehouse,COMPLETED,SHREDDER (1ST SHIFT),Posted,2026-05-20,5:55AM,,18:05:00,LBS,7276.0,7276.0,0.0,Plus Materials,,0.0,0.0,0.0,,,0,0,CARL,,2026-09-17T13:18:36,2026-09-17T13:18:36
14913,2026-05-19,Monroe Processing Warehouse,COMPLETED,SHREDDER/GRINDER (1ST SHIFT),Posted,2026-05-20,5:56AM,,18:04:00,LBS,2791.0,2791.0,0.0,Plus Materials,,0.0,0.0,0.0,,,0,0,CARL,,2026-09-17T13:18:36,2026-09-17T13:18:36
14914,2026-05-19,Plus Monroe Warehouse,COMPLETED,SMALL GRINDER (1ST SHIFT),Posted,2026-05-20,5:56AM,,18:04:00,LBS,936.0,936.0,0.0,Plus Materials,,0.0,0.0,0.0,,,32,0,CARL,,2026-09-17T13:18:36,2026-09-17T13:18:36
14915,2026-05-19,Plus Monroe Warehouse,COMPLETED,AUTO-TIE BALER (2ND SHIFT),Posted,2026-05-20,5:56AM,,18:04:00,LBS,8687.0,8687.0,0.0,Plus Materials,,427.5386,427.53,0.0,,,24,0,CARL,,2026-09-17T13:18:36,2026-09-17T13:18:36
14919,2026-05-19,Plus Monroe Warehouse,COMPLETED,EXTRUDER (2ND SHIFT),Posted,2026-05-20,5:57AM,,18:03:00,LBS,7597.0,7597.0,0.0,Plus Materials,,797.685,797.69,0.0,,,56,0,CARL,,2026-09-17T13:18:36,2026-09-17T13:18:36
14921,2026-05-19,Plus Monroe Warehouse,COMPLETED,GUILLOTINE (2ND SHIFT),Posted,2026-05-20,5:57AM,,18:03:00,LBS,8823.0,8823.0,0.0,Plus Materials,,885.492,885.5,0.0,,,18,0,CARL,,2026-09-17T13:18:36,2026-09-17T13:18:36
14923,2026-05-19,Monroe Processing Warehouse,COMPLETED,SHREDDER/GRINDER (2ND SHIFT),Posted,2026-05-20,5:57AM,,18:03:00,LBS,968.0,968.0,0.0,Plus Materials,,0.0,0.0,0.0,,,0,0,CARL,,2026-09-17T13:18:36,2026-09-17T13:18:36
14929,2026-05-19,Plus Monroe Warehouse,COMPLETED,EXTRUDER (3RD SHIFT),Posted,2026-05-20,5:58AM,,18:02:00,LBS,6598.0,6598.0,0.0,Plus Materials,,692.7885,692.79,0.0,,,0,0,CARL,,2026-09-17T13:18:36,2026-09-17T13:18:36
14931,2026-05-19,Plus Monroe Warehouse,COMPLETED,GUILLOTINE (3RD SHIFT),Posted,2026-05-20,5:59AM,,18:01:00,LBS,7186.0,7186.0,0.0,Plus Materials,,754.5323,754.55,0.0,,,0,0,CARL,,2026-09-17T13:18:36,2026-09-17T13:18:36
14936,2026-05-20,Plus Monroe Warehouse,COMPLETED,AUTO-TIE BALER (1ST SHIFT),Posted,2026-05-21,5:53AM,,18:07:00,LBS,5624.0,5624.0,0.0,Plus Materials,,0.0,0.0,0.0,,,28,5,CARL,,2026-09-17T13:18:36,2026-09-17T13:18:36
14940,2026-05-20,Plus Monroe Warehouse,COMPLETED,EXTRUDER (1ST SHIFT),Posted,2026-05-21,5:54AM,,18:06:00,LBS,10798.0,10798.0,0.0,Plus Materials,,1133.79,1133.79,0.0,,,58,0,CARL,,2026-09-17T13:18:36,2026-09-17T13:18:36
14942,2026-05-20,Plus Monroe Warehouse,COMPLETED,GUILLOTINE (1ST SHIFT),Posted,2026-05-21,5:54AM,,18:06:00,LBS,4861.0,4861.0,0.0,Plus Materials,,375.1277,375.13,0.0,,,1,4,CARL,,2026-09-17T13:18:36,2026-09-17T13:18:36
14943,2026-05-20,Plus Monroe Warehouse,COMPLETED,SHREDDER (1ST SHIFT),Posted,2026-05-21,5:54AM,,18:06:00,LBS,6651.0,6651.0,0.0,Plus Materials,,0.0,0.0,0.0,,,0,0,CARL,,2026-09-17T13:18:36,2026-09-17T13:18:36
14944,2026-05-20,Monroe Processing Warehouse,COMPLETED,SHREDDER/GRINDER (1ST SHIFT),Posted,2026-05-21,5:54AM,,18:06:00,LBS,7852.0,7852.0,0.0,Plus Materials,,840.2562,840.26,0.0,,,0,0,CARL,,2026-09-17T13:18:36,2026-09-17T13:18:36
14946,2026-05-20,Plus Monroe Warehouse,COMPLETED,AUTO-TIE BALER (2ND SHIFT),Posted,2026-05-21,5:54AM,,18:06:00,LBS,6580.0,6580.0,0.0,Plus Materials,,0.0,0.0,0.0,,,33,0,CARL,,2026-09-17T13:18:36,2026-09-17T13:18:36
14950,2026-05-20,Plus Monroe Warehouse,COMPLETED,EXTRUDER (2ND SHIFT),Posted,2026-05-21,5:55AM,,18:05:00,LBS,7406.0,7406.0,0.0,Plus Materials,,777.63,777.63,0.0,,,0,0,CARL,,2026-09-17T13:18:36,2026-09-17T13:18:36
14952,2026-05-20,Plus Monroe Warehouse,COMPLETED,GUILLOTINE (2ND SHIFT),Posted,2026-05-21,5:55AM,,18:05:00,LBS,11518.0,11518.0,0.0,Plus Materials,,1209.39,1209.42,0.0,,,0,0,CARL,,2026-09-17T13:18:36,2026-09-17T13:18:36
14954,2026-05-20,Monroe Processing Warehouse,COMPLETED,SHREDDER/GRINDER (2ND SHIFT),Posted,2026-05-21,5:56AM,,18:04:00,LBS,1621.0,1621.0,0.0,Plus Materials,,173.4658,173.47,0.0,,,0,0,CARL,,2026-09-17T13:18:36,2026-09-17T13:18:36
14960,2026-05-20,Plus Monroe Warehouse,COMPLETED,EXTRUDER (3RD SHIFT),Posted,2026-05-21,5:57AM,,18:03:00,LBS,4722.0,4722.0,0.0,Plus Materials,,495.81,495.81,0.0,,,0,0,CARL,,2026-09-17T13:18:36,2026-09-17T13:18:36
14962,2026-05-20,Plus Monroe Warehouse,COMPLETED,GUILLOTINE (3RD SHIFT),Posted,2026-05-21,5:57AM,,18:03:00,LBS,5941.0,5941.0,0.0,Plus Materials,,623.805,623.82,0.0,,,52,0,CARL,,2026-09-17T13:18:36,2026-09-17T13:18:36
14967,2026-05-21,Plus Monroe Warehouse,COMPLETED,AUTO-TIE BALER (1ST SHIFT),Posted,2026-05-22,5:47AM,,18:13:00,LBS,1010.0,1010.0,0.0,Plus Materials,,0.0,0.0,0.0,,,8,1,CARL,,2026-09-17T13:18:36,2026-09-17T13:18:36
14971,2026-05-21,Plus Monroe Warehouse,COMPLETED,EXTRUDER (1ST SHIFT),Posted,2026-05-22,5:47AM,,18:13:00,LBS,8779.0,8779.0,0.0,Plus Materials,,921.7965,921.8,0.0,,,0,0,CARL,,2026-09-17T13:18:36,2026-09-17T13:18:36
14973,2026-05-21,Plus Monroe Warehouse,COMPLETED,GUILLOTINE (1ST SHIFT),Posted,2026-05-22,5:48AM,,18:12:00,LBS,7076.0,7076.0,0.0,Plus Materials,,742.98,743.0,0.0,,,0,6,CARL,,2026-09-17T13:18:36,2026-09-17T13:18:36
14974,2026-05-21,Plus Monroe Warehouse,COMPLETED,SHREDDER (1ST SHIFT),Posted,2026-05-22,5:48AM,,18:12:00,LBS,3355.0,3355.0,0.0,Plus Materials,,192.874,192.88,0.0,,,14,0,CARL,,2026-09-17T13:18:36,2026-09-17T13:18:36
14975,2026-05-21,Monroe Processing Warehouse,COMPLETED,SHREDDER/GRINDER (1ST SHIFT),Posted,2026-05-22,5:48AM,,18:12:00,LBS,6338.0,6338.0,0.0,Plus Materials,,678.2381,678.23,0.0,,,0,0,CARL,,2026-09-17T13:18:36,2026-09-17T13:18:36
14977,2026-05-21,Plus Monroe Warehouse,COMPLETED,AUTO-TIE BALER (2ND SHIFT),Posted,2026-05-22,5:48AM,,18:12:00,LBS,6768.0,6768.0,0.0,Plus Materials,,0.0,0.0,0.0,,,35,0,CARL,,2026-09-17T13:18:36,2026-09-17T13:18:36
14981,2026-05-21,Plus Monroe Warehouse,COMPLETED,EXTRUDER (2ND SHIFT),Posted,2026-05-22,5:49AM,,18:11:00,LBS,6372.0,6372.0,0.0,Plus Materials,,669.06,669.06,0.0,,,0,0,CARL,,2026-09-17T13:18:36,2026-09-17T13:18:36
14983,2026-05-21,Plus Monroe Warehouse,COMPLETED,GUILLOTINE (2ND SHIFT),Posted,2026-05-22,5:49AM,,18:11:00,LBS,11910.0,11910.0,0.0,Plus Materials,,1250.55,1250.58,0.0,,,45,0,CARL,,2026-09-17T13:18:36,2026-09-17T13:18:36
14985,2026-05-21,Monroe Processing Warehouse,COMPLETED,SHREDDER/GRINDER (2ND SHIFT),Posted,2026-05-22,5:50AM,,18:10:00,LBS,5273.0,5273.0,0.0,Plus Materials,,564.2738,564.27,0.0,,,0,0,CARL,,2026-09-17T13:18:36,2026-09-17T13:18:36
14991,2026-05-21,Plus Monroe Warehouse,COMPLETED,EXTRUDER (3RD SHIFT),Posted,2026-05-22,5:51AM,,18:09:00,LBS,5110.0,5110.0,0.0,Plus Materials,,536.55,536.55,0.0,,,0,0,CARL,,2026-09-17T13:18:36,2026-09-17T13:18:36
14993,2026-05-21,Plus Monroe Warehouse,COMPLETED,GUILLOTINE (3RD SHIFT),Posted,2026-05-22,5:51AM,,18:09:00,LBS,6290.0,6290.0,0.0,Plus Materials,,660.45,660.46,0.0,,,0,0,CARL,,2026-09-17T13:18:36,2026-09-17T13:18:36
14998,2026-05-21,Plus Ryder Midwest,COMPLETED,BOGUS,Posted,2026-05-21,2:07PM,,09:53:00,LBS,8500.0,8500.0,0.0,Plus Materials,,1139.7727,1139.77,0.0,,,22,1,CARL,,2026-09-17T13:18:36,2026-09-17T13:18:36
14999,2026-05-22,Plus Monroe Warehouse,COMPLETED,AUTO-TIE BALER (1ST SHIFT),Posted,2026-05-26,5:49AM,,18:11:00,LBS,9507.0,9507.0,0.0,Plus Materials,,-293.2919,-293.31,0.0,,,62,4,CARL,,2026-09-17T13:18:36,2026-09-17T13:18:36
15003,2026-05-22,Plus Monroe Warehouse,COMPLETED,EXTRUDER (1ST SHIFT),Posted,2026-05-26,5:49AM,,18:11:00,LBS,9921.0,9921.0,0.0,Plus Materials,,1041.705,1041.71,0.0,,,0,0,CARL,,2026-09-17T13:18:36,2026-09-17T13:18:36
15005,2026-05-22,Plus Monroe Warehouse,COMPLETED,GUILLOTINE (1ST SHIFT),Posted,2026-05-26,5:50AM,,18:10:00,LBS,10177.0,10177.0,0.0,Plus Materials,,-712.39,-712.39,0.0,,,8,4,CARL,,2026-09-17T13:18:36,2026-09-17T13:18:36
15006,2026-05-22,Plus Monroe Warehouse,COMPLETED,SHREDDER (1ST SHIFT),Posted,2026-05-26,5:50AM,,18:10:00,LBS,1415.0,1415.0,0.0,Plus Materials,,84.9,84.9,0.0,,,0,0,CARL,,2026-09-17T13:18:36,2026-09-17T13:18:36
15007,2026-05-22,Monroe Processing Warehouse,COMPLETED,SHREDDER/GRINDER (1ST SHIFT),Posted,2026-05-26,5:50AM,,18:10:00,LBS,5554.0,5554.0,0.0,Plus Materials,,594.3406,594.35,0.0,,,0,0,CARL,,2026-09-17T13:18:36,2026-09-17T13:18:36
15009,2026-05-22,Plus Monroe Warehouse,COMPLETED,AUTO-TIE BALER (2ND SHIFT),Posted,2026-05-26,5:50AM,,18:10:00,LBS,987.0,987.0,0.0,Plus Materials,,-29.61,-29.61,0.0,,,0,0,CARL,,2026-09-17T13:18:36,2026-09-17T13:18:36
15013,2026-05-22,Plus Monroe Warehouse,COMPLETED,EXTRUDER (2ND SHIFT),Posted,2026-05-26,5:51AM,,18:09:00,LBS,7936.0,7936.0,0.0,Plus Materials,,833.2838,833.28,0.0,,,0,0,CARL,,2026-09-17T13:18:36,2026-09-17T13:18:36
15015,2026-05-22,Plus Monroe Warehouse,COMPLETED,GUILLOTINE (2ND SHIFT),Posted,2026-05-26,5:51AM,,18:09:00,LBS,7263.0,7263.0,0.0,Plus Materials,,762.615,762.65,0.0,,,49,0,CARL,,2026-09-17T13:18:36,2026-09-17T13:18:36
15017,2026-05-22,Monroe Processing Warehouse,COMPLETED,SHREDDER/GRINDER (2ND SHIFT),Posted,2026-05-26,5:52AM,,18:08:00,LBS,1982.0,1982.0,0.0,Plus Materials,,212.0966,212.1,0.0,,,0,0,CARL,,2026-09-17T13:18:36,2026-09-17T13:18:36
15023,2026-05-22,Plus Monroe Warehouse,COMPLETED,EXTRUDER (3RD SHIFT),Posted,2026-05-26,5:53AM,,18:07:00,LBS,4612.0,4612.0,0.0,Plus Materials,,484.265,484.26,0.0,,,0,0,CARL,,2026-09-17T13:18:36,2026-09-17T13:18:36
15025,2026-05-22,Plus Monroe Warehouse,COMPLETED,GUILLOTINE (3RD SHIFT),Posted,2026-05-26,5:53AM,,18:07:00,LBS,8371.0,8371.0,0.0,Plus Materials,,878.9563,878.99,0.0,,,0,0,CARL,,2026-09-17T13:18:36,2026-09-17T13:18:36
15030,2026-05-22,Plus Ryder Midwest,COMPLETED,BOGUS,Posted,2026-05-22,6:08AM,,17:52:00,LBS,8500.0,8500.0,0.0,Plus Materials,,637.5,637.5,0.0,,,18,1,CARL,,2026-09-17T13:18:36,2026-09-17T13:18:36
15031,2026-05-22,Plus Ryder Midwest,COMPLETED,BOGUS,Posted,2026-05-22,6:10AM,,17:50:00,LBS,3400.0,3400.0,0.0,Plus Materials,,255.0,255.0,0.0,,,19,1,CARL,,2026-09-17T13:18:36,2026-09-17T13:18:36
15032,2026-05-22,Plus Ryder Midwest,COMPLETED,BOGUS,Posted,2026-05-22,6:12AM,,17:48:00,LBS,3400.0,3400.0,0.0,Plus Materials,,340.0,340.0,0.0,,,23,1,CARL,,2026-09-17T13:18:36,2026-09-17T13:18:36
15033,2026-05-26,Plus Monroe Warehouse,COMPLETED,AUTO-TIE BALER (1ST SHIFT),Posted,2026-05-27,5:02AM,,18:58:00,LBS,6502.0,6502.0,0.0,Plus Materials,,1073.3517,1073.36,0.0,,,14,4,CARL,,2026-09-17T13:18:36,2026-09-17T13:18:36
15037,2026-05-26,Plus Monroe Warehouse,COMPLETED,EXTRUDER (1ST SHIFT),Posted,2026-05-27,5:02AM,,18:58:00,LBS,1584.0,1584.0,0.0,Plus Materials,,158.4,158.4,0.0,,,0,0,CARL,,2026-09-17T13:18:36,2026-09-17T13:18:36
15039,2026-05-26,Plus Monroe Warehouse,COMPLETED,GUILLOTINE (1ST SHIFT),Posted,2026-05-27,5:03AM,,18:57:00,LBS,9612.0,9612.0,0.0,Plus Materials,,1009.26,1009.28,0.0,,,0,10,CARL,,2026-09-17T13:18:36,2026-09-17T13:18:36
15040,2026-05-26,Plus Monroe Warehouse,COMPLETED,SHREDDER (1ST SHIFT),Posted,2026-05-27,5:03AM,,18:57:00,LBS,775.0,775.0,0.0,Plus Materials,,35.6404,35.64,0.0,,,18,0,CARL,,2026-09-17T13:18:36,2026-09-17T13:18:36
15041,2026-05-26,Monroe Processing Warehouse,COMPLETED,SHREDDER/GRINDER (1ST SHIFT),Posted,2026-05-27,5:03AM,,18:57:00,LBS,4380.0,4380.0,0.0,Plus Materials,,463.267,463.28,0.0,,,39,0,CARL,,2026-09-17T13:18:36,2026-09-17T13:18:36
15043,2026-05-26,Plus Monroe Warehouse,COMPLETED,AUTO-TIE BALER (2ND SHIFT),Posted,2026-05-27,5:04AM,,18:56:00,LBS,7778.0,7778.0,0.0,Plus Materials,,213.895,213.91,0.0,,,0,0,CARL,,2026-09-17T13:18:36,2026-09-17T13:18:36
15047,2026-05-26,Plus Monroe Warehouse,COMPLETED,EXTRUDER (2ND SHIFT),Posted,2026-05-27,5:04AM,,18:56:00,LBS,7929.0,7929.0,0.0,Plus Materials,,832.545,832.56,0.0,,,0,0,CARL,,2026-09-17T13:18:36,2026-09-17T13:18:36
15049,2026-05-26,Plus Monroe Warehouse,COMPLETED,GUILLOTINE (2ND SHIFT),Posted,2026-05-27,5:05AM,,18:55:00,LBS,8990.0,8990.0,0.0,Plus Materials,,943.95,943.98,0.0,,,37,0,CARL,,2026-09-17T13:18:36,2026-09-17T13:18:36
15051,2026-05-26,Monroe Processing Warehouse,COMPLETED,SHREDDER/GRINDER (2ND SHIFT),Posted,2026-05-27,5:05AM,,18:55:00,LBS,3949.0,3949.0,0.0,Plus Materials,,417.6803,417.68,0.0,,,0,0,CARL,,2026-09-17T13:18:36,2026-09-17T13:18:36
15057,2026-05-26,Plus Monroe Warehouse,COMPLETED,EXTRUDER (3RD SHIFT),Posted,2026-05-27,5:06AM,,18:54:00,LBS,5168.0,5168.0,0.0,Plus Materials,,542.6357,542.64,0.0,,,0,0,CARL,,2026-09-17T13:18:36,2026-09-17T13:18:36
15064,2026-05-26,Plus Ryder Midwest,COMPLETED,BOGUS,Posted,2026-05-26,6:03AM,,17:57:00,LBS,5760.0,5760.0,0.0,Plus Materials,,0.0,0.0,0.0,,,0,1,CARL,,2026-09-17T13:18:36,2026-09-17T13:18:36
15065,2026-05-26,Plus Ryder Midwest,COMPLETED,BOGUS,Posted,2026-05-26,6:05AM,,17:55:00,LBS,12750.0,12750.0,0.0,Plus Materials,,956.25,956.25,0.0,,,29,1,CARL,,2026-09-17T13:18:36,2026-09-17T13:18:36
15066,2026-05-27,Plus Monroe Warehouse,COMPLETED,AUTO-TIE BALER (1ST SHIFT),Posted,2026-05-28,5:49AM,,18:11:00,LBS,4799.0,4799.0,0.0,Plus Materials,,897.4794,897.48,0.0,,,9,3,CARL,,2026-09-17T13:18:36,2026-09-17T13:18:36
15070,2026-05-27,Plus Monroe Warehouse,COMPLETED,EXTRUDER (1ST SHIFT),Posted,2026-05-28,5:50AM,,18:10:00,LBS,9918.0,9918.0,0.0,Plus Materials,,1041.39,1041.39,0.0,,,0,0,CARL,,2026-09-17T13:18:36,2026-09-17T13:18:36
15072,2026-05-27,Plus Monroe Warehouse,COMPLETED,GUILLOTINE (1ST SHIFT),Posted,2026-05-28,5:50AM,,18:10:00,LBS,9226.0,9226.0,0.0,Plus Materials,,968.73,968.74,0.0,,,0,6,CARL,,2026-09-17T13:18:36,2026-09-17T13:18:36
15073,2026-05-27,Plus Monroe Warehouse,COMPLETED,SHREDDER (1ST SHIFT),Posted,2026-05-28,5:51AM,,18:09:00,LBS,3735.0,3735.0,0.0,Plus Materials,,122.7002,122.7,0.0,,,16,0,CARL,,2026-09-17T13:18:36,2026-09-17T13:18:36
15074,2026-05-27,Monroe Processing Warehouse,COMPLETED,SHREDDER/GRINDER (1ST SHIFT),Posted,2026-05-28,5:51AM,,18:09:00,LBS,2301.0,2301.0,0.0,Plus Materials,,243.3737,243.37,0.0,,,0,0,CARL,,2026-09-17T13:18:36,2026-09-17T13:18:36
15076,2026-05-27,Plus Monroe Warehouse,COMPLETED,AUTO-TIE BALER (2ND SHIFT),Posted,2026-05-28,5:51AM,,18:09:00,LBS,6529.0,6529.0,0.0,Plus Materials,,253.0534,253.06,0.0,,,11,0,CARL,,2026-09-17T13:18:36,2026-09-17T13:18:36
15080,2026-05-27,Plus Monroe Warehouse,COMPLETED,EXTRUDER (2ND SHIFT),Posted,2026-05-28,5:52AM,,18:08:00,LBS,7629.0,7629.0,0.0,Plus Materials,,801.045,801.06,0.0,,,0,0,CARL,,2026-09-17T13:18:36,2026-09-17T13:18:36
15082,2026-05-27,Plus Monroe Warehouse,COMPLETED,GUILLOTINE (2ND SHIFT),Posted,2026-05-28,5:52AM,,18:08:00,LBS,9120.0,9120.0,0.0,Plus Materials,,1824.0,1824.0,0.0,,,14,0,CARL,,2026-09-17T13:18:36,2026-09-17T13:18:36
15090,2026-05-27,Plus Monroe Warehouse,COMPLETED,EXTRUDER (3RD SHIFT),Posted,2026-05-28,5:53AM,,18:07:00,LBS,6764.0,6764.0,0.0,Plus Materials,,1285.16,1285.16,0.0,,,32,0,CARL,,2026-09-17T13:18:36,2026-09-17T13:18:36
15092,2026-05-27,Plus Monroe Warehouse,COMPLETED,GUILLOTINE (3RD SHIFT),Posted,2026-05-28,5:54AM,,18:06:00,LBS,6772.0,6772.0,0.0,Plus Materials,,1286.68,1286.68,0.0,,,0,0,CARL,,2026-09-17T13:18:36,2026-09-17T13:18:36
15096,2026-05-27,PRN Southeast,COMPLETED,BALER,Posted,2026-05-28,5:54AM,,18:06:00,LBS,3455.0,4100.0,-645.0,Plus Materials,,168.42,341.17,172.75,,,8,2,CARL,,2026-09-17T13:18:36,2026-09-17T13:18:36
15097,2026-05-28,Plus Monroe Warehouse,COMPLETED,AUTO-TIE BALER (1ST SHIFT),Posted,2026-05-29,5:53AM,,18:07:00,LBS,3471.0,3471.0,0.0,Plus Materials,,181.2844,181.29,0.0,,,4,3,CARL,,2026-09-17T13:18:36,2026-09-17T13:18:36
15101,2026-05-28,Plus Monroe Warehouse,COMPLETED,EXTRUDER (1ST SHIFT),Posted,2026-05-29,5:53AM,,18:07:00,LBS,9534.0,9534.0,0.0,Plus Materials,,1811.46,1811.46,0.0,,,0,0,CARL,,2026-09-17T13:18:36,2026-09-17T13:18:36
15103,2026-05-28,Plus Monroe Warehouse,COMPLETED,GUILLOTINE (1ST SHIFT),Posted,2026-05-29,5:54AM,,18:06:00,LBS,8444.0,8444.0,0.0,Plus Materials,,1604.36,1604.36,0.0,,,0,0,CARL,,2026-09-17T13:18:36,2026-09-17T13:18:36
15104,2026-05-28,Plus Monroe Warehouse,COMPLETED,SHREDDER (1ST SHIFT),Posted,2026-05-29,5:54AM,,18:06:00,LBS,4630.0,4630.0,0.0,Plus Materials,,232.2412,232.24,0.0,,,13,0,CARL,,2026-09-17T13:18:36,2026-09-17T13:18:36
15107,2026-05-28,Plus Monroe Warehouse,COMPLETED,AUTO-TIE BALER (2ND SHIFT),Posted,2026-05-29,5:54AM,,18:06:00,LBS,2460.0,2460.0,0.0,Plus Materials,,115.5007,115.5,0.0,,,8,0,CARL,,2026-09-17T13:18:36,2026-09-17T13:18:36
15111,2026-05-28,Plus Monroe Warehouse,COMPLETED,EXTRUDER (2ND SHIFT),Posted,2026-05-29,5:55AM,,18:05:00,LBS,7995.0,7995.0,0.0,Plus Materials,,1519.05,1519.05,0.0,,,0,0,CARL,,2026-09-17T13:18:36,2026-09-17T13:18:36
15113,2026-05-28,Plus Monroe Warehouse,COMPLETED,GUILLOTINE (2ND SHIFT),Posted,2026-05-29,5:55AM,,18:05:00,LBS,8960.0,8960.0,0.0,Plus Materials,,1653.592,1653.61,0.0,,,20,0,CARL,,2026-09-17T13:18:36,2026-09-17T13:18:36
15121,2026-05-28,Plus Monroe Warehouse,COMPLETED,EXTRUDER (3RD SHIFT),Posted,2026-05-29,5:57AM,,18:03:00,LBS,4952.0,4952.0,0.0,Plus Materials,,891.36,891.36,0.0,,,3,0,CARL,,2026-09-17T13:18:36,2026-09-17T13:18:36
15128,2026-05-29,Plus Ryder Midwest,COMPLETED,BOGUS,Posted,2026-05-29,5:25AM,,18:35:00,LBS,9350.0,9350.0,0.0,Plus Materials,,701.25,701.25,0.0,,,22,1,CARL,,2026-09-17T13:18:36,2026-09-17T13:18:36
15129,2026-05-29,Plus Monroe Warehouse,COMPLETED,AUTO-TIE BALER (1ST SHIFT),Posted,2026-06-01,5:48AM,,18:12:00,LBS,5425.0,5425.0,0.0,Plus Materials,,981.0187,981.02,0.0,,,7,4,CARL,,2026-09-17T13:18:36,2026-09-17T13:18:36
15133,2026-05-29,Plus Monroe Warehouse,COMPLETED,EXTRUDER (1ST SHIFT),Posted,2026-06-01,5:48AM,,18:12:00,LBS,5000.0,5000.0,0.0,Plus Materials,,922.7643,922.76,0.0,,,0,0,CARL,,2026-09-17T13:18:36,2026-09-17T13:18:36
15135,2026-05-29,Plus Monroe Warehouse,COMPLETED,GUILLOTINE (1ST SHIFT),Posted,2026-06-01,5:49AM,,18:11:00,LBS,8971.0,8971.0,0.0,Plus Materials,,1591.3248,1591.32,0.0,,,20,0,CARL,,2026-09-17T13:18:36,2026-09-17T13:18:36
15136,2026-05-29,Plus Monroe Warehouse,COMPLETED,SHREDDER (1ST SHIFT),Posted,2026-06-01,5:49AM,,18:11:00,LBS,5465.0,5465.0,0.0,Plus Materials,,273.0729,273.07,0.0,,,24,0,CARL,,2026-09-17T13:18:36,2026-09-17T13:18:36
15139,2026-05-29,Plus Monroe Warehouse,COMPLETED,AUTO-TIE BALER (2ND SHIFT),Posted,2026-06-01,5:50AM,,18:10:00,LBS,7237.0,7237.0,0.0,Plus Materials,,199.015,199.01,0.0,,,27,0,CARL,,2026-09-17T13:18:36,2026-09-17T13:18:36
15143,2026-05-29,Plus Monroe Warehouse,COMPLETED,EXTRUDER (2ND SHIFT),Posted,2026-06-01,5:50AM,,18:10:00,LBS,6349.0,6349.0,0.0,Plus Materials,,1126.2225,1126.23,0.0,,,0,0,CARL,,2026-09-17T13:18:36,2026-09-17T13:18:36
15145,2026-05-29,Plus Monroe Warehouse,COMPLETED,GUILLOTINE (2ND SHIFT),Posted,2026-06-01,5:51AM,,18:09:00,LBS,12795.0,12795.0,0.0,Plus Materials,,1902.8682,1902.87,0.0,,,38,0,CARL,,2026-09-17T13:18:36,2026-09-17T13:18:36
15153,2026-05-29,Plus Monroe Warehouse,COMPLETED,EXTRUDER (3RD SHIFT),Posted,2026-06-01,5:52AM,,18:08:00,LBS,6780.0,6780.0,0.0,Plus Materials,,1202.6684,1202.67,0.0,,,0,0,CARL,,2026-09-17T13:18:36,2026-09-17T13:18:36
15155,2026-05-29,Plus Monroe Warehouse,COMPLETED,GUILLOTINE (3RD SHIFT),Posted,2026-06-01,5:53AM,,18:07:00,LBS,6578.0,6578.0,0.0,Plus Materials,,978.2775,978.28,0.0,,,0,0,CARL,,2026-09-17T13:18:36,2026-09-17T13:18:36
15160,2026-06-01,Plus Monroe Warehouse,COMPLETED,AUTO-TIE BALER (1ST SHIFT),Posted,2026-06-02,5:10AM,,18:50:00,LBS,4427.0,4427.0,0.0,Plus Materials,,820.5881,820.58,0.0,,,1,3,CARL,,2026-09-17T13:18:36,2026-09-17T13:18:36
15164,2026-06-01,Plus Monroe Warehouse,COMPLETED,EXTRUDER (1ST SHIFT),Posted,2026-06-02,5:11AM,,18:49:00,LBS,7340.0,7340.0,0.0,Plus Materials,,1091.6009,1091.61,0.0,,,0,0,CARL,,2026-09-17T13:18:36,2026-09-17T13:18:36
15166,2026-06-01,Plus Monroe Warehouse,COMPLETED,GUILLOTINE (1ST SHIFT),Posted,2026-06-02,5:11AM,,18:49:00,LBS,12257.0,12257.0,0.0,Plus Materials,,1828.3092,1828.31,0.0,,,33,0,CARL,,2026-09-17T13:18:36,2026-09-17T13:18:36
15167,2026-06-01,Plus Monroe Warehouse,COMPLETED,SHREDDER (1ST SHIFT),Posted,2026-06-02,5:12AM,,18:48:00,LBS,7335.0,7335.0,0.0,Plus Materials,,407.0615,407.07,0.0,,,36,0,CARL,,2026-09-17T13:18:36,2026-09-17T13:18:36
15170,2026-06-01,Plus Monroe Warehouse,COMPLETED,AUTO-TIE BALER (2ND SHIFT),Posted,2026-06-02,5:12AM,,18:48:00,LBS,4641.0,4641.0,0.0,Plus Materials,,127.6275,127.64,0.0,,,14,0,CARL,,2026-09-17T13:18:36,2026-09-17T13:18:36
15174,2026-06-01,Plus Monroe Warehouse,COMPLETED,EXTRUDER (2ND SHIFT),Posted,2026-06-02,5:13AM,,18:47:00,LBS,6493.0,6493.0,0.0,Plus Materials,,965.636,965.64,0.0,,,0,0,CARL,,2026-09-17T13:18:36,2026-09-17T13:18:36
15176,2026-06-01,Plus Monroe Warehouse,COMPLETED,GUILLOTINE (2ND SHIFT),Posted,2026-06-02,5:13AM,,18:47:00,LBS,8212.0,8212.0,0.0,Plus Materials,,1224.9385,1224.94,0.0,,,0,0,CARL,,2026-09-17T13:18:36,2026-09-17T13:18:36
15184,2026-06-01,Plus Monroe Warehouse,COMPLETED,EXTRUDER (3RD SHIFT),Posted,2026-06-02,5:14AM,,18:46:00,LBS,6560.0,6560.0,0.0,Plus Materials,,978.5183,978.52,0.0,,,0,0,CARL,,2026-09-17T13:18:36,2026-09-17T13:18:36
15186,2026-06-01,Plus Monroe Warehouse,COMPLETED,GUILLOTINE (3RD SHIFT),Posted,2026-06-02,5:15AM,,18:45:00,LBS,6063.0,6063.0,0.0,Plus Materials,,1118.9385,1118.93,0.0,,,0,0,CARL,,2026-09-17T13:18:36,2026-09-17T13:18:36
15190,2026-06-01,PRN Southeast,COMPLETED,BALER,Posted,2026-06-02,5:15AM,,18:45:00,LBS,2050.0,2696.0,-646.0,Plus Materials,,8.6,111.1,102.5,,,3,3,CARL,,2026-09-17T13:18:36,2026-09-17T13:18:36
15191,2026-06-01,Plus Ryder Midwest,COMPLETED,BOGUS,Posted,2026-06-01,11:36AM,,12:24:00,LBS,3200.0,3200.0,0.0,Plus Materials,,640.0,640.0,0.0,,,44,1,CARL,,2026-09-17T13:18:36,2026-09-17T13:18:36
15192,2026-06-02,Plus Monroe Warehouse,COMPLETED,AUTO-TIE BALER (1ST SHIFT),Posted,2026-06-03,5:53AM,,18:07:00,LBS,8664.0,8664.0,0.0,Plus Materials,,2023.9908,2023.99,0.0,,,7,6,CARL,,2026-09-17T13:18:36,2026-09-17T13:18:36
15196,2026-06-02,Plus Monroe Warehouse,COMPLETED,EXTRUDER (1ST SHIFT),Posted,2026-06-03,5:53AM,,18:07:00,LBS,8656.0,8656.0,0.0,Plus Materials,,1291.1655,1291.16,0.0,,,0,0,CARL,,2026-09-17T13:18:36,2026-09-17T13:18:36
15198,2026-06-02,Plus Monroe Warehouse,COMPLETED,GUILLOTINE (1ST SHIFT),Posted,2026-06-03,5:54AM,,18:06:00,LBS,10566.0,10566.0,0.0,Plus Materials,,1097.1773,1097.16,0.0,,,36,0,CARL,,2026-09-17T13:18:36,2026-09-17T13:18:36
15199,2026-06-02,Plus Monroe Warehouse,COMPLETED,SHREDDER (1ST SHIFT),Posted,2026-06-03,5:54AM,,18:06:00,LBS,5831.0,5831.0,0.0,Plus Materials,,786.2634,786.26,0.0,,,0,0,CARL,,2026-09-17T13:18:36,2026-09-17T13:18:36
15202,2026-06-02,Plus Monroe Warehouse,COMPLETED,AUTO-TIE BALER (2ND SHIFT),Posted,2026-06-03,5:54AM,,18:06:00,LBS,8100.0,8100.0,0.0,Plus Materials,,0.0,0.0,0.0,,,13,0,CARL,,2026-09-17T13:18:36,2026-09-17T13:18:36
15206,2026-06-02,Plus Monroe Warehouse,COMPLETED,EXTRUDER (2ND SHIFT),Posted,2026-06-03,5:55AM,,18:05:00,LBS,6112.0,6112.0,0.0,Plus Materials,,902.787,902.77,0.0,,,0,0,CARL,,2026-09-17T13:18:36,2026-09-17T13:18:36
15208,2026-06-02,Plus Monroe Warehouse,COMPLETED,GUILLOTINE (2ND SHIFT),Posted,2026-06-03,5:55AM,,18:05:00,LBS,9972.0,9972.0,0.0,Plus Materials,,1274.1051,1274.1,0.0,,,3,0,CARL,,2026-09-17T13:18:36,2026-09-17T13:18:36
15216,2026-06-02,Plus Monroe Warehouse,COMPLETED,EXTRUDER (3RD SHIFT),Posted,2026-06-03,5:57AM,,18:03:00,LBS,6042.0,6042.0,0.0,Plus Materials,,892.4475,892.45,0.0,,,0,0,CARL,,2026-09-17T13:18:36,2026-09-17T13:18:36
15218,2026-06-02,Plus Monroe Warehouse,COMPLETED,GUILLOTINE (3RD SHIFT),Posted,2026-06-03,5:57AM,,18:03:00,LBS,6098.0,6098.0,0.0,Plus Materials,,900.7177,900.73,0.0,,,0,0,CARL,,2026-09-17T13:18:36,2026-09-17T13:18:36
15223,2026-06-03,Plus Monroe Warehouse,COMPLETED,AUTO-TIE BALER (1ST SHIFT),Posted,2026-06-04,5:58AM,,18:02:00,LBS,5239.0,5239.0,0.0,Plus Materials,,-0.916,-0.92,0.0,,,0,4,CARL,,2026-09-17T13:18:36,2026-09-17T13:18:36
15227,2026-06-03,Plus Monroe Warehouse,COMPLETED,EXTRUDER (1ST SHIFT),Posted,2026-06-04,5:59AM,,18:01:00,LBS,10925.0,10925.0,0.0,Plus Materials,,1615.9942,1615.99,0.0,,,38,0,CARL,,2026-09-17T13:18:36,2026-09-17T13:18:36
15229,2026-06-03,Plus Monroe Warehouse,COMPLETED,GUILLOTINE (1ST SHIFT),Posted,2026-06-04,5:59AM,,18:01:00,LBS,11540.0,11540.0,0.0,Plus Materials,,1508.5846,1508.58,0.0,,,5,0,CARL,,2026-09-17T13:18:36,2026-09-17T13:18:36
15230,2026-06-03,Plus Monroe Warehouse,COMPLETED,SHREDDER (1ST SHIFT),Posted,2026-06-04,5:59AM,,18:01:00,LBS,1567.0,1567.0,0.0,Plus Materials,,0.0,0.0,0.0,,,0,0,CARL,,2026-09-17T13:18:36,2026-09-17T13:18:36
15231,2026-06-03,Monroe Processing Warehouse,COMPLETED,SHREDDER/GRINDER (1ST SHIFT),Posted,2026-06-04,5:59AM,,18:01:00,LBS,1578.0,1578.0,0.0,Plus Materials,,157.8,157.8,0.0,,,0,0,CARL,,2026-09-17T13:18:36,2026-09-17T13:18:36
15233,2026-06-03,Plus Monroe Warehouse,COMPLETED,AUTO-TIE BALER (2ND SHIFT),Posted,2026-06-04,6:00AM,,18:00:00,LBS,5559.0,5559.0,0.0,Plus Materials,,-212.9465,-212.94,0.0,,,53,0,CARL,,2026-09-17T13:18:36,2026-09-17T13:18:36
15237,2026-06-03,Plus Monroe Warehouse,COMPLETED,EXTRUDER (2ND SHIFT),Posted,2026-06-04,6:01AM,,17:59:00,LBS,6480.0,6480.0,0.0,Plus Materials,,958.5018,958.51,0.0,,,0,0,CARL,,2026-09-17T13:18:36,2026-09-17T13:18:36
15239,2026-06-03,Plus Monroe Warehouse,COMPLETED,GUILLOTINE (2ND SHIFT),Posted,2026-06-04,6:01AM,,17:59:00,LBS,9293.0,9293.0,0.0,Plus Materials,,1207.2192,1207.21,0.0,,,0,0,CARL,,2026-09-17T13:18:36,2026-09-17T13:18:36
15241,2026-06-03,Monroe Processing Warehouse,COMPLETED,SHREDDER/GRINDER (2ND SHIFT),Posted,2026-06-04,6:01AM,,17:59:00,LBS,2469.0,2469.0,0.0,Plus Materials,,246.9,246.9,0.0,,,0,0,CARL,,2026-09-17T13:18:36,2026-09-17T13:18:36
15247,2026-06-03,Plus Monroe Warehouse,COMPLETED,EXTRUDER (3RD SHIFT),Posted,2026-06-04,6:03AM,,17:57:00,LBS,6588.0,6588.0,0.0,Plus Materials,,974.477,974.48,0.0,,,0,0,CARL,,2026-09-17T13:18:36,2026-09-17T13:18:36
15249,2026-06-03,Plus Monroe Warehouse,COMPLETED,GUILLOTINE (3RD SHIFT),Posted,2026-06-04,6:03AM,,17:57:00,LBS,6759.0,6759.0,0.0,Plus Materials,,1004.5224,1004.53,0.0,,,35,0,CARL,,2026-09-17T13:18:36,2026-09-17T13:18:36
15254,2026-06-04,Plus Monroe Warehouse,COMPLETED,AUTO-TIE BALER (1ST SHIFT),Posted,2026-06-05,5:52AM,,18:08:00,LBS,4585.0,4585.0,0.0,Plus Materials,,-13.01,-13.0,0.0,,,14,4,CARL,,2026-09-17T13:18:36,2026-09-17T13:18:36
15258,2026-06-04,Plus Monroe Warehouse,COMPLETED,EXTRUDER (1ST SHIFT),Posted,2026-06-05,5:53AM,,18:07:00,LBS,7926.0,7926.0,0.0,Plus Materials,,1177.9626,1177.97,0.0,,,0,0,CARL,,2026-09-17T13:18:36,2026-09-17T13:18:36
15259,2026-06-04,Plus Monroe Warehouse,COMPLETED,GREEN MAX (NEW) (1ST SHIFT),Posted,2026-06-05,5:53AM,,18:07:00,LBS,541.0,541.0,0.0,Plus Materials,,0.0,0.0,0.0,,,0,0,CARL,,2026-09-17T13:18:36,2026-09-17T13:18:36
15260,2026-06-04,Plus Monroe Warehouse,COMPLETED,GUILLOTINE (1ST SHIFT),Posted,2026-06-05,5:53AM,,18:07:00,LBS,6166.0,6166.0,0.0,Plus Materials,,616.6,616.6,0.0,,,0,0,CARL,,2026-09-17T13:18:36,2026-09-17T13:18:36
15261,2026-06-04,Plus Monroe Warehouse,COMPLETED,SHREDDER (1ST SHIFT),Posted,2026-06-05,5:53AM,,18:07:00,LBS,1428.0,1428.0,0.0,Plus Materials,,161.4486,161.45,0.0,,,0,0,CARL,,2026-09-17T13:18:36,2026-09-17T13:18:36
15262,2026-06-04,Monroe Processing Warehouse,COMPLETED,SHREDDER/GRINDER (1ST SHIFT),Posted,2026-06-05,5:53AM,,18:07:00,LBS,5089.0,5089.0,0.0,Plus Materials,,508.9,508.9,0.0,,,0,0,CARL,,2026-09-17T13:18:36,2026-09-17T13:18:36
15264,2026-06-04,Plus Monroe Warehouse,COMPLETED,AUTO-TIE BALER (2ND SHIFT),Posted,2026-06-05,5:54AM,,18:06:00,LBS,5796.0,5796.0,0.0,Plus Materials,,0.0,0.0,0.0,,,3,0,CARL,,2026-09-17T13:18:36,2026-09-17T13:18:36
15268,2026-06-04,Plus Monroe Warehouse,COMPLETED,EXTRUDER (2ND SHIFT),Posted,2026-06-05,5:54AM,,18:06:00,LBS,2838.0,2838.0,0.0,Plus Materials,,283.8,283.8,0.0,,,0,0,CARL,,2026-09-17T13:18:36,2026-09-17T13:18:36
15270,2026-06-04,Plus Monroe Warehouse,COMPLETED,GUILLOTINE (2ND SHIFT),Posted,2026-06-05,5:55AM,,18:05:00,LBS,8853.0,8853.0,0.0,Plus Materials,,1193.3573,1193.34,0.0,,,0,0,CARL,,2026-09-17T13:18:36,2026-09-17T13:18:36
15272,2026-06-04,Monroe Processing Warehouse,COMPLETED,SHREDDER/GRINDER (2ND SHIFT),Posted,2026-06-05,5:55AM,,18:05:00,LBS,2415.0,2415.0,0.0,Plus Materials,,241.5,241.5,0.0,,,0,0,CARL,,2026-09-17T13:18:36,2026-09-17T13:18:36
15278,2026-06-04,Plus Monroe Warehouse,COMPLETED,EXTRUDER (3RD SHIFT),Posted,2026-06-05,5:56AM,,18:04:00,LBS,6154.0,6154.0,0.0,Plus Materials,,914.6076,914.6,0.0,,,0,0,CARL,,2026-09-17T13:18:36,2026-09-17T13:18:36
15280,2026-06-04,Plus Monroe Warehouse,COMPLETED,GUILLOTINE (3RD SHIFT),Posted,2026-06-05,5:57AM,,18:03:00,LBS,6805.0,6805.0,0.0,Plus Materials,,1011.3578,1011.36,0.0,,,0,0,CARL,,2026-09-17T13:18:36,2026-09-17T13:18:36
15285,2026-06-04,Plus Ryder Midwest,COMPLETED,BOGUS,Posted,2026-06-04,6:05AM,,17:55:00,LBS,8913.0,8913.0,0.0,Plus Materials,,780.7837,780.78,0.0,,,17,1,CARL,,2026-09-17T13:18:36,2026-09-17T13:18:36
15286,2026-06-04,Plus Ryder Midwest,COMPLETED,BOGUS,Posted,2026-06-04,2:26PM,,09:34:00,LBS,22733.0,22733.0,0.0,Plus Materials,,2500.63,2500.63,0.0,,,14,1,CARL,,2026-09-17T13:18:36,2026-09-17T13:18:36
15287,2026-06-04,Plus Ryder Midwest,COMPLETED,BOGUS,Posted,2026-06-04,2:30PM,,09:30:00,LBS,7941.0,7941.0,0.0,Plus Materials,,615.4275,615.43,0.0,,,34,1,CARL,,2026-09-17T13:18:36,2026-09-17T13:18:36
15288,2026-06-05,Plus Monroe Warehouse,COMPLETED,AUTO-TIE BALER (1ST SHIFT),Posted,2026-06-08,5:46AM,,18:14:00,LBS,4549.0,4549.0,0.0,Plus Materials,,0.0,0.0,0.0,,,16,4,CARL,,2026-09-17T13:18:36,2026-09-17T13:18:36
15292,2026-06-05,Plus Monroe Warehouse,COMPLETED,EXTRUDER (1ST SHIFT),Posted,2026-06-08,5:47AM,,18:13:00,LBS,7265.0,7265.0,0.0,Plus Materials,,1158.5662,1158.58,0.0,,,25,0,CARL,,2026-09-17T13:18:36,2026-09-17T13:18:36
15293,2026-06-05,Plus Monroe Warehouse,COMPLETED,GREEN MAX (NEW) (1ST SHIFT),Posted,2026-06-08,5:47AM,,18:13:00,LBS,527.0,527.0,0.0,Plus Materials,,0.0,0.0,0.0,,,0,0,CARL,,2026-09-17T13:18:36,2026-09-17T13:18:36
15294,2026-06-05,Plus Monroe Warehouse,COMPLETED,GUILLOTINE (1ST SHIFT),Posted,2026-06-08,5:47AM,,18:13:00,LBS,7318.0,7318.0,0.0,Plus Materials,,731.8,731.8,0.0,,,0,0,CARL,,2026-09-17T13:18:36,2026-09-17T13:18:36
15295,2026-06-05,Plus Monroe Warehouse,COMPLETED,SHREDDER (1ST SHIFT),Posted,2026-06-08,5:47AM,,18:13:00,LBS,878.0,878.0,0.0,Plus Materials,,32.0843,32.08,0.0,,,0,0,CARL,,2026-09-17T13:18:36,2026-09-17T13:18:36
15296,2026-06-05,Monroe Processing Warehouse,COMPLETED,SHREDDER/GRINDER (1ST SHIFT),Posted,2026-06-08,5:47AM,,18:13:00,LBS,4402.0,4402.0,0.0,Plus Materials,,440.2,440.2,0.0,,,0,0,CARL,,2026-09-17T13:18:36,2026-09-17T13:18:36
15298,2026-06-05,Plus Monroe Warehouse,COMPLETED,AUTO-TIE BALER (2ND SHIFT),Posted,2026-06-08,5:48AM,,18:12:00,LBS,2165.0,2165.0,0.0,Plus Materials,,0.0,0.0,0.0,,,3,0,CARL,,2026-09-17T13:18:36,2026-09-17T13:18:36
15302,2026-06-05,Plus Monroe Warehouse,COMPLETED,EXTRUDER (2ND SHIFT),Posted,2026-06-08,5:48AM,,18:12:00,LBS,3202.0,3202.0,0.0,Plus Materials,,128.08,128.08,0.0,,,0,0,CARL,,2026-09-17T13:18:36,2026-09-17T13:18:36
15304,2026-06-05,Plus Monroe Warehouse,COMPLETED,GUILLOTINE (2ND SHIFT),Posted,2026-06-08,5:49AM,,18:11:00,LBS,8327.0,8327.0,0.0,Plus Materials,,491.64,491.62,0.0,,,12,0,CARL,,2026-09-17T13:18:36,2026-09-17T13:18:36
15312,2026-06-05,Plus Monroe Warehouse,COMPLETED,EXTRUDER (3RD SHIFT),Posted,2026-06-08,5:50AM,,18:10:00,LBS,5003.0,5003.0,0.0,Plus Materials,,600.36,600.36,0.0,,,200,0,CARL,,2026-09-17T13:18:36,2026-09-17T13:18:36
15314,2026-06-05,Plus Monroe Warehouse,COMPLETED,GUILLOTINE (3RD SHIFT),Posted,2026-06-08,5:51AM,,18:09:00,LBS,6261.0,6261.0,0.0,Plus Materials,,751.32,751.32,0.0,,,0,0,CARL,,2026-09-17T13:18:36,2026-09-17T13:18:36
15319,2026-06-08,Plus Monroe Warehouse,COMPLETED,AUTO-TIE BALER (1ST SHIFT),Posted,2026-06-09,5:07AM,,18:53:00,LBS,6310.0,6310.0,0.0,Plus Materials,,0.0,0.0,0.0,,,63,6,CARL,,2026-09-17T13:18:36,2026-09-17T13:18:36
15323,2026-06-08,Plus Monroe Warehouse,COMPLETED,EXTRUDER (1ST SHIFT),Posted,2026-06-09,5:08AM,,18:52:00,LBS,6434.0,6434.0,0.0,Plus Materials,,772.08,772.08,0.0,,,0,0,CARL,,2026-09-17T13:18:36,2026-09-17T13:18:36
15325,2026-06-08,Plus Monroe Warehouse,COMPLETED,GUILLOTINE (1ST SHIFT),Posted,2026-06-09,5:08AM,,18:52:00,LBS,5139.0,5139.0,0.0,Plus Materials,,288.6296,288.63,0.0,,,0,1,CARL,,2026-09-17T13:18:36,2026-09-17T13:18:36
15326,2026-06-08,Plus Monroe Warehouse,COMPLETED,SHREDDER (1ST SHIFT),Posted,2026-06-09,5:08AM,,18:52:00,LBS,2534.0,2534.0,0.0,Plus Materials,,253.4,253.4,0.0,,,0,0,CARL,,2026-09-17T13:18:36,2026-09-17T13:18:36
15327,2026-06-08,Monroe Processing Warehouse,COMPLETED,SHREDDER/GRINDER (1ST SHIFT),Posted,2026-06-09,5:09AM,,18:51:00,LBS,4749.0,4749.0,0.0,Plus Materials,,327.3,327.3,0.0,,,0,0,CARL,,2026-09-17T13:18:36,2026-09-17T13:18:36
15329,2026-06-08,Plus Monroe Warehouse,COMPLETED,AUTO-TIE BALER (2ND SHIFT),Posted,2026-06-09,5:09AM,,18:51:00,LBS,8225.0,8542.0,-317.0,Plus Materials,,0.0,0.0,0.0,,,0,0,CARL,,2026-09-17T13:18:36,2026-09-17T13:18:36
15333,2026-06-08,Plus Monroe Warehouse,COMPLETED,EXTRUDER (2ND SHIFT),Posted,2026-06-09,5:10AM,,18:50:00,LBS,6333.0,6333.0,0.0,Plus Materials,,1009.937,1009.95,0.0,,,0,0,CARL,,2026-09-17T13:18:36,2026-09-17T13:18:36
15335,2026-06-08,Plus Monroe Warehouse,COMPLETED,GUILLOTINE (2ND SHIFT),Posted,2026-06-09,5:10AM,,18:50:00,LBS,9425.0,9425.0,0.0,Plus Materials,,1503.0288,1503.03,0.0,,,0,0,CARL,,2026-09-17T13:18:36,2026-09-17T13:18:36
15343,2026-06-08,Plus Monroe Warehouse,COMPLETED,EXTRUDER (3RD SHIFT),Posted,2026-06-09,5:11AM,,18:49:00,LBS,5032.0,5032.0,0.0,Plus Materials,,743.2696,743.27,0.0,,,0,0,CARL,,2026-09-17T13:18:36,2026-09-17T13:18:36
15345,2026-06-08,Plus Monroe Warehouse,COMPLETED,GUILLOTINE (3RD SHIFT),Posted,2026-06-09,5:12AM,,18:48:00,LBS,6447.0,6447.0,0.0,Plus Materials,,1028.1185,1028.11,0.0,,,0,0,CARL,,2026-09-17T13:18:36,2026-09-17T13:18:36
15349,2026-06-08,PRN Southeast,COMPLETED,BALER,Posted,2026-06-09,5:12AM,,18:48:00,LBS,5463.0,9090.0,-3627.0,Plus Materials,,255.7,528.85,273.15,,,25,6,CARL,,2026-09-17T13:18:36,2026-09-17T13:18:36
15350,2026-06-09,Plus Monroe Warehouse,COMPLETED,AUTO-TIE BALER (1ST SHIFT),Posted,2026-06-10,5:52AM,,18:08:00,LBS,2664.0,2664.0,0.0,Plus Materials,,106.56,106.56,0.0,,,8,2,CARL,,2026-09-17T13:18:36,2026-09-17T13:18:36
15354,2026-06-09,Plus Monroe Warehouse,COMPLETED,EXTRUDER (1ST SHIFT),Posted,2026-06-10,5:53AM,,18:07:00,LBS,8518.0,8518.0,0.0,Plus Materials,,1423.9084,1423.91,0.0,,,24,0,CARL,,2026-09-17T13:18:36,2026-09-17T13:18:36
15355,2026-06-09,Plus Monroe Warehouse,COMPLETED,GREEN MAX (NEW) (1ST SHIFT),Posted,2026-06-10,5:53AM,,18:07:00,LBS,700.0,700.0,0.0,Plus Materials,,0.0,0.0,0.0,,,0,0,CARL,,2026-09-17T13:18:36,2026-09-17T13:18:36
15356,2026-06-09,Plus Monroe Warehouse,COMPLETED,GUILLOTINE (1ST SHIFT),Posted,2026-06-10,5:53AM,,18:07:00,LBS,5920.0,5920.0,0.0,Plus Materials,,989.6141,989.62,0.0,,,0,0,CARL,,2026-09-17T13:18:36,2026-09-17T13:18:36
15357,2026-06-09,Plus Monroe Warehouse,COMPLETED,SHREDDER (1ST SHIFT),Posted,2026-06-10,5:53AM,,18:07:00,LBS,3559.0,3559.0,0.0,Plus Materials,,413.3456,413.34,0.0,,,6,0,CARL,,2026-09-17T13:18:36,2026-09-17T13:18:36
15358,2026-06-09,Monroe Processing Warehouse,COMPLETED,SHREDDER/GRINDER (1ST SHIFT),Posted,2026-06-10,5:53AM,,18:07:00,LBS,5039.0,5039.0,0.0,Plus Materials,,0.0,0.0,0.0,,,0,0,CARL,,2026-09-17T13:18:36,2026-09-17T13:18:36
15360,2026-06-09,Plus Monroe Warehouse,COMPLETED,AUTO-TIE BALER (2ND SHIFT),Posted,2026-06-10,5:54AM,,18:06:00,LBS,2192.0,2192.0,0.0,Plus Materials,,237.6853,237.69,0.0,,,1,0,CARL,,2026-09-17T13:18:36,2026-09-17T13:18:36
15364,2026-06-09,Plus Monroe Warehouse,COMPLETED,EXTRUDER (2ND SHIFT),Posted,2026-06-10,5:54AM,,18:06:00,LBS,6472.0,6472.0,0.0,Plus Materials,,1081.8912,1081.9,0.0,,,0,0,CARL,,2026-09-17T13:18:36,2026-09-17T13:18:36
15366,2026-06-09,Plus Monroe Warehouse,COMPLETED,GUILLOTINE (2ND SHIFT),Posted,2026-06-10,5:55AM,,18:05:00,LBS,8730.0,8730.0,0.0,Plus Materials,,87.3,87.3,0.0,,,40,0,CARL,,2026-09-17T13:18:36,2026-09-17T13:18:36
15368,2026-06-09,Monroe Processing Warehouse,COMPLETED,SHREDDER/GRINDER (2ND SHIFT),Posted,2026-06-10,5:55AM,,18:05:00,LBS,8472.0,8472.0,0.0,Plus Materials,,423.6,423.6,0.0,,,0,0,CARL,,2026-09-17T13:18:36,2026-09-17T13:18:36
15374,2026-06-09,Plus Monroe Warehouse,COMPLETED,EXTRUDER (3RD SHIFT),Posted,2026-06-10,5:56AM,,18:04:00,LBS,6356.0,6356.0,0.0,Plus Materials,,762.72,762.72,0.0,,,10,0,CARL,,2026-09-17T13:18:36,2026-09-17T13:18:36
15380,2026-06-09,PRN Southeast,COMPLETED,BALER,Posted,2026-06-10,5:57AM,,18:03:00,LBS,819.0,7465.0,-6646.0,Plus Materials,,31.7,72.64,40.95,,,3,6,CARL,,2026-09-17T13:18:36,2026-09-17T13:18:36
15381,2026-06-09,Plus Ryder Midwest,COMPLETED,BOGUS,Posted,2026-06-09,11:55AM,,12:05:00,LBS,3626.0,3626.0,0.0,Plus Materials,,688.94,688.94,0.0,,,39,1,CARL,,2026-09-17T13:18:36,2026-09-17T13:18:36
15382,2026-06-09,Plus Ryder Midwest,COMPLETED,BOGUS,Posted,2026-06-09,11:56AM,,12:04:00,LBS,1730.0,1730.0,0.0,Plus Materials,,306.6979,306.7,0.0,,,19,1,CARL,,2026-09-17T13:18:36,2026-09-17T13:18:36
15383,2026-06-10,Plus Monroe Warehouse,COMPLETED,AUTO-TIE BALER (1ST SHIFT),Posted,2026-06-11,5:49AM,,18:11:00,LBS,3284.0,3284.0,0.0,Plus Materials,,449.0203,449.02,0.0,,,0,2,CARL,,2026-09-17T13:18:36,2026-09-17T13:18:36
15387,2026-06-10,Plus Monroe Warehouse,COMPLETED,EXTRUDER (1ST SHIFT),Posted,2026-06-11,5:49AM,,18:11:00,LBS,8900.0,8900.0,0.0,Plus Materials,,89.0,89.0,0.0,,,137,0,CARL,,2026-09-17T13:18:36,2026-09-17T13:18:36
15388,2026-06-10,Plus Monroe Warehouse,COMPLETED,GREEN MAX (NEW) (1ST SHIFT),Posted,2026-06-11,5:49AM,,18:11:00,LBS,745.0,745.0,0.0,Plus Materials,,0.0,0.0,0.0,,,0,0,CARL,,2026-09-17T13:18:36,2026-09-17T13:18:36
15389,2026-06-10,Plus Monroe Warehouse,COMPLETED,GUILLOTINE (1ST SHIFT),Posted,2026-06-11,5:50AM,,18:10:00,LBS,2057.0,2057.0,0.0,Plus Materials,,215.985,215.99,0.0,,,0,0,CARL,,2026-09-17T13:18:36,2026-09-17T13:18:36
15390,2026-06-10,Plus Monroe Warehouse,COMPLETED,SHREDDER (1ST SHIFT),Posted,2026-06-11,5:50AM,,18:10:00,LBS,997.0,997.0,0.0,Plus Materials,,6.8369,6.84,0.0,,,0,0,CARL,,2026-09-17T13:18:36,2026-09-17T13:18:36
15391,2026-06-10,Monroe Processing Warehouse,COMPLETED,SHREDDER/GRINDER (1ST SHIFT),Posted,2026-06-11,5:50AM,,18:10:00,LBS,5960.0,5960.0,0.0,Plus Materials,,298.0,298.0,0.0,,,15,0,CARL,,2026-09-17T13:18:36,2026-09-17T13:18:36
15393,2026-06-10,Plus Monroe Warehouse,COMPLETED,AUTO-TIE BALER (2ND SHIFT),Posted,2026-06-11,5:50AM,,18:10:00,LBS,4526.0,4526.0,0.0,Plus Materials,,0.0,0.0,0.0,,,48,0,CARL,,2026-09-17T13:18:36,2026-09-17T13:18:36
15397,2026-06-10,Plus Monroe Warehouse,COMPLETED,EXTRUDER (2ND SHIFT),Posted,2026-06-11,5:51AM,,18:09:00,LBS,6347.0,6347.0,0.0,Plus Materials,,63.47,63.47,0.0,,,1,0,CARL,,2026-09-17T13:18:36,2026-09-17T13:18:36
15399,2026-06-10,Plus Monroe Warehouse,COMPLETED,GUILLOTINE (2ND SHIFT),Posted,2026-06-11,5:51AM,,18:09:00,LBS,10138.0,10138.0,0.0,Plus Materials,,1604.5874,1604.58,0.0,,,0,0,CARL,,2026-09-17T13:18:36,2026-09-17T13:18:36
15401,2026-06-10,Monroe Processing Warehouse,COMPLETED,SHREDDER/GRINDER (2ND SHIFT),Posted,2026-06-11,5:52AM,,18:08:00,LBS,4822.0,4822.0,0.0,Plus Materials,,241.1,241.1,0.0,,,0,0,CARL,,2026-09-17T13:18:36,2026-09-17T13:18:36
15407,2026-06-10,Plus Monroe Warehouse,COMPLETED,EXTRUDER (3RD SHIFT),Posted,2026-06-11,5:52AM,,18:08:00,LBS,6713.0,6713.0,0.0,Plus Materials,,805.56,805.56,0.0,,,10,0,CARL,,2026-09-17T13:18:36,2026-09-17T13:18:36
15409,2026-06-10,Plus Monroe Warehouse,COMPLETED,GUILLOTINE (3RD SHIFT),Posted,2026-06-11,5:53AM,,18:07:00,LBS,6297.0,6297.0,0.0,Plus Materials,,62.97,62.97,0.0,,,1,0,CARL,,2026-09-17T13:18:36,2026-09-17T13:18:36
15414,2026-06-11,Plus Monroe Warehouse,COMPLETED,AUTO-TIE BALER (1ST SHIFT),Posted,2026-06-12,5:51AM,,18:09:00,LBS,6373.0,6373.0,0.0,Plus Materials,,0.0,0.0,0.0,,,47,6,CARL,,2026-09-17T13:18:36,2026-09-17T13:18:36
15418,2026-06-11,Plus Monroe Warehouse,COMPLETED,EXTRUDER (1ST SHIFT),Posted,2026-06-12,5:51AM,,18:09:00,LBS,7071.0,7071.0,0.0,Plus Materials,,1052.2887,1052.28,0.0,,,0,0,CARL,,2026-09-17T13:18:36,2026-09-17T13:18:36
15419,2026-06-11,Plus Monroe Warehouse,COMPLETED,GREEN MAX (NEW) (1ST SHIFT),Posted,2026-06-12,5:51AM,,18:09:00,LBS,700.0,700.0,0.0,Plus Materials,,0.0,0.0,0.0,,,1,0,CARL,,2026-09-17T13:18:36,2026-09-17T13:18:36
15420,2026-06-11,Plus Monroe Warehouse,COMPLETED,GUILLOTINE (1ST SHIFT),Posted,2026-06-12,5:52AM,,18:08:00,LBS,8230.0,8230.0,0.0,Plus Materials,,82.3,82.3,0.0,,,0,0,CARL,,2026-09-17T13:18:36,2026-09-17T13:18:36
15421,2026-06-11,Plus Monroe Warehouse,COMPLETED,SHREDDER (1ST SHIFT),Posted,2026-06-12,5:52AM,,18:08:00,LBS,2179.0,2179.0,0.0,Plus Materials,,77.7078,77.71,0.0,,,0,0,CARL,,2026-09-17T13:18:36,2026-09-17T13:18:36
15422,2026-06-11,Monroe Processing Warehouse,COMPLETED,SHREDDER/GRINDER (1ST SHIFT),Posted,2026-06-12,5:52AM,,18:08:00,LBS,7251.0,7251.0,0.0,Plus Materials,,766.9294,766.93,0.0,,,0,0,CARL,,2026-09-17T13:18:36,2026-09-17T13:18:36
15424,2026-06-11,Plus Monroe Warehouse,COMPLETED,AUTO-TIE BALER (2ND SHIFT),Posted,2026-06-12,5:52AM,,18:08:00,LBS,6337.0,6337.0,0.0,Plus Materials,,0.0,0.0,0.0,,,0,0,CARL,,2026-09-17T13:18:36,2026-09-17T13:18:36
15428,2026-06-11,Plus Monroe Warehouse,COMPLETED,EXTRUDER (2ND SHIFT),Posted,2026-06-12,5:53AM,,18:07:00,LBS,6452.0,6452.0,0.0,Plus Materials,,574.59,574.59,0.0,,,3,0,CARL,,2026-09-17T13:18:36,2026-09-17T13:18:36
15430,2026-06-11,Plus Monroe Warehouse,COMPLETED,GUILLOTINE (2ND SHIFT),Posted,2026-06-12,5:53AM,,18:07:00,LBS,9643.0,9643.0,0.0,Plus Materials,,1039.83,1039.83,0.0,,,0,0,CARL,,2026-09-17T13:18:36,2026-09-17T13:18:36
15432,2026-06-11,Monroe Processing Warehouse,COMPLETED,SHREDDER/GRINDER (2ND SHIFT),Posted,2026-06-12,5:54AM,,18:06:00,LBS,6697.0,6697.0,0.0,Plus Materials,,708.3333,708.34,0.0,,,0,0,CARL,,2026-09-17T13:18:36,2026-09-17T13:18:36
15438,2026-06-11,Plus Monroe Warehouse,COMPLETED,EXTRUDER (3RD SHIFT),Posted,2026-06-12,5:54AM,,18:06:00,LBS,6324.0,6324.0,0.0,Plus Materials,,0.0,0.0,0.0,,,12,0,CARL,,2026-09-17T13:18:36,2026-09-17T13:18:36
15440,2026-06-11,Plus Monroe Warehouse,COMPLETED,GUILLOTINE (3RD SHIFT),Posted,2026-06-12,5:55AM,,18:05:00,LBS,8108.0,8108.0,0.0,Plus Materials,,81.08,81.08,0.0,,,0,0,CARL,,2026-09-17T13:18:36,2026-09-17T13:18:36
15444,2026-06-11,PRN Southeast,COMPLETED,BALER,Posted,2026-06-12,5:55AM,,18:05:00,LBS,918.0,2740.0,-1822.0,Plus Materials,,52.15,98.05,45.9,,,2,2,CARL,,2026-09-17T13:18:36,2026-09-17T13:18:36
15449,2026-06-12,Plus Monroe Warehouse,COMPLETED,EXTRUDER (1ST SHIFT),Posted,2026-06-15,5:50AM,,18:10:00,LBS,9030.0,9030.0,0.0,Plus Materials,,993.3,993.3,0.0,,,39,0,CARL,,2026-09-17T13:18:36,2026-09-17T13:18:36
15450,2026-06-12,Plus Monroe Warehouse,COMPLETED,GREEN MAX (NEW) (1ST SHIFT),Posted,2026-06-15,5:50AM,,18:10:00,LBS,1012.0,1012.0,0.0,Plus Materials,,52.7098,52.71,0.0,,,0,0,CARL,,2026-09-17T13:18:36,2026-09-17T13:18:36
15451,2026-06-12,Plus Monroe Warehouse,COMPLETED,GUILLOTINE (1ST SHIFT),Posted,2026-06-15,5:50AM,,18:10:00,LBS,9042.0,9042.0,0.0,Plus Materials,,994.62,994.62,0.0,,,0,0,CARL,,2026-09-17T13:18:36,2026-09-17T13:18:36
15453,2026-06-12,Monroe Processing Warehouse,COMPLETED,SHREDDER/GRINDER (1ST SHIFT),Posted,2026-06-15,5:51AM,,18:09:00,LBS,6008.0,6008.0,0.0,Plus Materials,,635.4602,635.46,0.0,,,0,0,CARL,,2026-09-17T13:18:36,2026-09-17T13:18:36
15455,2026-06-12,Plus Monroe Warehouse,COMPLETED,AUTO-TIE BALER (2ND SHIFT),Posted,2026-06-15,5:51AM,,18:09:00,LBS,8030.0,8030.0,0.0,Plus Materials,,0.0,0.0,0.0,,,85,0,CARL,,2026-09-17T13:18:36,2026-09-17T13:18:36
15461,2026-06-12,Plus Monroe Warehouse,COMPLETED,GUILLOTINE (2ND SHIFT),Posted,2026-06-15,5:52AM,,18:08:00,LBS,10185.0,10185.0,0.0,Plus Materials,,1120.35,1120.35,0.0,,,0,0,CARL,,2026-09-17T13:18:36,2026-09-17T13:18:36
15462,2026-06-12,Plus Monroe Warehouse,COMPLETED,SHREDDER/GRINDER (2ND SHIFT),Posted,2026-06-15,5:52AM,,18:08:00,LBS,5671.0,5671.0,0.0,Plus Materials,,599.8161,599.83,0.0,,,0,0,CARL,,2026-09-17T13:18:36,2026-09-17T13:18:36
15471,2026-06-12,Plus Monroe Warehouse,COMPLETED,GUILLOTINE (3RD SHIFT),Posted,2026-06-15,5:54AM,,18:06:00,LBS,14879.0,14879.0,0.0,Plus Materials,,1636.69,1636.69,0.0,,,51,0,CARL,,2026-09-17T13:18:36,2026-09-17T13:18:36
15476,2026-06-15,Plus Monroe Warehouse,COMPLETED,AUTO-TIE BALER (1ST SHIFT),Posted,2026-06-16,4:54AM,,19:06:00,LBS,4557.0,4557.0,0.0,Plus Materials,,0.0,0.0,0.0,,,9,4,CARL,,2026-09-17T13:18:36,2026-09-17T13:18:36
15481,2026-06-15,Plus Monroe Warehouse,COMPLETED,GREEN MAX (NEW) (1ST SHIFT),Posted,2026-06-16,4:55AM,,19:05:00,LBS,1949.0,1949.0,0.0,Plus Materials,,0.0,0.0,0.0,,,0,0,CARL,,2026-09-17T13:18:36,2026-09-17T13:18:36
15482,2026-06-15,Plus Monroe Warehouse,COMPLETED,GUILLOTINE (1ST SHIFT),Posted,2026-06-16,4:55AM,,19:05:00,LBS,8533.0,8533.0,0.0,Plus Materials,,-85.51,-85.51,0.0,,,12,0,CARL,,2026-09-17T13:18:36,2026-09-17T13:18:36
15484,2026-06-15,Monroe Processing Warehouse,COMPLETED,SHREDDER/GRINDER (1ST SHIFT),Posted,2026-06-16,4:55AM,,19:05:00,LBS,5553.0,5553.0,0.0,Plus Materials,,584.7433,584.73,0.0,,,33,0,CARL,,2026-09-17T13:18:36,2026-09-17T13:18:36
15486,2026-06-15,Plus Monroe Warehouse,COMPLETED,AUTO-TIE BALER (2ND SHIFT),Posted,2026-06-16,4:56AM,,19:04:00,LBS,1435.0,4619.0,-3184.0,Plus Materials,,0.0,0.0,0.0,,,8,0,CARL,,2026-09-17T13:18:36,2026-09-17T13:18:36
15492,2026-06-15,Plus Monroe Warehouse,COMPLETED,GUILLOTINE (2ND SHIFT),Posted,2026-06-16,4:57AM,,19:03:00,LBS,8849.0,8849.0,0.0,Plus Materials,,815.0858,815.09,0.0,,,0,0,CARL,,2026-09-17T13:18:36,2026-09-17T13:18:36
15493,2026-06-15,Plus Monroe Warehouse,COMPLETED,SHREDDER/GRINDER (2ND SHIFT),Posted,2026-06-16,4:57AM,,19:03:00,LBS,7144.0,7144.0,0.0,Plus Materials,,357.2,357.2,0.0,,,0,0,CARL,,2026-09-17T13:18:36,2026-09-17T13:18:36
15502,2026-06-15,Plus Monroe Warehouse,COMPLETED,GUILLOTINE (3RD SHIFT),Posted,2026-06-16,4:58AM,,19:02:00,LBS,10207.0,10207.0,0.0,Plus Materials,,510.35,510.35,0.0,,,20,0,CARL,,2026-09-17T13:18:36,2026-09-17T13:18:36
15504,2026-06-15,Monroe Processing Warehouse,COMPLETED,SHREDDER/GRINDER (3RD SHIFT),Posted,2026-06-16,4:58AM,,19:02:00,LBS,5302.0,5302.0,0.0,Plus Materials,,265.1,265.1,0.0,,,0,0,CARL,,2026-09-17T13:18:36,2026-09-17T13:18:36
15507,2026-06-16,Plus Monroe Warehouse,COMPLETED,AUTO-TIE BALER (1ST SHIFT),Posted,2026-06-17,5:44AM,,18:16:00,LBS,8120.0,8436.0,-316.0,Plus Materials,,0.0,0.0,0.0,,,38,7,CARL,,2026-09-17T13:18:36,2026-09-17T13:18:36
15511,2026-06-16,Plus Monroe Warehouse,COMPLETED,EXTRUDER (1ST SHIFT),Posted,2026-06-17,5:45AM,,18:15:00,LBS,3100.0,3100.0,0.0,Plus Materials,,372.0,372.0,0.0,,,0,0,CARL,,2026-09-17T13:18:36,2026-09-17T13:18:36
15512,2026-06-16,Plus Monroe Warehouse,COMPLETED,GREEN MAX (NEW) (1ST SHIFT),Posted,2026-06-17,5:45AM,,18:15:00,LBS,807.0,807.0,0.0,Plus Materials,,0.0,0.0,0.0,,,0,0,CARL,,2026-09-17T13:18:36,2026-09-17T13:18:36
15513,2026-06-16,Plus Monroe Warehouse,COMPLETED,GUILLOTINE (1ST SHIFT),Posted,2026-06-17,5:45AM,,18:15:00,LBS,2423.0,2423.0,0.0,Plus Materials,,331.2963,331.3,0.0,,,0,0,CARL,,2026-09-17T13:18:36,2026-09-17T13:18:36
15515,2026-06-16,Monroe Processing Warehouse,COMPLETED,SHREDDER/GRINDER (1ST SHIFT),Posted,2026-06-17,5:46AM,,18:14:00,LBS,6802.0,6802.0,0.0,Plus Materials,,408.12,408.12,0.0,,,55,0,CARL,,2026-09-17T13:18:36,2026-09-17T13:18:36
15517,2026-06-16,Plus Monroe Warehouse,COMPLETED,AUTO-TIE BALER (2ND SHIFT),Posted,2026-06-17,5:46AM,,18:14:00,LBS,2168.0,3517.0,-1349.0,Plus Materials,,0.0,0.0,0.0,,,2,0,CARL,,2026-09-17T13:18:36,2026-09-17T13:18:36
15521,2026-06-16,Plus Monroe Warehouse,COMPLETED,EXTRUDER (2ND SHIFT),Posted,2026-06-17,5:47AM,,18:13:00,LBS,8001.0,8001.0,0.0,Plus Materials,,960.12,960.12,0.0,,,10,0,CARL,,2026-09-17T13:18:36,2026-09-17T13:18:36
15523,2026-06-16,Plus Monroe Warehouse,COMPLETED,GUILLOTINE (2ND SHIFT),Posted,2026-06-17,5:47AM,,18:13:00,LBS,8944.0,8944.0,0.0,Plus Materials,,536.64,536.64,0.0,,,0,0,CARL,,2026-09-17T13:18:36,2026-09-17T13:18:36
15525,2026-06-16,Monroe Processing Warehouse,COMPLETED,SHREDDER/GRINDER (2ND SHIFT),Posted,2026-06-17,5:47AM,,18:13:00,LBS,7386.0,7386.0,0.0,Plus Materials,,443.16,443.16,0.0,,,60,0,CARL,,2026-09-17T13:18:36,2026-09-17T13:18:36
15531,2026-06-16,Plus Monroe Warehouse,COMPLETED,EXTRUDER (3RD SHIFT),Posted,2026-06-17,5:48AM,,18:12:00,LBS,5930.0,5930.0,0.0,Plus Materials,,652.3,652.3,0.0,,,0,0,CARL,,2026-09-17T13:18:36,2026-09-17T13:18:36
15533,2026-06-16,Plus Monroe Warehouse,COMPLETED,GUILLOTINE (3RD SHIFT),Posted,2026-06-17,5:49AM,,18:11:00,LBS,6556.0,6556.0,0.0,Plus Materials,,721.16,721.16,0.0,,,0,0,CARL,,2026-09-17T13:18:36,2026-09-17T13:18:36
15537,2026-06-16,PRN Southeast,COMPLETED,BALER,Posted,2026-06-17,5:50AM,,18:10:00,LBS,1277.0,2635.0,-1358.0,Plus Materials,,0.0,63.85,63.85,,,8,2,CARL,,2026-09-17T13:18:36,2026-09-17T13:18:36
15538,2026-06-17,PRN Southeast,COMPLETED,BALER,Posted,2026-06-18,5:35AM,,18:25:00,LBS,3353.0,4566.0,-1213.0,Plus Materials,,164.4,332.05,167.65,,,14,2,CARL,,2026-09-17T13:18:36,2026-09-17T13:18:36
15539,2026-06-17,Plus Monroe Warehouse,COMPLETED,AUTO-TIE BALER (1ST SHIFT),Posted,2026-06-18,5:55AM,,18:05:00,LBS,8005.0,8005.0,0.0,Plus Materials,,182.9173,182.93,0.0,,,23,7,CARL,,2026-09-17T13:18:36,2026-09-17T13:18:36
15543,2026-06-17,Plus Monroe Warehouse,COMPLETED,EXTRUDER (1ST SHIFT),Posted,2026-06-18,5:56AM,,18:04:00,LBS,7256.0,7256.0,0.0,Plus Materials,,870.72,870.72,0.0,,,198,0,CARL,,2026-09-17T13:18:36,2026-09-17T13:18:36
15544,2026-06-17,Plus Monroe Warehouse,COMPLETED,GREEN MAX (NEW) (1ST SHIFT),Posted,2026-06-18,5:56AM,,18:04:00,LBS,814.0,814.0,0.0,Plus Materials,,0.0,0.0,0.0,,,0,0,CARL,,2026-09-17T13:18:36,2026-09-17T13:18:36
15545,2026-06-17,Plus Monroe Warehouse,COMPLETED,GUILLOTINE (1ST SHIFT),Posted,2026-06-18,5:56AM,,18:04:00,LBS,5710.0,5710.0,0.0,Plus Materials,,316.9259,316.9,0.0,,,1,0,CARL,,2026-09-17T13:18:36,2026-09-17T13:18:36
15547,2026-06-17,Monroe Processing Warehouse,COMPLETED,SHREDDER/GRINDER (1ST SHIFT),Posted,2026-06-18,5:57AM,,18:03:00,LBS,5453.0,5453.0,0.0,Plus Materials,,327.18,327.18,0.0,,,0,0,CARL,,2026-09-17T13:18:36,2026-09-17T13:18:36
15549,2026-06-17,Plus Monroe Warehouse,COMPLETED,AUTO-TIE BALER (2ND SHIFT),Posted,2026-06-18,5:57AM,,18:03:00,LBS,4630.0,4630.0,0.0,Plus Materials,,64.0683,64.07,0.0,,,36,0,CARL,,2026-09-17T13:18:36,2026-09-17T13:18:36
15553,2026-06-17,Plus Monroe Warehouse,COMPLETED,EXTRUDER (2ND SHIFT),Posted,2026-06-18,5:58AM,,18:02:00,LBS,3253.0,3253.0,0.0,Plus Materials,,32.53,32.53,0.0,,,3,0,CARL,,2026-09-17T13:18:36,2026-09-17T13:18:36
15557,2026-06-17,Monroe Processing Warehouse,COMPLETED,SHREDDER/GRINDER (2ND SHIFT),Posted,2026-06-18,5:59AM,5:58PM,11:59:00,LBS,4315.0,4315.0,0.0,Plus Materials,,215.75,215.75,0.0,,,0,0,CARL,,2026-09-17T13:18:36,2026-09-17T13:18:36
15563,2026-06-17,Plus Monroe Warehouse,COMPLETED,EXTRUDER (3RD SHIFT),Posted,2026-06-18,6:00AM,,18:00:00,LBS,5070.0,5070.0,0.0,Plus Materials,,412.05,412.05,0.0,,,0,0,CARL,,2026-09-17T13:18:36,2026-09-17T13:18:36
15565,2026-06-17,Plus Monroe Warehouse,COMPLETED,GUILLOTINE (3RD SHIFT),Posted,2026-06-18,6:00AM,,18:00:00,LBS,8132.0,8132.0,0.0,Plus Materials,,975.84,975.84,0.0,,,0,0,CARL,,2026-09-17T13:18:36,2026-09-17T13:18:36
15569,2026-06-17,Plus Monroe Warehouse,COMPLETED,GUILLOTINE (2ND SHIFT),Posted,2026-06-18,4:40AM,,19:20:00,LBS,2591.0,2592.0,-1.0,Plus Materials,,310.92,310.92,0.0,,,0,1,CARL,,2026-09-17T13:18:36,2026-09-17T13:18:36
15570,2026-06-18,Plus Monroe Warehouse,COMPLETED,AUTO-TIE BALER (1ST SHIFT),Posted,2026-06-19,5:43AM,,18:17:00,LBS,4636.0,4636.0,0.0,Plus Materials,,0.0,0.0,0.0,,,48,4,CARL,,2026-09-17T13:18:36,2026-09-17T13:18:36
15574,2026-06-18,Plus Monroe Warehouse,COMPLETED,EXTRUDER (1ST SHIFT),Posted,2026-06-19,5:44AM,,18:16:00,LBS,8093.0,8093.0,0.0,Plus Materials,,80.93,80.93,0.0,,,0,0,CARL,,2026-09-17T13:18:36,2026-09-17T13:18:36
15575,2026-06-18,Plus Monroe Warehouse,COMPLETED,GREEN MAX (NEW) (1ST SHIFT),Posted,2026-06-19,5:44AM,,18:16:00,LBS,2106.0,2106.0,0.0,Plus Materials,,87.8974,87.9,0.0,,,0,0,CARL,,2026-09-17T13:18:36,2026-09-17T13:18:36
15576,2026-06-18,Plus Monroe Warehouse,COMPLETED,GUILLOTINE (1ST SHIFT),Posted,2026-06-19,5:44AM,,18:16:00,LBS,12569.0,12569.0,0.0,Plus Materials,,1084.14,1084.17,0.0,,,11,0,CARL,,2026-09-17T13:18:36,2026-09-17T13:18:36
15578,2026-06-18,Monroe Processing Warehouse,COMPLETED,SHREDDER/GRINDER (1ST SHIFT),Posted,2026-06-19,5:45AM,,18:15:00,LBS,5908.0,5908.0,0.0,Plus Materials,,354.48,354.48,0.0,,,0,0,CARL,,2026-09-17T13:18:36,2026-09-17T13:18:36
15580,2026-06-18,Plus Monroe Warehouse,COMPLETED,AUTO-TIE BALER (2ND SHIFT),Posted,2026-06-19,5:45AM,,18:15:00,LBS,6563.0,6563.0,0.0,Plus Materials,,-13.418,-13.42,0.0,,,17,0,CARL,,2026-09-17T13:18:36,2026-09-17T13:18:36
15584,2026-06-18,Plus Monroe Warehouse,COMPLETED,EXTRUDER (2ND SHIFT),Posted,2026-06-19,5:46AM,,18:14:00,LBS,5572.0,5572.0,0.0,Plus Materials,,563.99,563.99,0.0,,,0,0,CARL,,2026-09-17T13:18:36,2026-09-17T13:18:36
15586,2026-06-18,Plus Monroe Warehouse,COMPLETED,GUILLOTINE (2ND SHIFT),Posted,2026-06-19,5:46AM,,18:14:00,LBS,9509.0,9509.0,0.0,Plus Materials,,673.38,673.37,0.0,,,65,0,CARL,,2026-09-17T13:18:36,2026-09-17T13:18:36
15588,2026-06-18,Monroe Processing Warehouse,COMPLETED,SHREDDER/GRINDER (2ND SHIFT),Posted,2026-06-19,5:46AM,,18:14:00,LBS,2962.0,2962.0,0.0,Plus Materials,,148.1,148.1,0.0,,,0,0,CARL,,2026-09-17T13:18:36,2026-09-17T13:18:36
15594,2026-06-18,Plus Monroe Warehouse,COMPLETED,EXTRUDER (3RD SHIFT),Posted,2026-06-19,5:47AM,,18:13:00,LBS,6322.0,6322.0,0.0,Plus Materials,,0.0,0.0,0.0,,,0,0,CARL,,2026-09-17T13:18:36,2026-09-17T13:18:36
15596,2026-06-18,Plus Monroe Warehouse,COMPLETED,GUILLOTINE (3RD SHIFT),Posted,2026-06-19,5:48AM,,18:12:00,LBS,7762.0,7762.0,0.0,Plus Materials,,465.72,465.72,0.0,,,0,0,CARL,,2026-09-17T13:18:36,2026-09-17T13:18:36
15600,2026-06-18,PRN Southeast,COMPLETED,BALER,Posted,2026-06-19,5:48AM,,18:12:00,LBS,2470.0,3240.0,-770.0,Plus Materials,,12.2,135.7,123.5,,,2,2,CARL,,2026-09-17T13:18:36,2026-09-17T13:18:36
15601,2026-06-19,Plus Monroe Warehouse,COMPLETED,AUTO-TIE BALER (1ST SHIFT),Posted,2026-06-22,5:49AM,,18:11:00,LBS,6366.0,6366.0,0.0,Plus Materials,,-199.3069,-199.31,0.0,,,0,4,CARL,,2026-09-17T13:18:36,2026-09-17T13:18:36
15605,2026-06-19,Plus Monroe Warehouse,COMPLETED,EXTRUDER (1ST SHIFT),Posted,2026-06-22,5:50AM,,18:10:00,LBS,15698.0,15698.0,0.0,Plus Materials,,0.0,0.0,0.0,,,12,1,CARL,,2026-09-17T13:18:36,2026-09-17T13:18:36
15606,2026-06-19,Plus Monroe Warehouse,COMPLETED,GREEN MAX (NEW) (1ST SHIFT),Posted,2026-06-22,5:50AM,,18:10:00,LBS,1139.0,1139.0,0.0,Plus Materials,,0.0,0.0,0.0,,,0,0,CARL,,2026-09-17T13:18:36,2026-09-17T13:18:36
15607,2026-06-19,Plus Monroe Warehouse,COMPLETED,GUILLOTINE (1ST SHIFT),Posted,2026-06-22,5:50AM,,18:10:00,LBS,15182.0,15182.0,0.0,Plus Materials,,0.0,0.0,0.0,,,48,1,CARL,,2026-09-17T13:18:36,2026-09-17T13:18:36
15609,2026-06-19,Monroe Processing Warehouse,COMPLETED,SHREDDER/GRINDER (1ST SHIFT),Posted,2026-06-22,5:50AM,,18:10:00,LBS,6204.0,6204.0,0.0,Plus Materials,,372.24,372.24,0.0,,,0,0,CARL,,2026-09-17T13:18:36,2026-09-17T13:18:36
15611,2026-06-19,Plus Monroe Warehouse,COMPLETED,AUTO-TIE BALER (2ND SHIFT),Posted,2026-06-22,5:51AM,,18:09:00,LBS,4619.0,4619.0,0.0,Plus Materials,,0.0,0.0,0.0,,,0,0,CARL,,2026-09-17T13:18:36,2026-09-17T13:18:36
15615,2026-06-19,Plus Monroe Warehouse,COMPLETED,EXTRUDER (2ND SHIFT),Posted,2026-06-22,5:52AM,,18:08:00,LBS,4808.0,4808.0,0.0,Plus Materials,,0.0,0.0,0.0,,,0,0,CARL,,2026-09-17T13:18:36,2026-09-17T13:18:36
15617,2026-06-19,Plus Monroe Warehouse,COMPLETED,GUILLOTINE (2ND SHIFT),Posted,2026-06-22,5:52AM,,18:08:00,LBS,10099.0,10099.0,0.0,Plus Materials,,220.2,220.2,0.0,,,70,0,CARL,,2026-09-17T13:18:36,2026-09-17T13:18:36
15619,2026-06-19,Monroe Processing Warehouse,COMPLETED,SHREDDER/GRINDER (2ND SHIFT),Posted,2026-06-22,5:52AM,,18:08:00,LBS,1965.0,1965.0,0.0,Plus Materials,,117.9,117.9,0.0,,,0,0,CARL,,2026-09-17T13:18:36,2026-09-17T13:18:36
15625,2026-06-19,Plus Monroe Warehouse,COMPLETED,EXTRUDER (3RD SHIFT),Posted,2026-06-22,5:53AM,,18:07:00,LBS,5172.0,5172.0,0.0,Plus Materials,,0.0,0.0,0.0,,,0,0,CARL,,2026-09-17T13:18:36,2026-09-17T13:18:36
15627,2026-06-19,Plus Monroe Warehouse,COMPLETED,GUILLOTINE (3RD SHIFT),Posted,2026-06-22,5:53AM,,18:07:00,LBS,8261.0,8261.0,0.0,Plus Materials,,495.66,495.66,0.0,,,0,0,CARL,,2026-09-17T13:18:36,2026-09-17T13:18:36
15631,2026-06-19,PRN Southeast,COMPLETED,BALER,Posted,2026-06-22,5:54AM,,18:06:00,LBS,7330.0,9406.0,-2076.0,Plus Materials,,417.42,783.92,366.5,,,33,5,CARL,,2026-09-17T13:18:36,2026-09-17T13:18:36
15632,2026-06-22,Plus Monroe Warehouse,COMPLETED,AUTO-TIE BALER (1ST SHIFT),Posted,2026-06-23,5:04AM,,18:56:00,LBS,6036.0,6036.0,0.0,Plus Materials,,0.0,0.0,0.0,,,52,5,CARL,,2026-09-17T13:18:36,2026-09-17T13:18:36
15636,2026-06-22,Plus Monroe Warehouse,COMPLETED,EXTRUDER (1ST SHIFT),Posted,2026-06-23,5:05AM,,18:55:00,LBS,9100.0,9100.0,0.0,Plus Materials,,91.0,91.0,0.0,,,1,0,CARL,,2026-09-17T13:18:36,2026-09-17T13:18:36
15637,2026-06-22,Plus Monroe Warehouse,COMPLETED,GREEN MAX (NEW) (1ST SHIFT),Posted,2026-06-23,5:05AM,,18:55:00,LBS,812.0,812.0,0.0,Plus Materials,,14.732,14.73,0.0,,,0,0,CARL,,2026-09-17T13:18:36,2026-09-17T13:18:36
15638,2026-06-22,Plus Monroe Warehouse,COMPLETED,GUILLOTINE (1ST SHIFT),Posted,2026-06-23,5:05AM,,18:55:00,LBS,10140.0,10140.0,0.0,Plus Materials,,912.6,912.6,0.0,,,49,0,CARL,,2026-09-17T13:18:36,2026-09-17T13:18:36
15640,2026-06-22,Monroe Processing Warehouse,COMPLETED,SHREDDER/GRINDER (1ST SHIFT),Posted,2026-06-23,5:06AM,,18:54:00,LBS,7516.0,7516.0,0.0,Plus Materials,,450.96,450.96,0.0,,,0,0,CARL,,2026-09-17T13:18:36,2026-09-17T13:18:36
15642,2026-06-22,Plus Monroe Warehouse,COMPLETED,AUTO-TIE BALER (2ND SHIFT),Posted,2026-06-23,5:06AM,,18:54:00,LBS,4540.0,4540.0,0.0,Plus Materials,,62.8227,62.82,0.0,,,0,0,CARL,,2026-09-17T13:18:36,2026-09-17T13:18:36
15646,2026-06-22,Plus Monroe Warehouse,COMPLETED,EXTRUDER (2ND SHIFT),Posted,2026-06-23,5:07AM,,18:53:00,LBS,6256.0,6256.0,0.0,Plus Materials,,62.56,62.56,0.0,,,0,0,CARL,,2026-09-17T13:18:36,2026-09-17T13:18:36
15648,2026-06-22,Plus Monroe Warehouse,COMPLETED,GUILLOTINE (2ND SHIFT),Posted,2026-06-23,5:07AM,,18:53:00,LBS,10080.0,10080.0,0.0,Plus Materials,,171.5807,171.58,0.0,,,0,0,CARL,,2026-09-17T13:18:36,2026-09-17T13:18:36
15651,2026-06-22,Monroe Processing Warehouse,COMPLETED,SHREDDER/GRINDER (2ND SHIFT),Posted,2026-06-23,5:08AM,,18:52:00,LBS,5220.0,5220.0,0.0,Plus Materials,,313.2,313.2,0.0,,,60,1,CARL,,2026-09-17T13:18:36,2026-09-17T13:18:36
15657,2026-06-22,Plus Monroe Warehouse,COMPLETED,EXTRUDER (3RD SHIFT),Posted,2026-06-23,5:09AM,,18:51:00,LBS,6466.0,6466.0,0.0,Plus Materials,,581.94,581.94,0.0,,,0,0,CARL,,2026-09-17T13:18:36,2026-09-17T13:18:36
15659,2026-06-22,Plus Monroe Warehouse,COMPLETED,GUILLOTINE (3RD SHIFT),Posted,2026-06-23,5:10AM,,18:50:00,LBS,9032.0,9032.0,0.0,Plus Materials,,812.88,812.88,0.0,,,0,0,CARL,,2026-09-17T13:18:36,2026-09-17T13:18:36
15664,2026-06-23,Plus Monroe Warehouse,COMPLETED,AUTO-TIE BALER (1ST SHIFT),Posted,2026-06-24,5:45AM,,18:15:00,LBS,7326.0,7326.0,0.0,Plus Materials,,101.3748,101.37,0.0,,,0,6,CARL,,2026-09-17T13:18:36,2026-09-17T13:18:36
15668,2026-06-23,Plus Monroe Warehouse,COMPLETED,EXTRUDER (1ST SHIFT),Posted,2026-06-24,5:45AM,,18:15:00,LBS,10002.0,10002.0,0.0,Plus Materials,,900.18,900.18,0.0,,,0,0,CARL,,2026-09-17T13:18:36,2026-09-17T13:18:36
15669,2026-06-23,Plus Monroe Warehouse,COMPLETED,GREEN MAX (NEW) (1ST SHIFT),Posted,2026-06-24,5:45AM,,18:15:00,LBS,2247.0,2247.0,0.0,Plus Materials,,0.0,0.0,0.0,,,52,0,CARL,,2026-09-17T13:18:36,2026-09-17T13:18:36
15670,2026-06-23,Plus Monroe Warehouse,COMPLETED,GUILLOTINE (1ST SHIFT),Posted,2026-06-24,5:46AM,,18:14:00,LBS,10971.0,10971.0,0.0,Plus Materials,,109.71,109.71,0.0,,,1,0,CARL,,2026-09-17T13:18:36,2026-09-17T13:18:36
15672,2026-06-23,Monroe Processing Warehouse,COMPLETED,SHREDDER/GRINDER (1ST SHIFT),Posted,2026-06-24,5:46AM,,18:14:00,LBS,5766.0,5766.0,0.0,Plus Materials,,345.96,345.96,0.0,,,0,0,CARL,,2026-09-17T13:18:36,2026-09-17T13:18:36
15674,2026-06-23,Plus Monroe Warehouse,COMPLETED,AUTO-TIE BALER (2ND SHIFT),Posted,2026-06-24,5:46AM,,18:14:00,LBS,6218.0,6218.0,0.0,Plus Materials,,103.036,103.03,0.0,,,0,0,CARL,,2026-09-17T13:18:36,2026-09-17T13:18:36
15678,2026-06-23,Plus Monroe Warehouse,COMPLETED,EXTRUDER (2ND SHIFT),Posted,2026-06-24,5:47AM,,18:13:00,LBS,6184.0,6184.0,0.0,Plus Materials,,61.84,61.84,0.0,,,0,0,CARL,,2026-09-17T13:18:36,2026-09-17T13:18:36
15680,2026-06-23,Plus Monroe Warehouse,COMPLETED,GUILLOTINE (2ND SHIFT),Posted,2026-06-24,5:47AM,,18:13:00,LBS,9868.0,9868.0,0.0,Plus Materials,,98.68,98.68,0.0,,,27,0,CARL,,2026-09-17T13:18:36,2026-09-17T13:18:36
15682,2026-06-23,Monroe Processing Warehouse,COMPLETED,SHREDDER/GRINDER (2ND SHIFT),Posted,2026-06-24,5:47AM,,18:13:00,LBS,5945.0,5945.0,0.0,Plus Materials,,356.7,356.7,0.0,,,0,0,CARL,,2026-09-17T13:18:36,2026-09-17T13:18:36
15688,2026-06-23,Plus Monroe Warehouse,COMPLETED,EXTRUDER (3RD SHIFT),Posted,2026-06-24,5:49AM,,18:11:00,LBS,6168.0,6168.0,0.0,Plus Materials,,61.68,61.68,0.0,,,33,0,CARL,,2026-09-17T13:18:36,2026-09-17T13:18:36
15690,2026-06-23,Plus Monroe Warehouse,COMPLETED,GUILLOTINE (3RD SHIFT),Posted,2026-06-24,5:49AM,,18:11:00,LBS,5979.0,5979.0,0.0,Plus Materials,,59.79,59.79,0.0,,,0,0,CARL,,2026-09-17T13:18:36,2026-09-17T13:18:36
15694,2026-06-23,PRN Southeast,COMPLETED,BALER,Posted,2026-06-24,5:50AM,,18:10:00,LBS,2884.0,4223.0,-1339.0,Plus Materials,,147.33,291.53,144.2,,,12,0,CARL,,2026-09-17T13:18:36,2026-09-17T13:18:36
15695,2026-06-24,Plus Monroe Warehouse,COMPLETED,AUTO-TIE BALER (1ST SHIFT),Posted,2026-06-25,5:45AM,,18:15:00,LBS,3280.0,3280.0,0.0,Plus Materials,,103.8871,103.88,0.0,,,3,3,CARL,,2026-09-17T13:18:36,2026-09-17T13:18:36
15699,2026-06-24,Plus Monroe Warehouse,COMPLETED,EXTRUDER (1ST SHIFT),Posted,2026-06-25,5:45AM,,18:15:00,LBS,9492.0,9492.0,0.0,Plus Materials,,0.0,0.0,0.0,,,12,0,CARL,,2026-09-17T13:18:36,2026-09-17T13:18:36
15700,2026-06-24,Plus Monroe Warehouse,COMPLETED,GREEN MAX (NEW) (1ST SHIFT),Posted,2026-06-25,5:46AM,,18:14:00,LBS,1200.0,1200.0,0.0,Plus Materials,,50.081,50.08,0.0,,,0,0,CARL,,2026-09-17T13:18:36,2026-09-17T13:18:36
15701,2026-06-24,Plus Monroe Warehouse,COMPLETED,GUILLOTINE (1ST SHIFT),Posted,2026-06-25,5:46AM,,18:14:00,LBS,7307.0,7307.0,0.0,Plus Materials,,219.21,219.21,0.0,,,10,0,CARL,,2026-09-17T13:18:36,2026-09-17T13:18:36
15703,2026-06-24,Monroe Processing Warehouse,COMPLETED,SHREDDER/GRINDER (1ST SHIFT),Posted,2026-06-25,5:46AM,,18:14:00,LBS,7717.0,7717.0,0.0,Plus Materials,,463.02,463.02,0.0,,,55,0,CARL,,2026-09-17T13:18:36,2026-09-17T13:18:36
15705,2026-06-24,Plus Monroe Warehouse,COMPLETED,AUTO-TIE BALER (2ND SHIFT),Posted,2026-06-25,5:46AM,,18:14:00,LBS,6400.0,6400.0,0.0,Plus Materials,,88.5619,88.56,0.0,,,0,0,CARL,,2026-09-17T13:18:36,2026-09-17T13:18:36
15709,2026-06-24,Plus Monroe Warehouse,COMPLETED,EXTRUDER (2ND SHIFT),Posted,2026-06-25,5:47AM,,18:13:00,LBS,7402.0,7402.0,0.0,Plus Materials,,0.0,0.0,0.0,,,0,0,CARL,,2026-09-17T13:18:36,2026-09-17T13:18:36
15711,2026-06-24,Plus Monroe Warehouse,COMPLETED,GUILLOTINE (2ND SHIFT),Posted,2026-06-25,5:47AM,,18:13:00,LBS,11381.0,11381.0,0.0,Plus Materials,,406.59,406.59,0.0,,,12,0,CARL,,2026-09-17T13:18:36,2026-09-17T13:18:36
15713,2026-06-24,Monroe Processing Warehouse,COMPLETED,SHREDDER/GRINDER (2ND SHIFT),Posted,2026-06-25,5:48AM,,18:12:00,LBS,4536.0,4536.0,0.0,Plus Materials,,272.16,272.16,0.0,,,0,0,CARL,,2026-09-17T13:18:36,2026-09-17T13:18:36
15719,2026-06-24,Plus Monroe Warehouse,COMPLETED,EXTRUDER (3RD SHIFT),Posted,2026-06-25,5:49AM,,18:11:00,LBS,5104.0,5104.0,0.0,Plus Materials,,259.38,259.38,0.0,,,3,0,CARL,,2026-09-17T13:18:36,2026-09-17T13:18:36
15721,2026-06-24,Plus Monroe Warehouse,COMPLETED,GUILLOTINE (3RD SHIFT),Posted,2026-06-25,5:49AM,,18:11:00,LBS,8165.0,8165.0,0.0,Plus Materials,,489.9,489.9,0.0,,,0,0,CARL,,2026-09-17T13:18:36,2026-09-17T13:18:36
15725,2026-06-24,PRN Southeast,COMPLETED,BALER,Posted,2026-06-25,5:50AM,,18:10:00,LBS,4322.0,2383.0,1939.0,Plus Materials,,237.72,453.82,216.1,,,18,2,CARL,,2026-09-17T13:18:36,2026-09-17T13:18:36
15726,2026-06-25,Plus Monroe Warehouse,COMPLETED,AUTO-TIE BALER (1ST SHIFT),Posted,2026-06-26,5:48AM,,18:12:00,LBS,6850.0,6850.0,0.0,Plus Materials,,69.2995,69.31,0.0,,,8,6,CARL,,2026-09-17T13:18:36,2026-09-17T13:18:36
15730,2026-06-25,Plus Monroe Warehouse,COMPLETED,EXTRUDER (1ST SHIFT),Posted,2026-06-26,5:49AM,,18:11:00,LBS,10030.0,10030.0,0.0,Plus Materials,,1103.3,1103.3,0.0,,,43,0,CARL,,2026-09-17T13:18:36,2026-09-17T13:18:36
15731,2026-06-25,Plus Monroe Warehouse,COMPLETED,GREEN MAX (NEW) (1ST SHIFT),Posted,2026-06-26,5:49AM,,18:11:00,LBS,1466.0,1466.0,0.0,Plus Materials,,0.0,0.0,0.0,,,0,0,CARL,,2026-09-17T13:18:36,2026-09-17T13:18:36
15732,2026-06-25,Plus Monroe Warehouse,COMPLETED,GUILLOTINE (1ST SHIFT),Posted,2026-06-26,5:49AM,,18:11:00,LBS,6857.0,6857.0,0.0,Plus Materials,,754.27,754.27,0.0,,,0,0,CARL,,2026-09-17T13:18:36,2026-09-17T13:18:36
15734,2026-06-25,Monroe Processing Warehouse,COMPLETED,SHREDDER/GRINDER (1ST SHIFT),Posted,2026-06-26,5:49AM,,18:11:00,LBS,4706.0,4706.0,0.0,Plus Materials,,282.36,282.36,0.0,,,55,0,CARL,,2026-09-17T13:18:36,2026-09-17T13:18:36
15736,2026-06-25,Plus Monroe Warehouse,COMPLETED,AUTO-TIE BALER (2ND SHIFT),Posted,2026-06-26,5:50AM,,18:10:00,LBS,5395.0,5395.0,0.0,Plus Materials,,133.5396,133.54,0.0,,,0,0,CARL,,2026-09-17T13:18:36,2026-09-17T13:18:36
15740,2026-06-25,Plus Monroe Warehouse,COMPLETED,EXTRUDER (2ND SHIFT),Posted,2026-06-26,5:50AM,,18:10:00,LBS,4736.0,4736.0,0.0,Plus Materials,,520.96,520.96,0.0,,,0,0,CARL,,2026-09-17T13:18:36,2026-09-17T13:18:36
15742,2026-06-25,Plus Monroe Warehouse,COMPLETED,GUILLOTINE (2ND SHIFT),Posted,2026-06-26,5:51AM,,18:09:00,LBS,16707.0,16707.0,0.0,Plus Materials,,1837.77,1837.77,0.0,,,46,0,CARL,,2026-09-17T13:18:36,2026-09-17T13:18:36
15744,2026-06-25,Monroe Processing Warehouse,COMPLETED,SHREDDER/GRINDER (2ND SHIFT),Posted,2026-06-26,5:51AM,,18:09:00,LBS,4895.0,4895.0,0.0,Plus Materials,,565.0388,565.04,0.0,,,11,0,CARL,,2026-09-17T13:18:36,2026-09-17T13:18:36
15750,2026-06-25,Plus Monroe Warehouse,COMPLETED,EXTRUDER (3RD SHIFT),Posted,2026-06-26,5:52AM,,18:08:00,LBS,6350.0,6350.0,0.0,Plus Materials,,698.5,698.5,0.0,,,0,0,CARL,,2026-09-17T13:18:36,2026-09-17T13:18:36
15752,2026-06-25,Plus Monroe Warehouse,COMPLETED,GUILLOTINE (3RD SHIFT),Posted,2026-06-26,5:53AM,,18:07:00,LBS,10527.0,10527.0,0.0,Plus Materials,,631.62,631.62,0.0,,,0,0,CARL,,2026-09-17T13:18:36,2026-09-17T13:18:36
15757,2026-06-25,Plus Ryder Midwest,COMPLETED,BOGUS,Posted,2026-06-25,9:36AM,,14:24:00,LBS,11438.0,11438.0,0.0,Plus Materials,,1143.8,1143.8,0.0,,,27,1,CARL,,2026-09-17T13:18:36,2026-09-17T13:18:36
15758,2026-06-26,Plus Monroe Warehouse,COMPLETED,AUTO-TIE BALER (1ST SHIFT),Posted,2026-06-29,5:47AM,,18:13:00,LBS,7185.0,7185.0,0.0,Plus Materials,,8.609,8.61,0.0,,,74,6,CARL,,2026-09-17T13:18:36,2026-09-17T13:18:36
15762,2026-06-26,Plus Monroe Warehouse,COMPLETED,EXTRUDER (1ST SHIFT),Posted,2026-06-29,5:48AM,,18:12:00,LBS,15734.0,15734.0,0.0,Plus Materials,,157.34,157.34,0.0,,,34,0,CARL,,2026-09-17T13:18:36,2026-09-17T13:18:36
15763,2026-06-26,Plus Monroe Warehouse,COMPLETED,GREEN MAX (NEW) (1ST SHIFT),Posted,2026-06-29,5:48AM,,18:12:00,LBS,2669.0,2669.0,0.0,Plus Materials,,40.6865,40.68,0.0,,,0,0,CARL,,2026-09-17T13:18:36,2026-09-17T13:18:36
15764,2026-06-26,Plus Monroe Warehouse,COMPLETED,GUILLOTINE (1ST SHIFT),Posted,2026-06-29,5:48AM,,18:12:00,LBS,12645.0,12645.0,0.0,Plus Materials,,126.45,126.45,0.0,,,32,0,CARL,,2026-09-17T13:18:36,2026-09-17T13:18:36
15766,2026-06-26,Monroe Processing Warehouse,COMPLETED,SHREDDER/GRINDER (1ST SHIFT),Posted,2026-06-29,5:49AM,,18:11:00,LBS,4258.0,4258.0,0.0,Plus Materials,,0.0,0.0,0.0,,,1,0,CARL,,2026-09-17T13:18:36,2026-09-17T13:18:36
15768,2026-06-26,Plus Monroe Warehouse,COMPLETED,AUTO-TIE BALER (2ND SHIFT),Posted,2026-06-29,5:49AM,,18:11:00,LBS,11015.0,11015.0,0.0,Plus Materials,,0.0,0.0,0.0,,,58,0,CARL,,2026-09-17T13:18:36,2026-09-17T13:18:36
15772,2026-06-26,Plus Monroe Warehouse,COMPLETED,EXTRUDER (2ND SHIFT),Posted,2026-06-29,5:50AM,,18:10:00,LBS,4536.0,4536.0,0.0,Plus Materials,,544.32,544.32,0.0,,,0,0,CARL,,2026-09-17T13:18:36,2026-09-17T13:18:36
15774,2026-06-26,Plus Monroe Warehouse,COMPLETED,GUILLOTINE (2ND SHIFT),Posted,2026-06-29,5:50AM,,18:10:00,LBS,11001.0,11001.0,0.0,Plus Materials,,69.49,69.48,0.0,,,0,0,CARL,,2026-09-17T13:18:36,2026-09-17T13:18:36
15776,2026-06-26,Monroe Processing Warehouse,COMPLETED,SHREDDER/GRINDER (2ND SHIFT),Posted,2026-06-29,5:50AM,,18:10:00,LBS,4761.0,4761.0,0.0,Plus Materials,,0.0,0.0,0.0,,,1,0,CARL,,2026-09-17T13:18:36,2026-09-17T13:18:36
15782,2026-06-26,Plus Monroe Warehouse,COMPLETED,EXTRUDER (3RD SHIFT),Posted,2026-06-29,5:51AM,,18:09:00,LBS,6554.0,6554.0,0.0,Plus Materials,,926.315,926.32,0.0,,,0,0,CARL,,2026-09-17T13:18:36,2026-09-17T13:18:36
15784,2026-06-26,Plus Monroe Warehouse,COMPLETED,GUILLOTINE (3RD SHIFT),Posted,2026-06-29,5:52AM,,18:08:00,LBS,6500.0,6500.0,0.0,Plus Materials,,107.3098,107.32,0.0,,,0,0,CARL,,2026-09-17T13:18:36,2026-09-17T13:18:36
15789,2026-06-26,Plus Ryder Midwest,COMPLETED,BALER,Posted,2026-06-26,10:11AM,,13:49:00,LBS,22950.0,22950.0,0.0,Plus Materials,,1721.25,1721.25,0.0,,,27,1,CARL,,2026-09-17T13:18:36,2026-09-17T13:18:36
15790,2026-06-29,Plus Monroe Warehouse,COMPLETED,AUTO-TIE BALER (1ST SHIFT),Posted,2026-06-30,5:01AM,,18:59:00,LBS,7183.0,7183.0,0.0,Plus Materials,,0.0,0.0,0.0,,,30,6,CARL,,2026-09-17T13:18:36,2026-09-17T13:18:36
15794,2026-06-29,Plus Monroe Warehouse,COMPLETED,EXTRUDER (1ST SHIFT),Posted,2026-06-30,5:01AM,,18:59:00,LBS,7192.0,7192.0,0.0,Plus Materials,,302.4709,302.47,0.0,,,0,0,CARL,,2026-09-17T13:18:36,2026-09-17T13:18:36
15795,2026-06-29,Plus Monroe Warehouse,COMPLETED,GREEN MAX (NEW) (1ST SHIFT),Posted,2026-06-30,5:02AM,,18:58:00,LBS,1738.0,1738.0,0.0,Plus Materials,,0.0,0.0,0.0,,,0,0,CARL,,2026-09-17T13:18:36,2026-09-17T13:18:36
15796,2026-06-29,Plus Monroe Warehouse,COMPLETED,GUILLOTINE (1ST SHIFT),Posted,2026-06-30,5:02AM,,18:58:00,LBS,7033.0,7033.0,0.0,Plus Materials,,282.7214,282.71,0.0,,,6,0,CARL,,2026-09-17T13:18:36,2026-09-17T13:18:36
15798,2026-06-29,Monroe Processing Warehouse,COMPLETED,SHREDDER/GRINDER (1ST SHIFT),Posted,2026-06-30,5:02AM,,18:58:00,LBS,4435.0,4435.0,0.0,Plus Materials,,266.1,266.1,0.0,,,55,0,CARL,,2026-09-17T13:18:36,2026-09-17T13:18:36
15800,2026-06-29,Plus Monroe Warehouse,COMPLETED,AUTO-TIE BALER (2ND SHIFT),Posted,2026-06-30,5:09AM,,18:51:00,LBS,7344.0,7344.0,0.0,Plus Materials,,0.0,0.0,0.0,,,34,0,CARL,,2026-09-17T13:18:36,2026-09-17T13:18:36
15804,2026-06-29,Plus Monroe Warehouse,COMPLETED,EXTRUDER (2ND SHIFT),Posted,2026-06-30,5:10AM,,18:50:00,LBS,5680.0,5680.0,0.0,Plus Materials,,170.4,170.4,0.0,,,12,0,CARL,,2026-09-17T13:18:36,2026-09-17T13:18:36
15806,2026-06-29,Plus Monroe Warehouse,COMPLETED,GUILLOTINE (2ND SHIFT),Posted,2026-06-30,5:10AM,,18:50:00,LBS,8338.0,8338.0,0.0,Plus Materials,,306.97,306.98,0.0,,,0,0,CARL,,2026-09-17T13:18:36,2026-09-17T13:18:36
15808,2026-06-29,Monroe Processing Warehouse,COMPLETED,SHREDDER/GRINDER (2ND SHIFT),Posted,2026-06-30,5:10AM,,18:50:00,LBS,3780.0,3780.0,0.0,Plus Materials,,466.01,466.0,0.0,,,0,0,CARL,,2026-09-17T13:18:36,2026-09-17T13:18:36
15814,2026-06-29,Plus Monroe Warehouse,COMPLETED,EXTRUDER (3RD SHIFT),Posted,2026-06-30,5:11AM,,18:49:00,LBS,5001.0,5001.0,0.0,Plus Materials,,150.03,150.03,0.0,,,0,0,CARL,,2026-09-17T13:18:36,2026-09-17T13:18:36
15816,2026-06-29,Plus Monroe Warehouse,COMPLETED,GUILLOTINE (3RD SHIFT),Posted,2026-06-30,5:12AM,,18:48:00,LBS,6370.0,6370.0,0.0,Plus Materials,,637.0,637.0,0.0,,,18,0,CARL,,2026-09-17T13:18:36,2026-09-17T13:18:36
15821,2026-06-30,Plus Monroe Warehouse,COMPLETED,AUTO-TIE BALER (1ST SHIFT),Posted,2026-07-01,5:55AM,,18:05:00,LBS,12053.0,12053.0,0.0,Plus Materials,,0.0,0.0,0.0,,,67,10,CARL,,2026-09-17T13:18:36,2026-09-17T13:18:36
15825,2026-06-30,Plus Monroe Warehouse,COMPLETED,EXTRUDER (1ST SHIFT),Posted,2026-07-01,5:55AM,,18:05:00,LBS,7629.0,7629.0,0.0,Plus Materials,,839.19,839.19,0.0,,,0,0,CARL,,2026-09-17T13:18:36,2026-09-17T13:18:36
15826,2026-06-30,Plus Monroe Warehouse,COMPLETED,GREEN MAX (NEW) (1ST SHIFT),Posted,2026-07-01,5:55AM,,18:05:00,LBS,2328.0,2328.0,0.0,Plus Materials,,0.0,0.0,0.0,,,52,0,CARL,,2026-09-17T13:18:36,2026-09-17T13:18:36
15827,2026-06-30,Plus Monroe Warehouse,COMPLETED,GUILLOTINE (1ST SHIFT),Posted,2026-07-01,5:56AM,,18:04:00,LBS,6941.0,6941.0,0.0,Plus Materials,,38.3773,38.38,0.0,,,7,0,CARL,,2026-09-17T13:18:36,2026-09-17T13:18:36
15829,2026-06-30,Monroe Processing Warehouse,COMPLETED,SHREDDER/GRINDER (1ST SHIFT),Posted,2026-07-01,5:56AM,,18:04:00,LBS,5107.0,5107.0,0.0,Plus Materials,,306.42,306.42,0.0,,,0,0,CARL,,2026-09-17T13:18:36,2026-09-17T13:18:36
15831,2026-06-30,Plus Monroe Warehouse,COMPLETED,AUTO-TIE BALER (2ND SHIFT),Posted,2026-07-01,5:56AM,,18:04:00,LBS,5185.0,5185.0,0.0,Plus Materials,,101.8,101.8,0.0,,,23,0,CARL,,2026-09-17T13:18:36,2026-09-17T13:18:36
15835,2026-06-30,Plus Monroe Warehouse,COMPLETED,EXTRUDER (2ND SHIFT),Posted,2026-07-01,5:57AM,,18:03:00,LBS,4586.0,4586.0,0.0,Plus Materials,,0.0,0.0,0.0,,,0,0,CARL,,2026-09-17T13:18:36,2026-09-17T13:18:36
15837,2026-06-30,Plus Monroe Warehouse,COMPLETED,GUILLOTINE (2ND SHIFT),Posted,2026-07-01,5:57AM,,18:03:00,LBS,10301.0,10301.0,0.0,Plus Materials,,989.76,989.75,0.0,,,0,0,CARL,,2026-09-17T13:18:36,2026-09-17T13:18:36
15839,2026-06-30,Monroe Processing Warehouse,COMPLETED,SHREDDER/GRINDER (2ND SHIFT),Posted,2026-07-01,5:58AM,,18:02:00,LBS,2935.0,2935.0,0.0,Plus Materials,,0.0,0.0,0.0,,,0,0,CARL,,2026-09-17T13:18:36,2026-09-17T13:18:36
15845,2026-06-30,Plus Monroe Warehouse,COMPLETED,EXTRUDER (3RD SHIFT),Posted,2026-07-01,6:00AM,,18:00:00,LBS,4664.0,4664.0,0.0,Plus Materials,,139.92,139.92,0.0,,,0,0,CARL,,2026-09-17T13:18:36,2026-09-17T13:18:36
15847,2026-06-30,Plus Monroe Warehouse,COMPLETED,GUILLOTINE (3RD SHIFT),Posted,2026-07-01,6:00AM,,18:00:00,LBS,7505.0,7505.0,0.0,Plus Materials,,750.5,750.5,0.0,,,0,0,CARL,,2026-09-17T13:18:36,2026-09-17T13:18:36
15851,2026-06-30,PRN Southeast,COMPLETED,BALER,Posted,2026-07-01,6:00AM,,18:00:00,LBS,10021.0,14775.0,-4754.0,Plus Materials,,567.49,1068.55,501.05,,,38,9,CARL,,2026-09-17T13:18:36,2026-09-17T13:18:36
15852,2026-06-30,Plus Ryder Midwest,COMPLETED,BOGUS,Posted,2026-06-30,2:35PM,,09:25:00,LBS,12978.0,12978.0,0.0,Plus Materials,,973.35,973.35,0.0,,,24,1,CARL,,2026-09-17T13:18:36,2026-09-17T13:18:36
15853,2026-07-01,Plus Monroe Warehouse,COMPLETED,AUTO-TIE BALER (1ST SHIFT),Posted,2026-07-02,5:48AM,,18:12:00,LBS,2290.0,2290.0,0.0,Plus Materials,,-0.15,-0.15,0.0,,,13,2,CARL,,2026-09-17T13:18:36,2026-09-17T13:18:36
15857,2026-07-01,Plus Monroe Warehouse,COMPLETED,EXTRUDER (1ST SHIFT),Posted,2026-07-02,5:49AM,,18:11:00,LBS,9787.0,9787.0,0.0,Plus Materials,,978.7,978.7,0.0,,,0,0,CARL,,2026-09-17T13:18:36,2026-09-17T13:18:36
15858,2026-07-01,Plus Monroe Warehouse,COMPLETED,GREEN MAX (NEW) (1ST SHIFT),Posted,2026-07-02,5:49AM,,18:11:00,LBS,2206.0,2206.0,0.0,Plus Materials,,100.2308,100.23,0.0,,,27,0,CARL,,2026-09-17T13:18:36,2026-09-17T13:18:36
15859,2026-07-01,Plus Monroe Warehouse,COMPLETED,GUILLOTINE (1ST SHIFT),Posted,2026-07-02,5:49AM,,18:11:00,LBS,6025.0,6825.0,-800.0,Plus Materials,,180.75,180.76,0.0,,,10,0,CARL,,2026-09-17T13:18:36,2026-09-17T13:18:36
15861,2026-07-01,Monroe Processing Warehouse,COMPLETED,SHREDDER/GRINDER (1ST SHIFT),Posted,2026-07-02,5:49AM,,18:11:00,LBS,5303.0,5303.0,0.0,Plus Materials,,0.0,0.0,0.0,,,0,0,CARL,,2026-09-17T13:18:36,2026-09-17T13:18:36
15863,2026-07-01,Plus Monroe Warehouse,COMPLETED,AUTO-TIE BALER (2ND SHIFT),Posted,2026-07-02,5:50AM,,18:10:00,LBS,2347.0,2347.0,0.0,Plus Materials,,0.0,0.0,0.0,,,52,0,CARL,,2026-09-17T13:18:36,2026-09-17T13:18:36
15867,2026-07-01,Plus Monroe Warehouse,COMPLETED,EXTRUDER (2ND SHIFT),Posted,2026-07-02,5:50AM,,18:10:00,LBS,4940.0,4940.0,0.0,Plus Materials,,148.2,148.2,0.0,,,0,0,CARL,,2026-09-17T13:18:36,2026-09-17T13:18:36
15869,2026-07-01,Plus Monroe Warehouse,COMPLETED,GUILLOTINE (2ND SHIFT),Posted,2026-07-02,5:51AM,,18:09:00,LBS,9209.0,9209.0,0.0,Plus Materials,,228.7889,228.79,0.0,,,0,0,CARL,,2026-09-17T13:18:36,2026-09-17T13:18:36
15871,2026-07-01,Monroe Processing Warehouse,COMPLETED,SHREDDER/GRINDER (2ND SHIFT),Posted,2026-07-02,5:51AM,,18:09:00,LBS,3316.0,3316.0,0.0,Plus Materials,,33.16,33.16,0.0,,,36,0,CARL,,2026-09-17T13:18:36,2026-09-17T13:18:36
15877,2026-07-01,Plus Monroe Warehouse,COMPLETED,EXTRUDER (3RD SHIFT),Posted,2026-07-02,5:52AM,,18:08:00,LBS,5208.0,5208.0,0.0,Plus Materials,,357.38,357.38,0.0,,,0,0,CARL,,2026-09-17T13:18:36,2026-09-17T13:18:36
15879,2026-07-01,Plus Monroe Warehouse,COMPLETED,GUILLOTINE (3RD SHIFT),Posted,2026-07-02,5:52AM,,18:08:00,LBS,5393.0,5393.0,0.0,Plus Materials,,199.17,199.16,0.0,,,0,0,CARL,,2026-09-17T13:18:36,2026-09-17T13:18:36
15883,2026-07-01,PRN Southeast,COMPLETED,BALER,Posted,2026-07-02,5:53AM,,18:07:00,LBS,2800.0,1470.0,1330.0,Plus Materials,,128.75,268.75,140.0,,,11,1,CARL,,2026-09-17T13:18:36,2026-09-17T13:18:36
15884,2026-07-02,Plus Monroe Warehouse,COMPLETED,AUTO-TIE BALER (1ST SHIFT),Posted,2026-07-06,5:48AM,,18:12:00,LBS,6514.0,6514.0,0.0,Plus Materials,,0.0,0.0,0.0,,,52,6,CARL,,2026-09-17T13:18:36,2026-09-17T13:18:36
15888,2026-07-02,Plus Monroe Warehouse,COMPLETED,EXTRUDER (1ST SHIFT),Posted,2026-07-06,5:48AM,,18:12:00,LBS,7855.0,7855.0,0.0,Plus Materials,,281.9263,281.94,0.0,,,0,0,CARL,,2026-09-17T13:18:36,2026-09-17T13:18:36
15889,2026-07-02,Plus Monroe Warehouse,COMPLETED,GREEN MAX (NEW) (1ST SHIFT),Posted,2026-07-06,5:48AM,,18:12:00,LBS,1892.0,1892.0,0.0,Plus Materials,,0.0,0.0,0.0,,,0,0,CARL,,2026-09-17T13:18:36,2026-09-17T13:18:36
15890,2026-07-02,Plus Monroe Warehouse,COMPLETED,GUILLOTINE (1ST SHIFT),Posted,2026-07-06,5:49AM,,18:11:00,LBS,11567.0,11567.0,0.0,Plus Materials,,975.8388,975.83,0.0,,,1,1,CARL,,2026-09-17T13:18:36,2026-09-17T13:18:36
15891,2026-07-02,Plus Monroe Warehouse,COMPLETED,SHREDDER (1ST SHIFT),Posted,2026-07-06,5:49AM,,18:11:00,LBS,1185.0,1185.0,0.0,Plus Materials,,0.0,0.0,0.0,,,0,0,CARL,,2026-09-17T13:18:36,2026-09-17T13:18:36
15892,2026-07-02,Monroe Processing Warehouse,COMPLETED,SHREDDER/GRINDER (1ST SHIFT),Posted,2026-07-06,5:49AM,,18:11:00,LBS,3691.0,3691.0,0.0,Plus Materials,,36.91,36.91,0.0,,,0,0,CARL,,2026-09-17T13:18:36,2026-09-17T13:18:36
15898,2026-07-02,Plus Monroe Warehouse,COMPLETED,EXTRUDER (2ND SHIFT),Posted,2026-07-06,5:50AM,,18:10:00,LBS,4786.0,4786.0,0.0,Plus Materials,,373.2,373.19,0.0,,,0,0,CARL,,2026-09-17T13:18:36,2026-09-17T13:18:36
15900,2026-07-02,Plus Monroe Warehouse,COMPLETED,GUILLOTINE (2ND SHIFT),Posted,2026-07-06,5:50AM,,18:10:00,LBS,9635.0,9635.0,0.0,Plus Materials,,1045.9671,1045.97,0.0,,,0,0,CARL,,2026-09-17T13:18:36,2026-09-17T13:18:36
15902,2026-07-02,Monroe Processing Warehouse,COMPLETED,SHREDDER/GRINDER (2ND SHIFT),Posted,2026-07-06,5:51AM,,18:09:00,LBS,5575.0,5575.0,0.0,Plus Materials,,587.0606,587.07,0.0,,,0,0,CARL,,2026-09-17T13:18:36,2026-09-17T13:18:36
15908,2026-07-02,Plus Monroe Warehouse,COMPLETED,EXTRUDER (3RD SHIFT),Posted,2026-07-06,5:52AM,,18:08:00,LBS,6908.0,6908.0,0.0,Plus Materials,,464.88,464.88,0.0,,,7,0,CARL,,2026-09-17T13:18:36,2026-09-17T13:18:36
15910,2026-07-02,Plus Monroe Warehouse,COMPLETED,GUILLOTINE (3RD SHIFT),Posted,2026-07-06,5:52AM,,18:08:00,LBS,5920.0,5920.0,0.0,Plus Materials,,452.28,452.28,0.0,,,0,0,CARL,,2026-09-17T13:18:36,2026-09-17T13:18:36
15914,2026-07-02,PRN Southeast,COMPLETED,BALER,Posted,2026-07-06,5:53AM,,18:07:00,LBS,3005.0,2470.0,535.0,Plus Materials,,172.76,323.01,150.25,,,9,1,CARL,,2026-09-17T13:18:36,2026-09-17T13:18:36
15915,2026-07-06,Plus Monroe Warehouse,COMPLETED,AUTO-TIE BALER (1ST SHIFT),Posted,2026-07-07,5:12AM,,18:48:00,LBS,7787.0,7787.0,0.0,Plus Materials,,0.0,0.0,0.0,,,0,7,CARL,,2026-09-17T13:18:36,2026-09-17T13:18:36
15919,2026-07-06,Plus Monroe Warehouse,COMPLETED,EXTRUDER (1ST SHIFT),Posted,2026-07-07,5:13AM,,18:47:00,LBS,9546.0,9546.0,0.0,Plus Materials,,432.81,432.81,0.0,,,0,0,CARL,,2026-09-17T13:18:36,2026-09-17T13:18:36
15920,2026-07-06,Plus Monroe Warehouse,COMPLETED,GREEN MAX (NEW) (1ST SHIFT),Posted,2026-07-07,5:13AM,,18:47:00,LBS,638.0,638.0,0.0,Plus Materials,,0.0,0.0,0.0,,,1,0,CARL,,2026-09-17T13:18:36,2026-09-17T13:18:36
15921,2026-07-06,Plus Monroe Warehouse,COMPLETED,GUILLOTINE (1ST SHIFT),Posted,2026-07-07,5:13AM,,18:47:00,LBS,6220.0,6220.0,0.0,Plus Materials,,704.5324,704.54,0.0,,,0,0,CARL,,2026-09-17T13:18:36,2026-09-17T13:18:36
15922,2026-07-06,Plus Monroe Warehouse,COMPLETED,SHREDDER (1ST SHIFT),Posted,2026-07-07,5:13AM,,18:47:00,LBS,6615.0,6615.0,0.0,Plus Materials,,0.0,0.0,0.0,,,47,0,CARL,,2026-09-17T13:18:36,2026-09-17T13:18:36
15923,2026-07-06,Monroe Processing Warehouse,COMPLETED,SHREDDER/GRINDER (1ST SHIFT),Posted,2026-07-07,5:13AM,,18:47:00,LBS,6678.0,6678.0,0.0,Plus Materials,,703.2092,703.21,0.0,,,0,0,CARL,,2026-09-17T13:18:36,2026-09-17T13:18:36
15925,2026-07-06,Plus Monroe Warehouse,COMPLETED,AUTO-TIE BALER (2ND SHIFT),Posted,2026-07-07,5:14AM,,18:46:00,LBS,6110.0,6110.0,0.0,Plus Materials,,0.0,0.0,0.0,,,52,0,CARL,,2026-09-17T13:18:36,2026-09-17T13:18:36
15929,2026-07-06,Plus Monroe Warehouse,COMPLETED,EXTRUDER (2ND SHIFT),Posted,2026-07-07,5:14AM,,18:46:00,LBS,6574.0,6574.0,0.0,Plus Materials,,478.322,478.32,0.0,,,0,0,CARL,,2026-09-17T13:18:36,2026-09-17T13:18:36
15931,2026-07-06,Plus Monroe Warehouse,COMPLETED,GUILLOTINE (2ND SHIFT),Posted,2026-07-07,5:15AM,,18:45:00,LBS,10319.0,10319.0,0.0,Plus Materials,,611.2833,611.3,0.0,,,0,0,CARL,,2026-09-17T13:18:36,2026-09-17T13:18:36
15933,2026-07-06,Monroe Processing Warehouse,COMPLETED,SHREDDER/GRINDER (2ND SHIFT),Posted,2026-07-07,5:15AM,,18:45:00,LBS,3118.0,3118.0,0.0,Plus Materials,,328.3326,328.34,0.0,,,0,0,CARL,,2026-09-17T13:18:36,2026-09-17T13:18:36
15939,2026-07-06,Plus Monroe Warehouse,COMPLETED,EXTRUDER (3RD SHIFT),Posted,2026-07-07,5:16AM,,18:44:00,LBS,6670.0,6670.0,0.0,Plus Materials,,1312.47,1312.47,0.0,,,0,0,CARL,,2026-09-17T13:18:36,2026-09-17T13:18:36
15941,2026-07-06,Plus Monroe Warehouse,COMPLETED,GUILLOTINE (3RD SHIFT),Posted,2026-07-07,5:16AM,,18:44:00,LBS,5594.0,5594.0,0.0,Plus Materials,,587.37,587.38,0.0,,,0,0,CARL,,2026-09-17T13:18:36,2026-09-17T13:18:36
15945,2026-07-06,PRN Southeast,COMPLETED,BALER,Posted,2026-07-07,5:17AM,,18:43:00,LBS,3465.0,1944.0,1521.0,Plus Materials,,195.06,368.31,173.25,,,13,1,CARL,,2026-09-17T13:18:36,2026-09-17T13:18:36
15946,2026-07-07,Plus Monroe Warehouse,COMPLETED,AUTO-TIE BALER (1ST SHIFT),Posted,2026-07-08,5:47AM,,18:13:00,LBS,8342.0,8342.0,0.0,Plus Materials,,0.0,0.0,0.0,,,52,7,CARL,,2026-09-17T13:18:36,2026-09-17T13:18:36
15950,2026-07-07,Plus Monroe Warehouse,COMPLETED,EXTRUDER (1ST SHIFT),Posted,2026-07-08,5:48AM,,18:12:00,LBS,7452.0,7452.0,0.0,Plus Materials,,156.54,156.54,0.0,,,0,0,CARL,,2026-09-17T13:18:36,2026-09-17T13:18:36
15952,2026-07-07,Plus Monroe Warehouse,COMPLETED,GUILLOTINE (1ST SHIFT),Posted,2026-07-08,5:48AM,,18:12:00,LBS,9416.0,9416.0,0.0,Plus Materials,,368.3963,368.39,0.0,,,0,0,CARL,,2026-09-17T13:18:36,2026-09-17T13:18:36
15953,2026-07-07,Plus Monroe Warehouse,COMPLETED,SHREDDER (1ST SHIFT),Posted,2026-07-08,5:48AM,,18:12:00,LBS,7634.0,7634.0,0.0,Plus Materials,,76.34,76.34,0.0,,,48,0,CARL,,2026-09-17T13:18:36,2026-09-17T13:18:36
15954,2026-07-07,Monroe Processing Warehouse,COMPLETED,SHREDDER/GRINDER (1ST SHIFT),Posted,2026-07-08,5:49AM,,18:11:00,LBS,1818.0,1818.0,0.0,Plus Materials,,194.5531,194.56,0.0,,,0,0,CARL,,2026-09-17T13:18:36,2026-09-17T13:18:36
15956,2026-07-07,Plus Monroe Warehouse,COMPLETED,AUTO-TIE BALER (2ND SHIFT),Posted,2026-07-08,5:49AM,,18:11:00,LBS,1037.0,1037.0,0.0,Plus Materials,,36.1275,36.13,0.0,,,1,0,CARL,,2026-09-17T13:18:36,2026-09-17T13:18:36
15960,2026-07-07,Plus Monroe Warehouse,COMPLETED,EXTRUDER (2ND SHIFT),Posted,2026-07-08,5:50AM,,18:10:00,LBS,4724.0,4724.0,0.0,Plus Materials,,330.68,330.68,0.0,,,0,0,CARL,,2026-09-17T13:18:36,2026-09-17T13:18:36
15962,2026-07-07,Plus Monroe Warehouse,COMPLETED,GUILLOTINE (2ND SHIFT),Posted,2026-07-08,5:50AM,,18:10:00,LBS,11297.0,11297.0,0.0,Plus Materials,,580.4839,580.5,0.0,,,0,0,CARL,,2026-09-17T13:18:36,2026-09-17T13:18:36
15964,2026-07-07,Monroe Processing Warehouse,COMPLETED,SHREDDER/GRINDER (2ND SHIFT),Posted,2026-07-08,5:51AM,,18:09:00,LBS,2190.0,2190.0,0.0,Plus Materials,,230.6109,230.61,0.0,,,0,0,CARL,,2026-09-17T13:18:36,2026-09-17T13:18:36
15970,2026-07-07,Plus Monroe Warehouse,COMPLETED,EXTRUDER (3RD SHIFT),Posted,2026-07-08,5:52AM,,18:08:00,LBS,6570.0,6570.0,0.0,Plus Materials,,208.0307,208.03,0.0,,,4,0,CARL,,2026-09-17T13:18:36,2026-09-17T13:18:36
15972,2026-07-07,Plus Monroe Warehouse,COMPLETED,GUILLOTINE (3RD SHIFT),Posted,2026-07-08,5:52AM,,18:08:00,LBS,6499.0,6499.0,0.0,Plus Materials,,366.1651,366.17,0.0,,,0,0,CARL,,2026-09-17T13:18:36,2026-09-17T13:18:36
15976,2026-07-07,PRN Southeast,COMPLETED,BALER,Posted,2026-07-08,5:53AM,,18:07:00,LBS,5745.0,6049.0,-304.0,Plus Materials,,323.49,610.74,287.25,,,20,3,CARL,,2026-09-17T13:18:36,2026-09-17T13:18:36
15977,2026-07-08,Plus Monroe Warehouse,COMPLETED,AUTO-TIE BALER (1ST SHIFT),Posted,2026-07-09,5:47AM,,18:13:00,LBS,2005.0,2005.0,0.0,Plus Materials,,46.3078,46.3,0.0,,,0,2,CARL,,2026-09-17T13:18:36,2026-09-17T13:18:36
15981,2026-07-08,Plus Monroe Warehouse,COMPLETED,EXTRUDER (1ST SHIFT),Posted,2026-07-09,5:48AM,,18:12:00,LBS,8622.0,8622.0,0.0,Plus Materials,,578.02,578.02,0.0,,,0,0,CARL,,2026-09-17T13:18:36,2026-09-17T13:18:36
15983,2026-07-08,Plus Monroe Warehouse,COMPLETED,GUILLOTINE (1ST SHIFT),Posted,2026-07-09,5:48AM,,18:12:00,LBS,7310.0,7310.0,0.0,Plus Materials,,73.1,73.1,0.0,,,0,0,CARL,,2026-09-17T13:18:36,2026-09-17T13:18:36
15984,2026-07-08,Plus Monroe Warehouse,COMPLETED,SHREDDER (1ST SHIFT),Posted,2026-07-09,5:48AM,,18:12:00,LBS,7327.0,7327.0,0.0,Plus Materials,,531.43,531.43,0.0,,,33,0,CARL,,2026-09-17T13:18:36,2026-09-17T13:18:36
15985,2026-07-08,Monroe Processing Warehouse,COMPLETED,SHREDDER/GRINDER (1ST SHIFT),Posted,2026-07-09,5:49AM,,18:11:00,LBS,8935.0,8935.0,0.0,Plus Materials,,940.872,940.88,0.0,,,0,0,CARL,,2026-09-17T13:18:36,2026-09-17T13:18:36
15991,2026-07-08,Plus Monroe Warehouse,COMPLETED,EXTRUDER (2ND SHIFT),Posted,2026-07-09,5:50AM,,18:10:00,LBS,5022.0,5022.0,0.0,Plus Materials,,50.22,50.22,0.0,,,0,0,CARL,,2026-09-17T13:18:36,2026-09-17T13:18:36
15993,2026-07-08,Plus Monroe Warehouse,COMPLETED,GUILLOTINE (2ND SHIFT),Posted,2026-07-09,5:50AM,,18:10:00,LBS,8203.0,8203.0,0.0,Plus Materials,,816.3595,816.36,0.0,,,0,0,CARL,,2026-09-17T13:18:36,2026-09-17T13:18:36
15995,2026-07-08,Monroe Processing Warehouse,COMPLETED,SHREDDER/GRINDER (2ND SHIFT),Posted,2026-07-09,5:50AM,,18:10:00,LBS,4419.0,4419.0,0.0,Plus Materials,,459.8911,459.9,0.0,,,44,0,CARL,,2026-09-17T13:18:36,2026-09-17T13:18:36
16001,2026-07-08,Plus Monroe Warehouse,COMPLETED,EXTRUDER (3RD SHIFT),Posted,2026-07-09,5:51AM,,18:09:00,LBS,1628.0,1628.0,0.0,Plus Materials,,16.28,16.28,0.0,,,0,0,CARL,,2026-09-17T13:18:36,2026-09-17T13:18:36
16003,2026-07-08,Plus Monroe Warehouse,COMPLETED,GUILLOTINE (3RD SHIFT),Posted,2026-07-09,5:52AM,,18:08:00,LBS,8043.0,8043.0,0.0,Plus Materials,,382.365,382.37,0.0,,,0,0,CARL,,2026-09-17T13:18:36,2026-09-17T13:18:36
16008,2026-07-08,PRN Southeast,COMPLETED,BALER,Posted,2026-07-09,5:14AM,,18:46:00,LBS,7108.0,7425.0,-317.0,Plus Materials,,353.46,708.86,355.4,,,19,4,CARL,,2026-09-17T13:18:36,2026-09-17T13:18:36
16009,2026-07-09,Plus Monroe Warehouse,COMPLETED,AUTO-TIE BALER (1ST SHIFT),Posted,2026-07-10,5:50AM,,18:10:00,LBS,3629.0,3629.0,0.0,Plus Materials,,181.8816,181.88,0.0,,,0,0,CARL,,2026-09-17T13:18:36,2026-09-17T13:18:36
16013,2026-07-09,Plus Monroe Warehouse,COMPLETED,EXTRUDER (1ST SHIFT),Posted,2026-07-10,5:51AM,,18:09:00,LBS,7376.0,7376.0,0.0,Plus Materials,,885.12,885.12,0.0,,,8,0,CARL,,2026-09-17T13:18:36,2026-09-17T13:18:36
16015,2026-07-09,Plus Monroe Warehouse,COMPLETED,GUILLOTINE (1ST SHIFT),Posted,2026-07-10,5:51AM,,18:09:00,LBS,3123.0,3123.0,0.0,Plus Materials,,374.76,374.76,0.0,,,12,0,CARL,,2026-09-17T13:18:36,2026-09-17T13:18:36
16016,2026-07-09,Plus Monroe Warehouse,COMPLETED,SHREDDER (1ST SHIFT),Posted,2026-07-10,5:51AM,,18:09:00,LBS,6704.0,6704.0,0.0,Plus Materials,,273.2517,273.25,0.0,,,24,0,CARL,,2026-09-17T13:18:36,2026-09-17T13:18:36
16017,2026-07-09,Monroe Processing Warehouse,COMPLETED,SHREDDER/GRINDER (1ST SHIFT),Posted,2026-07-10,5:51AM,,18:09:00,LBS,7959.0,7959.0,0.0,Plus Materials,,447.4026,447.4,0.0,,,32,0,CARL,,2026-09-17T13:18:36,2026-09-17T13:18:36
16019,2026-07-09,Plus Monroe Warehouse,COMPLETED,AUTO-TIE BALER (2ND SHIFT),Posted,2026-07-10,5:52AM,,18:08:00,LBS,6524.0,6524.0,0.0,Plus Materials,,48.2863,48.28,0.0,,,62,0,CARL,,2026-09-17T13:18:36,2026-09-17T13:18:36
16023,2026-07-09,Plus Monroe Warehouse,COMPLETED,EXTRUDER (2ND SHIFT),Posted,2026-07-10,5:52AM,,18:08:00,LBS,6670.0,6670.0,0.0,Plus Materials,,356.56,356.56,0.0,,,3,0,CARL,,2026-09-17T13:18:36,2026-09-17T13:18:36
16025,2026-07-09,Plus Monroe Warehouse,COMPLETED,GUILLOTINE (2ND SHIFT),Posted,2026-07-10,5:53AM,,18:07:00,LBS,5441.0,5441.0,0.0,Plus Materials,,652.92,652.92,0.0,,,200,0,CARL,,2026-09-17T13:18:36,2026-09-17T13:18:36
16027,2026-07-09,Monroe Processing Warehouse,COMPLETED,SHREDDER/GRINDER (2ND SHIFT),Posted,2026-07-10,5:53AM,,18:07:00,LBS,4056.0,4056.0,0.0,Plus Materials,,0.0,0.0,0.0,,,0,0,CARL,,2026-09-17T13:18:36,2026-09-17T13:18:36
16033,2026-07-09,Plus Monroe Warehouse,COMPLETED,EXTRUDER (3RD SHIFT),Posted,2026-07-10,5:54AM,,18:06:00,LBS,4934.0,4934.0,0.0,Plus Materials,,592.08,592.08,0.0,,,0,0,CARL,,2026-09-17T13:18:36,2026-09-17T13:18:36
16039,2026-07-09,PRN Southeast,COMPLETED,BALER,Posted,2026-07-10,5:55AM,,18:05:00,LBS,2230.0,3920.0,-1690.0,Plus Materials,,113.17,224.67,111.5,,,8,2,CARL,,2026-09-17T13:18:36,2026-09-17T13:18:36
16040,2026-07-10,Plus Monroe Warehouse,COMPLETED,AUTO-TIE BALER (1ST SHIFT),Posted,2026-07-13,5:46AM,,18:14:00,LBS,11476.0,11476.0,0.0,Plus Materials,,158.797,158.79,0.0,,,0,10,CARL,,2026-09-17T13:18:36,2026-09-17T13:18:36
16044,2026-07-10,Plus Monroe Warehouse,COMPLETED,EXTRUDER (1ST SHIFT),Posted,2026-07-13,5:46AM,,18:14:00,LBS,15188.0,15188.0,0.0,Plus Materials,,1794.58,1794.58,0.0,,,0,0,CARL,,2026-09-17T13:18:36,2026-09-17T13:18:36
16046,2026-07-10,Plus Monroe Warehouse,COMPLETED,GUILLOTINE (1ST SHIFT),Posted,2026-07-13,5:47AM,,18:13:00,LBS,9564.0,9564.0,0.0,Plus Materials,,-61.9034,-61.91,0.0,,,12,0,CARL,,2026-09-17T13:18:36,2026-09-17T13:18:36
16047,2026-07-10,Plus Monroe Warehouse,COMPLETED,SHREDDER (1ST SHIFT),Posted,2026-07-13,5:47AM,,18:13:00,LBS,2396.0,2396.0,0.0,Plus Materials,,24.8774,24.88,0.0,,,18,0,CARL,,2026-09-17T13:18:36,2026-09-17T13:18:36
16048,2026-07-10,Monroe Processing Warehouse,COMPLETED,SHREDDER/GRINDER (1ST SHIFT),Posted,2026-07-13,5:47AM,,18:13:00,LBS,5523.0,5523.0,0.0,Plus Materials,,0.0,0.0,0.0,,,44,0,CARL,,2026-09-17T13:18:36,2026-09-17T13:18:36
16050,2026-07-10,Plus Monroe Warehouse,COMPLETED,AUTO-TIE BALER (2ND SHIFT),Posted,2026-07-13,5:47AM,,18:13:00,LBS,8185.0,8185.0,0.0,Plus Materials,,85.5349,85.54,0.0,,,35,0,CARL,,2026-09-17T13:18:36,2026-09-17T13:18:36
16054,2026-07-10,Plus Monroe Warehouse,COMPLETED,EXTRUDER (2ND SHIFT),Posted,2026-07-13,5:48AM,,18:12:00,LBS,4760.0,4760.0,0.0,Plus Materials,,40.5759,40.58,0.0,,,0,0,CARL,,2026-09-17T13:18:36,2026-09-17T13:18:36
16056,2026-07-10,Plus Monroe Warehouse,COMPLETED,GUILLOTINE (2ND SHIFT),Posted,2026-07-13,5:48AM,,18:12:00,LBS,8170.0,8170.0,0.0,Plus Materials,,228.7723,228.76,0.0,,,0,0,CARL,,2026-09-17T13:18:36,2026-09-17T13:18:36
16058,2026-07-10,Monroe Processing Warehouse,COMPLETED,SHREDDER/GRINDER (2ND SHIFT),Posted,2026-07-13,5:49AM,,18:11:00,LBS,5975.0,5975.0,0.0,Plus Materials,,0.0,0.0,0.0,,,0,0,CARL,,2026-09-17T13:18:36,2026-09-17T13:18:36
16064,2026-07-10,Plus Monroe Warehouse,COMPLETED,EXTRUDER (3RD SHIFT),Posted,2026-07-13,5:50AM,,18:10:00,LBS,5406.0,5406.0,0.0,Plus Materials,,78.1858,78.18,0.0,,,0,0,CARL,,2026-09-17T13:18:36,2026-09-17T13:18:36
16066,2026-07-10,Plus Monroe Warehouse,COMPLETED,GUILLOTINE (3RD SHIFT),Posted,2026-07-13,5:50AM,,18:10:00,LBS,6647.0,6647.0,0.0,Plus Materials,,218.56,218.57,0.0,,,0,0,CARL,,2026-09-17T13:18:36,2026-09-17T13:18:36
16070,2026-07-10,PRN Southeast,COMPLETED,BALER,Posted,2026-07-13,5:51AM,,18:09:00,LBS,4765.0,5907.0,-1142.0,Plus Materials,,266.37,504.62,238.25,,,18,3,CARL,,2026-09-17T13:18:36,2026-09-17T13:18:36
16071,2026-07-13,Plus Monroe Warehouse,COMPLETED,AUTO-TIE BALER (1ST SHIFT),Posted,2026-07-14,5:00AM,,19:00:00,LBS,3809.0,3809.0,0.0,Plus Materials,,204.7839,204.78,0.0,,,0,4,CARL,,2026-09-17T13:18:36,2026-09-17T13:18:36
16075,2026-07-13,Plus Monroe Warehouse,COMPLETED,EXTRUDER (1ST SHIFT),Posted,2026-07-14,5:01AM,,18:59:00,LBS,8556.0,8556.0,0.0,Plus Materials,,427.8,427.8,0.0,,,0,0,CARL,,2026-09-17T13:18:36,2026-09-17T13:18:36
16077,2026-07-13,Plus Monroe Warehouse,COMPLETED,GUILLOTINE (1ST SHIFT),Posted,2026-07-14,5:01AM,,18:59:00,LBS,6126.0,6126.0,0.0,Plus Materials,,413.95,413.94,0.0,,,0,0,CARL,,2026-09-17T13:18:36,2026-09-17T13:18:36
16078,2026-07-13,Plus Monroe Warehouse,COMPLETED,SHREDDER (1ST SHIFT),Posted,2026-07-14,5:01AM,,18:59:00,LBS,5195.0,5195.0,0.0,Plus Materials,,122.4114,122.41,0.0,,,34,0,CARL,,2026-09-17T13:18:36,2026-09-17T13:18:36
16079,2026-07-13,Monroe Processing Warehouse,COMPLETED,SHREDDER/GRINDER (1ST SHIFT),Posted,2026-07-14,5:01AM,,18:59:00,LBS,5986.0,5986.0,0.0,Plus Materials,,388.7013,388.7,0.0,,,26,0,CARL,,2026-09-17T13:18:36,2026-09-17T13:18:36
16081,2026-07-13,Plus Monroe Warehouse,COMPLETED,AUTO-TIE BALER (2ND SHIFT),Posted,2026-07-14,5:02AM,,18:58:00,LBS,3198.0,3198.0,0.0,Plus Materials,,0.0,0.0,0.0,,,35,0,CARL,,2026-09-17T13:18:36,2026-09-17T13:18:36
16085,2026-07-13,Plus Monroe Warehouse,COMPLETED,EXTRUDER (2ND SHIFT),Posted,2026-07-14,5:02AM,,18:58:00,LBS,5094.0,5094.0,0.0,Plus Materials,,254.7,254.7,0.0,,,0,0,CARL,,2026-09-17T13:18:36,2026-09-17T13:18:36
16087,2026-07-13,Plus Monroe Warehouse,COMPLETED,GUILLOTINE (2ND SHIFT),Posted,2026-07-14,5:02AM,,18:58:00,LBS,6536.0,6536.0,0.0,Plus Materials,,638.38,638.37,0.0,,,6,0,CARL,,2026-09-17T13:18:36,2026-09-17T13:18:36
16089,2026-07-13,Monroe Processing Warehouse,COMPLETED,SHREDDER/GRINDER (2ND SHIFT),Posted,2026-07-14,5:03AM,,18:57:00,LBS,5999.0,5999.0,0.0,Plus Materials,,0.0,0.0,0.0,,,40,0,CARL,,2026-09-17T13:18:36,2026-09-17T13:18:36
16091,2026-07-13,Plus Monroe Warehouse,COMPLETED,AUTO-TIE BALER (3RD SHIFT),Posted,2026-07-14,5:03AM,,18:57:00,LBS,11474.0,11474.0,0.0,Plus Materials,,771.9569,771.95,0.0,,,2,9,CARL,,2026-09-17T13:18:36,2026-09-17T13:18:36
16095,2026-07-13,Plus Monroe Warehouse,COMPLETED,EXTRUDER (3RD SHIFT),Posted,2026-07-14,5:04AM,,18:56:00,LBS,5286.0,5286.0,0.0,Plus Materials,,100.604,100.61,0.0,,,0,0,CARL,,2026-09-17T13:18:36,2026-09-17T13:18:36
16101,2026-07-13,PRN Southeast,COMPLETED,BALER,Posted,2026-07-14,5:05AM,8:13AM,03:08:00,LBS,750.0,8471.0,-7721.0,Plus Materials,,57.83,57.82,0.0,,,1,8,CARL,,2026-09-17T13:18:36,2026-09-17T13:18:36
16102,2026-07-14,Plus Monroe Warehouse,COMPLETED,AUTO-TIE BALER (1ST SHIFT),Posted,2026-07-15,5:47AM,,18:13:00,LBS,6267.0,6267.0,0.0,Plus Materials,,127.075,127.08,0.0,,,31,4,CARL,,2026-09-17T13:18:36,2026-09-17T13:18:36
16106,2026-07-14,Plus Monroe Warehouse,COMPLETED,EXTRUDER (1ST SHIFT),Posted,2026-07-15,5:47AM,,18:13:00,LBS,7690.0,7690.0,0.0,Plus Materials,,76.9,76.9,0.0,,,30,0,CARL,,2026-09-17T13:18:36,2026-09-17T13:18:36
16108,2026-07-14,Plus Monroe Warehouse,COMPLETED,GUILLOTINE (1ST SHIFT),Posted,2026-07-15,5:48AM,,18:12:00,LBS,1826.0,1826.0,0.0,Plus Materials,,-127.82,-127.82,0.0,,,4,0,CARL,,2026-09-17T13:18:36,2026-09-17T13:18:36
16109,2026-07-14,Plus Monroe Warehouse,COMPLETED,SHREDDER (1ST SHIFT),Posted,2026-07-15,5:48AM,,18:12:00,LBS,3916.0,3916.0,0.0,Plus Materials,,383.4399,383.44,0.0,,,11,0,CARL,,2026-09-17T13:18:36,2026-09-17T13:18:36
16110,2026-07-14,Monroe Processing Warehouse,COMPLETED,SHREDDER/GRINDER (1ST SHIFT),Posted,2026-07-15,5:48AM,,18:12:00,LBS,6086.0,6086.0,0.0,Plus Materials,,60.86,60.86,0.0,,,0,0,CARL,,2026-09-17T13:18:36,2026-09-17T13:18:36
16112,2026-07-14,Plus Monroe Warehouse,COMPLETED,AUTO-TIE BALER (2ND SHIFT),Posted,2026-07-15,5:48AM,,18:12:00,LBS,4249.0,4249.0,0.0,Plus Materials,,-424.9,-424.9,0.0,,,1,0,CARL,,2026-09-17T13:18:36,2026-09-17T13:18:36
16116,2026-07-14,Plus Monroe Warehouse,COMPLETED,EXTRUDER (2ND SHIFT),Posted,2026-07-15,5:49AM,,18:11:00,LBS,1568.0,1568.0,0.0,Plus Materials,,51.5577,51.56,0.0,,,0,0,CARL,,2026-09-17T13:18:36,2026-09-17T13:18:36
16120,2026-07-14,Monroe Processing Warehouse,COMPLETED,SHREDDER/GRINDER (2ND SHIFT),Posted,2026-07-15,5:50AM,,18:10:00,LBS,3359.0,3359.0,0.0,Plus Materials,,33.59,33.59,0.0,,,0,0,CARL,,2026-09-17T13:18:36,2026-09-17T13:18:36
16122,2026-07-14,Plus Monroe Warehouse,COMPLETED,AUTO-TIE BALER (3RD SHIFT),Posted,2026-07-15,5:50AM,,18:10:00,LBS,6835.0,6835.0,0.0,Plus Materials,,341.75,341.75,0.0,,,19,5,CARL,,2026-09-17T13:18:36,2026-09-17T13:18:36
16126,2026-07-14,Plus Monroe Warehouse,COMPLETED,EXTRUDER (3RD SHIFT),Posted,2026-07-15,5:51AM,,18:09:00,LBS,3470.0,3470.0,0.0,Plus Materials,,34.7,34.7,0.0,,,0,0,CARL,,2026-09-17T13:18:36,2026-09-17T13:18:36
16128,2026-07-14,Plus Monroe Warehouse,COMPLETED,GUILLOTINE (3RD SHIFT),Posted,2026-07-15,5:51AM,,18:09:00,LBS,2010.0,2010.0,0.0,Plus Materials,,20.1,20.1,0.0,,,0,0,CARL,,2026-09-17T13:18:36,2026-09-17T13:18:36
16132,2026-07-14,PRN Southeast,COMPLETED,BALER,Posted,2026-07-15,5:52AM,,18:08:00,LBS,2850.0,4052.0,-1202.0,Plus Materials,,133.39,275.89,142.5,,,17,2,CARL,,2026-09-17T13:18:36,2026-09-17T13:18:36
16137,2026-07-15,Plus Monroe Warehouse,COMPLETED,EXTRUDER (1ST SHIFT),Posted,2026-07-16,5:51AM,,18:09:00,LBS,6812.0,6812.0,0.0,Plus Materials,,204.36,204.36,0.0,,,5,0,CARL,,2026-09-17T13:18:36,2026-09-17T13:18:36
16139,2026-07-15,Plus Monroe Warehouse,COMPLETED,GUILLOTINE (1ST SHIFT),Posted,2026-07-16,5:51AM,,18:09:00,LBS,2259.0,2259.0,0.0,Plus Materials,,-158.13,-158.13,0.0,,,0,0,CARL,,2026-09-17T13:18:36,2026-09-17T13:18:36
16140,2026-07-15,Plus Monroe Warehouse,COMPLETED,SHREDDER (1ST SHIFT),Posted,2026-07-16,5:52AM,,18:08:00,LBS,1309.0,1309.0,0.0,Plus Materials,,32.4649,32.47,0.0,,,20,0,CARL,,2026-09-17T13:18:36,2026-09-17T13:18:36
16141,2026-07-15,Monroe Processing Warehouse,COMPLETED,SHREDDER/GRINDER (1ST SHIFT),Posted,2026-07-16,5:52AM,,18:08:00,LBS,714.0,714.0,0.0,Plus Materials,,0.0,0.0,0.0,,,0,0,CARL,,2026-09-17T13:18:36,2026-09-17T13:18:36
16143,2026-07-15,Plus Monroe Warehouse,COMPLETED,AUTO-TIE BALER (2ND SHIFT),Posted,2026-07-16,5:52AM,,18:08:00,LBS,8978.0,8978.0,0.0,Plus Materials,,2114.9437,2114.94,0.0,,,0,0,CARL,,2026-09-17T13:18:36,2026-09-17T13:18:36
16147,2026-07-15,Plus Monroe Warehouse,COMPLETED,EXTRUDER (2ND SHIFT),Posted,2026-07-16,5:53AM,,18:07:00,LBS,4761.0,4761.0,0.0,Plus Materials,,65.86,65.86,0.0,,,0,0,CARL,,2026-09-17T13:18:36,2026-09-17T13:18:36
16149,2026-07-15,Plus Monroe Warehouse,COMPLETED,GUILLOTINE (2ND SHIFT),Posted,2026-07-16,5:53AM,,18:07:00,LBS,3418.0,3418.0,0.0,Plus Materials,,-115.34,-115.34,0.0,,,3,0,CARL,,2026-09-17T13:18:36,2026-09-17T13:18:36
16151,2026-07-15,Monroe Processing Warehouse,COMPLETED,SHREDDER/GRINDER (2ND SHIFT),Posted,2026-07-16,5:53AM,,18:07:00,LBS,1583.0,1583.0,0.0,Plus Materials,,0.0,0.0,0.0,,,0,0,CARL,,2026-09-17T13:18:36,2026-09-17T13:18:36
16153,2026-07-15,Plus Monroe Warehouse,COMPLETED,AUTO-TIE BALER (3RD SHIFT),Posted,2026-07-16,5:54AM,,18:06:00,LBS,8277.0,8277.0,0.0,Plus Materials,,0.0,0.0,0.0,,,0,7,CARL,,2026-09-17T13:18:36,2026-09-17T13:18:36
16157,2026-07-15,Plus Monroe Warehouse,COMPLETED,EXTRUDER (3RD SHIFT),Posted,2026-07-16,5:54AM,,18:06:00,LBS,4928.0,4928.0,0.0,Plus Materials,,264.8843,264.88,0.0,,,0,0,CARL,,2026-09-17T13:18:36,2026-09-17T13:18:36
16159,2026-07-15,Plus Monroe Warehouse,COMPLETED,GUILLOTINE (3RD SHIFT),Posted,2026-07-16,5:55AM,,18:05:00,LBS,3676.0,3676.0,0.0,Plus Materials,,36.76,36.76,0.0,,,36,0,CARL,,2026-09-17T13:18:36,2026-09-17T13:18:36
16163,2026-07-15,PRN Southeast,COMPLETED,BALER,Posted,2026-07-16,5:55AM,,18:05:00,LBS,4412.0,11741.0,-7329.0,Plus Materials,,157.36,377.97,220.6,,,15,6,CARL,,2026-09-17T13:18:36,2026-09-17T13:18:36
16164,2026-07-16,Plus Monroe Warehouse,COMPLETED,AUTO-TIE BALER (1ST SHIFT),Posted,2026-07-17,5:48AM,,18:12:00,LBS,3278.0,3278.0,0.0,Plus Materials,,0.0,0.0,0.0,,,13,3,CARL,,2026-09-17T13:18:36,2026-09-17T13:18:36
16168,2026-07-16,Plus Monroe Warehouse,COMPLETED,EXTRUDER (1ST SHIFT),Posted,2026-07-17,5:49AM,,18:11:00,LBS,6071.0,6071.0,0.0,Plus Materials,,303.55,303.55,0.0,,,0,0,CARL,,2026-09-17T13:18:36,2026-09-17T13:18:36
16170,2026-07-16,Plus Monroe Warehouse,COMPLETED,GUILLOTINE (1ST SHIFT),Posted,2026-07-17,5:49AM,,18:11:00,LBS,3754.0,3754.0,0.0,Plus Materials,,-262.78,-262.78,0.0,,,8,0,CARL,,2026-09-17T13:18:36,2026-09-17T13:18:36
16171,2026-07-16,Plus Monroe Warehouse,COMPLETED,SHREDDER (1ST SHIFT),Posted,2026-07-17,5:49AM,,18:11:00,LBS,1236.0,1236.0,0.0,Plus Materials,,23.8463,23.85,0.0,,,0,0,CARL,,2026-09-17T13:18:36,2026-09-17T13:18:36
16172,2026-07-16,Monroe Processing Warehouse,COMPLETED,SHREDDER/GRINDER (1ST SHIFT),Posted,2026-07-17,5:49AM,,18:11:00,LBS,8096.0,8096.0,0.0,Plus Materials,,80.96,80.96,0.0,,,0,0,CARL,,2026-09-17T13:18:36,2026-09-17T13:18:36
16174,2026-07-16,Plus Monroe Warehouse,COMPLETED,AUTO-TIE BALER (2ND SHIFT),Posted,2026-07-17,5:50AM,,18:10:00,LBS,7169.0,7169.0,0.0,Plus Materials,,0.0,0.0,0.0,,,31,0,CARL,,2026-09-17T13:18:36,2026-09-17T13:18:36
16178,2026-07-16,Plus Monroe Warehouse,COMPLETED,EXTRUDER (2ND SHIFT),Posted,2026-07-17,5:50AM,,18:10:00,LBS,3210.0,3210.0,0.0,Plus Materials,,225.1313,225.14,0.0,,,0,0,CARL,,2026-09-17T13:18:36,2026-09-17T13:18:36
16180,2026-07-16,Plus Monroe Warehouse,COMPLETED,GUILLOTINE (2ND SHIFT),Posted,2026-07-17,5:51AM,,18:09:00,LBS,8984.0,8984.0,0.0,Plus Materials,,351.42,351.43,0.0,,,0,0,CARL,,2026-09-17T13:18:36,2026-09-17T13:18:36
16182,2026-07-16,Monroe Processing Warehouse,COMPLETED,SHREDDER/GRINDER (2ND SHIFT),Posted,2026-07-17,5:51AM,,18:09:00,LBS,5959.0,5959.0,0.0,Plus Materials,,59.59,59.59,0.0,,,0,0,CARL,,2026-09-17T13:18:36,2026-09-17T13:18:36
16184,2026-07-16,Plus Monroe Warehouse,COMPLETED,AUTO-TIE BALER (3RD SHIFT),Posted,2026-07-17,5:51AM,,18:09:00,LBS,7027.0,7027.0,0.0,Plus Materials,,41.8959,41.9,0.0,,,0,6,CARL,,2026-09-17T13:18:36,2026-09-17T13:18:36
16188,2026-07-16,Plus Monroe Warehouse,COMPLETED,EXTRUDER (3RD SHIFT),Posted,2026-07-17,5:52AM,,18:08:00,LBS,5196.0,5196.0,0.0,Plus Materials,,259.8,259.8,0.0,,,0,0,CARL,,2026-09-17T13:18:36,2026-09-17T13:18:36
16190,2026-07-16,Plus Monroe Warehouse,COMPLETED,GUILLOTINE (3RD SHIFT),Posted,2026-07-17,5:52AM,,18:08:00,LBS,5367.0,5367.0,0.0,Plus Materials,,53.15,53.15,0.0,,,0,0,CARL,,2026-09-17T13:18:36,2026-09-17T13:18:36
16195,2026-07-17,Plus Monroe Warehouse,COMPLETED,AUTO-TIE BALER (1ST SHIFT),Posted,2026-07-20,5:54AM,,18:06:00,LBS,2563.0,2563.0,0.0,Plus Materials,,0.0,0.0,0.0,,,13,2,CARL,,2026-09-17T13:18:36,2026-09-17T13:18:36
16199,2026-07-17,Plus Monroe Warehouse,COMPLETED,EXTRUDER (1ST SHIFT),Posted,2026-07-20,5:55AM,,18:05:00,LBS,14585.0,14585.0,0.0,Plus Materials,,0.0,0.0,0.0,,,0,0,CARL,,2026-09-17T13:18:36,2026-09-17T13:18:36
16201,2026-07-17,Plus Monroe Warehouse,COMPLETED,GUILLOTINE (1ST SHIFT),Posted,2026-07-20,5:55AM,,18:05:00,LBS,11633.0,11633.0,0.0,Plus Materials,,1744.95,1744.95,0.0,,,14,0,CARL,,2026-09-17T13:18:36,2026-09-17T13:18:36
16202,2026-07-17,Plus Monroe Warehouse,COMPLETED,SHREDDER (1ST SHIFT),Posted,2026-07-20,5:56AM,,18:04:00,LBS,1965.0,1965.0,0.0,Plus Materials,,56.0571,56.05,0.0,,,16,0,CARL,,2026-09-17T13:18:36,2026-09-17T13:18:36
16203,2026-07-17,Monroe Processing Warehouse,COMPLETED,SHREDDER/GRINDER (1ST SHIFT),Posted,2026-07-20,5:56AM,,18:04:00,LBS,6575.0,6575.0,0.0,Plus Materials,,348.9795,348.98,0.0,,,10,0,CARL,,2026-09-17T13:18:36,2026-09-17T13:18:36
16205,2026-07-17,Plus Monroe Warehouse,COMPLETED,AUTO-TIE BALER (2ND SHIFT),Posted,2026-07-20,5:56AM,,18:04:00,LBS,7759.0,7759.0,0.0,Plus Materials,,21.56,21.56,0.0,,,4,0,CARL,,2026-09-17T13:18:36,2026-09-17T13:18:36
16209,2026-07-17,Plus Monroe Warehouse,COMPLETED,EXTRUDER (2ND SHIFT),Posted,2026-07-20,5:57AM,,18:03:00,LBS,3356.0,3356.0,0.0,Plus Materials,,33.56,33.56,0.0,,,12,0,CARL,,2026-09-17T13:18:36,2026-09-17T13:18:36
16211,2026-07-17,Plus Monroe Warehouse,COMPLETED,GUILLOTINE (2ND SHIFT),Posted,2026-07-20,5:57AM,,18:03:00,LBS,8048.0,8048.0,0.0,Plus Materials,,0.0,0.0,0.0,,,6,0,CARL,,2026-09-17T13:18:36,2026-09-17T13:18:36
16215,2026-07-17,Plus Monroe Warehouse,COMPLETED,AUTO-TIE BALER (3RD SHIFT),Posted,2026-07-20,5:58AM,,18:02:00,LBS,4995.0,4995.0,0.0,Plus Materials,,0.0,0.0,0.0,,,5,4,CARL,,2026-09-17T13:18:36,2026-09-17T13:18:36
16219,2026-07-17,Plus Monroe Warehouse,COMPLETED,EXTRUDER (3RD SHIFT),Posted,2026-07-20,6:14AM,,17:46:00,LBS,5412.0,5412.0,0.0,Plus Materials,,811.8,811.8,0.0,,,35,0,CARL,,2026-09-17T13:18:36,2026-09-17T13:18:36
16221,2026-07-17,Plus Monroe Warehouse,COMPLETED,GUILLOTINE (3RD SHIFT),Posted,2026-07-20,6:15AM,,17:45:00,LBS,6295.0,6295.0,0.0,Plus Materials,,944.25,944.25,0.0,,,0,0,CARL,,2026-09-17T13:18:36,2026-09-17T13:18:36
16225,2026-07-17,PRN Southeast,COMPLETED,BALER,Posted,2026-07-20,6:15AM,,17:45:00,LBS,4542.0,6990.0,-2448.0,Plus Materials,,170.61,397.72,227.1,,,18,5,CARL,,2026-09-17T13:18:36,2026-09-17T13:18:36
16226,2026-07-20,Plus Monroe Warehouse,COMPLETED,AUTO-TIE BALER (1ST SHIFT),Posted,2026-07-21,4:56AM,,19:04:00,LBS,3333.0,3333.0,0.0,Plus Materials,,8.335,8.34,0.0,,,13,3,CARL,,2026-09-17T13:18:36,2026-09-17T13:18:36
16230,2026-07-20,Plus Monroe Warehouse,COMPLETED,EXTRUDER (1ST SHIFT),Posted,2026-07-21,4:57AM,,19:03:00,LBS,10656.0,10656.0,0.0,Plus Materials,,1598.4,1598.4,0.0,,,0,0,CARL,,2026-09-17T13:18:36,2026-09-17T13:18:36
16232,2026-07-20,Plus Monroe Warehouse,COMPLETED,GUILLOTINE (1ST SHIFT),Posted,2026-07-21,4:57AM,,19:03:00,LBS,8922.0,8922.0,0.0,Plus Materials,,89.22,89.22,0.0,,,0,0,CARL,,2026-09-17T13:18:36,2026-09-17T13:18:36
16233,2026-07-20,Plus Monroe Warehouse,COMPLETED,SHREDDER (1ST SHIFT),Posted,2026-07-21,4:57AM,,19:03:00,LBS,1409.0,1409.0,0.0,Plus Materials,,63.143,63.14,0.0,,,19,0,CARL,,2026-09-17T13:18:36,2026-09-17T13:18:36
16234,2026-07-20,Monroe Processing Warehouse,COMPLETED,SHREDDER/GRINDER (1ST SHIFT),Posted,2026-07-21,4:57AM,,19:03:00,LBS,2662.0,2662.0,0.0,Plus Materials,,266.2,266.2,0.0,,,55,0,CARL,,2026-09-17T13:18:36,2026-09-17T13:18:36
16236,2026-07-20,Plus Monroe Warehouse,COMPLETED,AUTO-TIE BALER (2ND SHIFT),Posted,2026-07-21,4:58AM,,19:02:00,LBS,3066.0,3066.0,0.0,Plus Materials,,0.0,0.0,0.0,,,0,0,CARL,,2026-09-17T13:18:36,2026-09-17T13:18:36
16240,2026-07-20,Plus Monroe Warehouse,COMPLETED,EXTRUDER (2ND SHIFT),Posted,2026-07-21,4:58AM,,19:02:00,LBS,4636.0,4636.0,0.0,Plus Materials,,0.0,0.0,0.0,,,10,0,CARL,,2026-09-17T13:18:36,2026-09-17T13:18:36
16242,2026-07-20,Plus Monroe Warehouse,COMPLETED,GUILLOTINE (2ND SHIFT),Posted,2026-07-21,4:59AM,,19:01:00,LBS,9210.0,9210.0,0.0,Plus Materials,,816.2084,816.2,0.0,,,46,0,CARL,,2026-09-17T13:18:36,2026-09-17T13:18:36
16244,2026-07-20,Monroe Processing Warehouse,COMPLETED,SHREDDER/GRINDER (2ND SHIFT),Posted,2026-07-21,4:59AM,,19:01:00,LBS,5282.0,5282.0,0.0,Plus Materials,,263.2449,263.23,0.0,,,5,0,CARL,,2026-09-17T13:18:36,2026-09-17T13:18:36
16246,2026-07-20,Plus Monroe Warehouse,COMPLETED,AUTO-TIE BALER (3RD SHIFT),Posted,2026-07-21,4:59AM,,19:01:00,LBS,9116.0,9116.0,0.0,Plus Materials,,0.0,0.0,0.0,,,52,8,CARL,,2026-09-17T13:18:36,2026-09-17T13:18:36
16250,2026-07-20,Plus Monroe Warehouse,COMPLETED,EXTRUDER (3RD SHIFT),Posted,2026-07-21,5:00AM,,19:00:00,LBS,5556.0,5556.0,0.0,Plus Materials,,833.4,833.4,0.0,,,0,0,CARL,,2026-09-17T13:18:36,2026-09-17T13:18:36
16252,2026-07-20,Plus Monroe Warehouse,COMPLETED,GUILLOTINE (3RD SHIFT),Posted,2026-07-21,5:00AM,,19:00:00,LBS,6420.0,6420.0,0.0,Plus Materials,,963.0,963.0,0.0,,,0,0,CARL,,2026-09-17T13:18:36,2026-09-17T13:18:36
16256,2026-07-20,PRN Southeast,COMPLETED,BALER,Posted,2026-07-21,5:01AM,,18:59:00,LBS,2145.0,1840.0,305.0,Plus Materials,,79.29,186.54,107.25,,,9,1,CARL,,2026-09-17T13:18:36,2026-09-17T13:18:36
16257,2026-07-21,Plus Monroe Warehouse,COMPLETED,AUTO-TIE BALER (1ST SHIFT),Posted,2026-07-22,5:51AM,,18:09:00,LBS,5887.0,5887.0,0.0,Plus Materials,,0.0,0.0,0.0,,,13,5,CARL,,2026-09-17T13:18:36,2026-09-17T13:18:36
16261,2026-07-21,Plus Monroe Warehouse,COMPLETED,EXTRUDER (1ST SHIFT),Posted,2026-07-22,5:52AM,,18:08:00,LBS,9154.0,9154.0,0.0,Plus Materials,,1373.1,1373.1,0.0,,,0,0,CARL,,2026-09-17T13:18:36,2026-09-17T13:18:36
16263,2026-07-21,Plus Monroe Warehouse,COMPLETED,GUILLOTINE (1ST SHIFT),Posted,2026-07-22,5:52AM,,18:08:00,LBS,7650.0,7650.0,0.0,Plus Materials,,677.9576,677.96,0.0,,,0,0,CARL,,2026-09-17T13:18:36,2026-09-17T13:18:36
16264,2026-07-21,Plus Monroe Warehouse,COMPLETED,SHREDDER (1ST SHIFT),Posted,2026-07-22,5:52AM,,18:08:00,LBS,1539.0,1539.0,0.0,Plus Materials,,46.2131,46.23,0.0,,,17,0,CARL,,2026-09-17T13:18:36,2026-09-17T13:18:36
16265,2026-07-21,Monroe Processing Warehouse,COMPLETED,SHREDDER/GRINDER (1ST SHIFT),Posted,2026-07-22,5:52AM,,18:08:00,LBS,6960.0,6960.0,0.0,Plus Materials,,616.8073,616.8,0.0,,,0,0,CARL,,2026-09-17T13:18:36,2026-09-17T13:18:36
16267,2026-07-21,Plus Monroe Warehouse,COMPLETED,AUTO-TIE BALER (2ND SHIFT),Posted,2026-07-22,5:53AM,,18:07:00,LBS,1405.0,1405.0,0.0,Plus Materials,,0.0,0.0,0.0,,,0,0,CARL,,2026-09-17T13:18:36,2026-09-17T13:18:36
16271,2026-07-21,Plus Monroe Warehouse,COMPLETED,EXTRUDER (2ND SHIFT),Posted,2026-07-22,5:53AM,,18:07:00,LBS,5788.0,5788.0,0.0,Plus Materials,,0.0,0.0,0.0,,,21,0,CARL,,2026-09-17T13:18:36,2026-09-17T13:18:36
16273,2026-07-21,Plus Monroe Warehouse,COMPLETED,GUILLOTINE (2ND SHIFT),Posted,2026-07-22,5:53AM,,18:07:00,LBS,11090.0,11090.0,0.0,Plus Materials,,673.5319,673.52,0.0,,,13,0,CARL,,2026-09-17T13:18:36,2026-09-17T13:18:36
16275,2026-07-21,Monroe Processing Warehouse,COMPLETED,SHREDDER/GRINDER (2ND SHIFT),Posted,2026-07-22,5:54AM,,18:06:00,LBS,6828.0,6828.0,0.0,Plus Materials,,0.0,0.0,0.0,,,1,0,CARL,,2026-09-17T13:18:36,2026-09-17T13:18:36
16277,2026-07-21,Plus Monroe Warehouse,COMPLETED,AUTO-TIE BALER (3RD SHIFT),Posted,2026-07-22,5:54AM,,18:06:00,LBS,1044.0,1044.0,0.0,Plus Materials,,70.015,70.02,0.0,,,0,1,CARL,,2026-09-17T13:18:36,2026-09-17T13:18:36
16281,2026-07-21,Plus Monroe Warehouse,COMPLETED,EXTRUDER (3RD SHIFT),Posted,2026-07-22,5:55AM,,18:05:00,LBS,6343.0,6343.0,0.0,Plus Materials,,634.3,634.3,0.0,,,18,0,CARL,,2026-09-17T13:18:36,2026-09-17T13:18:36
16283,2026-07-21,Plus Monroe Warehouse,COMPLETED,GUILLOTINE (3RD SHIFT),Posted,2026-07-22,5:55AM,,18:05:00,LBS,7066.0,7066.0,0.0,Plus Materials,,706.6,706.6,0.0,,,0,0,CARL,,2026-09-17T13:18:36,2026-09-17T13:18:36
16288,2026-07-22,Plus Monroe Warehouse,COMPLETED,AUTO-TIE BALER (1ST SHIFT),Posted,2026-07-23,5:50AM,,18:10:00,LBS,4569.0,4569.0,0.0,Plus Materials,,75.5,75.5,0.0,,,21,3,CARL,,2026-09-17T13:18:36,2026-09-17T13:18:36
16292,2026-07-22,Plus Monroe Warehouse,COMPLETED,EXTRUDER (1ST SHIFT),Posted,2026-07-23,5:51AM,,18:09:00,LBS,7489.0,7489.0,0.0,Plus Materials,,898.68,898.68,0.0,,,200,0,CARL,,2026-09-17T13:18:36,2026-09-17T13:18:36
16294,2026-07-22,Plus Monroe Warehouse,COMPLETED,GUILLOTINE (1ST SHIFT),Posted,2026-07-23,5:51AM,,18:09:00,LBS,9899.0,9899.0,0.0,Plus Materials,,811.9741,811.97,0.0,,,21,0,CARL,,2026-09-17T13:18:36,2026-09-17T13:18:36
16295,2026-07-22,Plus Monroe Warehouse,COMPLETED,SHREDDER (1ST SHIFT),Posted,2026-07-23,5:51AM,,18:09:00,LBS,1539.0,1539.0,0.0,Plus Materials,,30.91,30.91,0.0,,,18,0,CARL,,2026-09-17T13:18:36,2026-09-17T13:18:36
16296,2026-07-22,Monroe Processing Warehouse,COMPLETED,SHREDDER/GRINDER (1ST SHIFT),Posted,2026-07-23,5:52AM,,18:08:00,LBS,6857.0,6857.0,0.0,Plus Materials,,0.0,0.0,0.0,,,0,0,CARL,,2026-09-17T13:18:36,2026-09-17T13:18:36
16298,2026-07-22,Plus Monroe Warehouse,COMPLETED,AUTO-TIE BALER (2ND SHIFT),Posted,2026-07-23,5:52AM,,18:08:00,LBS,7624.0,7624.0,0.0,Plus Materials,,142.6461,142.65,0.0,,,52,0,CARL,,2026-09-17T13:18:36,2026-09-17T13:18:36
16302,2026-07-22,Plus Monroe Warehouse,COMPLETED,EXTRUDER (2ND SHIFT),Posted,2026-07-23,5:52AM,,18:08:00,LBS,6094.0,6094.0,0.0,Plus Materials,,731.28,731.28,0.0,,,8,0,CARL,,2026-09-17T13:18:36,2026-09-17T13:18:36
16304,2026-07-22,Plus Monroe Warehouse,COMPLETED,GUILLOTINE (2ND SHIFT),Posted,2026-07-23,5:53AM,,18:07:00,LBS,9727.0,9727.0,0.0,Plus Materials,,491.76,491.75,0.0,,,0,0,CARL,,2026-09-17T13:18:36,2026-09-17T13:18:36
16306,2026-07-22,Monroe Processing Warehouse,COMPLETED,SHREDDER/GRINDER (2ND SHIFT),Posted,2026-07-23,5:53AM,,18:07:00,LBS,4676.0,4676.0,0.0,Plus Materials,,231.7457,231.74,0.0,,,3,0,CARL,,2026-09-17T13:18:36,2026-09-17T13:18:36
16308,2026-07-22,Plus Monroe Warehouse,COMPLETED,AUTO-TIE BALER (3RD SHIFT),Posted,2026-07-23,5:53AM,,18:07:00,LBS,7260.0,7260.0,0.0,Plus Materials,,795.7748,795.78,0.0,,,0,6,CARL,,2026-09-17T13:18:36,2026-09-17T13:18:36
16312,2026-07-22,Plus Monroe Warehouse,COMPLETED,EXTRUDER (3RD SHIFT),Posted,2026-07-23,5:54AM,,18:06:00,LBS,4532.0,4532.0,0.0,Plus Materials,,543.84,543.84,0.0,,,0,0,CARL,,2026-09-17T13:18:36,2026-09-17T13:18:36
16314,2026-07-22,Plus Monroe Warehouse,COMPLETED,GUILLOTINE (3RD SHIFT),Posted,2026-07-23,5:54AM,,18:06:00,LBS,6189.0,6189.0,0.0,Plus Materials,,742.68,742.68,0.0,,,0,0,CARL,,2026-09-17T13:18:36,2026-09-17T13:18:36
16318,2026-07-22,PRN Southeast,COMPLETED,BALER,Posted,2026-07-23,5:55AM,,18:05:00,LBS,2013.0,2730.0,-717.0,Plus Materials,,76.37,177.02,100.65,,,6,2,CARL,,2026-09-17T13:18:36,2026-09-17T13:18:36
16319,2026-07-23,Plus Monroe Warehouse,COMPLETED,AUTO-TIE BALER (1ST SHIFT),Posted,2026-07-24,5:44AM,,18:16:00,LBS,7881.0,7881.0,0.0,Plus Materials,,788.1,788.1,0.0,,,28,6,CARL,,2026-09-17T13:18:36,2026-09-17T13:18:36
16323,2026-07-23,Plus Monroe Warehouse,COMPLETED,EXTRUDER (1ST SHIFT),Posted,2026-07-24,5:44AM,,18:16:00,LBS,8329.0,8329.0,0.0,Plus Materials,,45.1,45.11,0.0,,,6,0,CARL,,2026-09-17T13:18:36,2026-09-17T13:18:36
16325,2026-07-23,Plus Monroe Warehouse,COMPLETED,GUILLOTINE (1ST SHIFT),Posted,2026-07-24,5:44AM,,18:16:00,LBS,9323.0,9323.0,0.0,Plus Materials,,0.0,0.0,0.0,,,13,0,CARL,,2026-09-17T13:18:36,2026-09-17T13:18:36
16326,2026-07-23,Plus Monroe Warehouse,COMPLETED,SHREDDER (1ST SHIFT),Posted,2026-07-24,5:45AM,,18:15:00,LBS,791.0,791.0,0.0,Plus Materials,,49.6923,49.69,0.0,,,19,0,CARL,,2026-09-17T13:18:36,2026-09-17T13:18:36
16327,2026-07-23,Monroe Processing Warehouse,COMPLETED,SHREDDER/GRINDER (1ST SHIFT),Posted,2026-07-24,5:45AM,,18:15:00,LBS,4473.0,4473.0,0.0,Plus Materials,,230.4398,230.45,0.0,,,2,0,CARL,,2026-09-17T13:18:36,2026-09-17T13:18:36
16329,2026-07-23,Plus Monroe Warehouse,COMPLETED,AUTO-TIE BALER (2ND SHIFT),Posted,2026-07-24,5:45AM,,18:15:00,LBS,7263.0,7263.0,0.0,Plus Materials,,1947.0109,1947.02,0.0,,,9,0,CARL,,2026-09-17T13:18:36,2026-09-17T13:18:36
16333,2026-07-23,Plus Monroe Warehouse,COMPLETED,EXTRUDER (2ND SHIFT),Posted,2026-07-24,5:46AM,,18:14:00,LBS,4944.0,4944.0,0.0,Plus Materials,,741.6,741.6,0.0,,,0,0,CARL,,2026-09-17T13:18:36,2026-09-17T13:18:36
16335,2026-07-23,Plus Monroe Warehouse,COMPLETED,GUILLOTINE (2ND SHIFT),Posted,2026-07-24,5:46AM,,18:14:00,LBS,9592.0,9592.0,0.0,Plus Materials,,217.5276,217.53,0.0,,,16,0,CARL,,2026-09-17T13:18:36,2026-09-17T13:18:36
16337,2026-07-23,Monroe Processing Warehouse,COMPLETED,SHREDDER/GRINDER (2ND SHIFT),Posted,2026-07-24,5:47AM,,18:13:00,LBS,2788.0,2788.0,0.0,Plus Materials,,127.9234,127.92,0.0,,,4,0,CARL,,2026-09-17T13:18:36,2026-09-17T13:18:36
16339,2026-07-23,Plus Monroe Warehouse,COMPLETED,AUTO-TIE BALER (3RD SHIFT),Posted,2026-07-24,5:47AM,,18:13:00,LBS,8157.0,8157.0,0.0,Plus Materials,,2186.668,2186.67,0.0,,,0,6,CARL,,2026-09-17T13:18:36,2026-09-17T13:18:36
16343,2026-07-23,Plus Monroe Warehouse,COMPLETED,EXTRUDER (3RD SHIFT),Posted,2026-07-24,5:47AM,,18:13:00,LBS,3494.0,3494.0,0.0,Plus Materials,,34.94,34.94,0.0,,,21,0,CARL,,2026-09-17T13:18:36,2026-09-17T13:18:36
16345,2026-07-23,Plus Monroe Warehouse,COMPLETED,GUILLOTINE (3RD SHIFT),Posted,2026-07-24,5:48AM,,18:12:00,LBS,10584.0,10584.0,0.0,Plus Materials,,179.95,179.98,0.0,,,12,0,CARL,,2026-09-17T13:18:36,2026-09-17T13:18:36
16349,2026-07-23,PRN Southeast,COMPLETED,BALER,Posted,2026-07-24,5:48AM,,18:12:00,LBS,5060.0,4975.0,85.0,Plus Materials,,285.99,538.99,253.0,,,18,3,CARL,,2026-09-17T13:18:36,2026-09-17T13:18:36
16350,2026-07-24,Plus Monroe Warehouse,COMPLETED,AUTO-TIE BALER (1ST SHIFT),Posted,2026-07-27,5:52AM,,18:08:00,LBS,5737.0,5737.0,0.0,Plus Materials,,0.0,0.0,0.0,,,52,5,CARL,,2026-09-17T13:18:36,2026-09-17T13:18:36
16354,2026-07-24,Plus Monroe Warehouse,COMPLETED,EXTRUDER (1ST SHIFT),Posted,2026-07-27,5:53AM,,18:07:00,LBS,11968.0,11968.0,0.0,Plus Materials,,0.0,0.0,0.0,,,42,0,CARL,,2026-09-17T13:18:36,2026-09-17T13:18:36
16356,2026-07-24,Plus Monroe Warehouse,COMPLETED,GUILLOTINE (1ST SHIFT),Posted,2026-07-27,5:53AM,,18:07:00,LBS,12047.0,12047.0,0.0,Plus Materials,,753.0019,752.99,0.0,,,67,0,CARL,,2026-09-17T13:18:36,2026-09-17T13:18:36
16358,2026-07-24,Monroe Processing Warehouse,COMPLETED,SHREDDER/GRINDER (1ST SHIFT),Posted,2026-07-27,5:53AM,,18:07:00,LBS,5906.0,5906.0,0.0,Plus Materials,,552.7131,552.71,0.0,,,0,0,CARL,,2026-09-17T13:18:36,2026-09-17T13:18:36
16360,2026-07-24,Plus Monroe Warehouse,COMPLETED,AUTO-TIE BALER (2ND SHIFT),Posted,2026-07-27,5:53AM,,18:07:00,LBS,10879.0,10879.0,0.0,Plus Materials,,0.0,0.0,0.0,,,16,0,CARL,,2026-09-17T13:18:36,2026-09-17T13:18:36
16364,2026-07-24,Plus Monroe Warehouse,COMPLETED,EXTRUDER (2ND SHIFT),Posted,2026-07-27,5:54AM,,18:06:00,LBS,4794.0,4794.0,0.0,Plus Materials,,368.4,368.4,0.0,,,5,0,CARL,,2026-09-17T13:18:36,2026-09-17T13:18:36
16366,2026-07-24,Plus Monroe Warehouse,COMPLETED,GUILLOTINE (2ND SHIFT),Posted,2026-07-27,5:54AM,,18:06:00,LBS,8534.0,8534.0,0.0,Plus Materials,,177.0692,177.06,0.0,,,26,0,CARL,,2026-09-17T13:18:36,2026-09-17T13:18:36
16368,2026-07-24,Monroe Processing Warehouse,COMPLETED,SHREDDER/GRINDER (2ND SHIFT),Posted,2026-07-27,5:55AM,,18:05:00,LBS,1934.0,1934.0,0.0,Plus Materials,,101.4768,101.48,0.0,,,6,0,CARL,,2026-09-17T13:18:36,2026-09-17T13:18:36
16370,2026-07-24,Plus Monroe Warehouse,COMPLETED,AUTO-TIE BALER (3RD SHIFT),Posted,2026-07-27,5:55AM,,18:05:00,LBS,7407.0,7407.0,0.0,Plus Materials,,436.0717,436.06,0.0,,,52,6,CARL,,2026-09-17T13:18:36,2026-09-17T13:18:36
16374,2026-07-24,Plus Monroe Warehouse,COMPLETED,EXTRUDER (3RD SHIFT),Posted,2026-07-27,5:56AM,,18:04:00,LBS,5035.0,5035.0,0.0,Plus Materials,,0.0,0.0,0.0,,,14,0,CARL,,2026-09-17T13:18:36,2026-09-17T13:18:36
16380,2026-07-24,PRN Southeast,COMPLETED,BALER,Posted,2026-07-27,5:57AM,,18:03:00,LBS,4999.0,7865.0,-2866.0,Plus Materials,,285.66,535.61,249.95,,,17,5,CARL,,2026-09-17T13:18:36,2026-09-17T13:18:36
16381,2026-07-27,Plus Monroe Warehouse,COMPLETED,AUTO-TIE BALER (1ST SHIFT),Posted,2026-07-28,4:56AM,,19:04:00,LBS,3689.0,3689.0,0.0,Plus Materials,,0.0,0.0,0.0,,,16,3,CARL,,2026-09-17T13:18:36,2026-09-17T13:18:36
16385,2026-07-27,Plus Monroe Warehouse,COMPLETED,EXTRUDER (1ST SHIFT),Posted,2026-07-28,4:56AM,,19:04:00,LBS,6165.0,6165.0,0.0,Plus Materials,,22.75,22.75,0.0,,,30,0,CARL,,2026-09-17T13:18:36,2026-09-17T13:18:36
16387,2026-07-27,Plus Monroe Warehouse,COMPLETED,GUILLOTINE (1ST SHIFT),Posted,2026-07-28,4:57AM,,19:03:00,LBS,7238.0,7238.0,0.0,Plus Materials,,677.3704,677.36,0.0,,,0,0,CARL,,2026-09-17T13:18:36,2026-09-17T13:18:36
16389,2026-07-27,Monroe Processing Warehouse,COMPLETED,SHREDDER/GRINDER (1ST SHIFT),Posted,2026-07-28,4:57AM,,19:03:00,LBS,4963.0,4963.0,0.0,Plus Materials,,0.0,0.0,0.0,,,0,0,CARL,,2026-09-17T13:18:36,2026-09-17T13:18:36
16391,2026-07-27,Plus Monroe Warehouse,COMPLETED,AUTO-TIE BALER (2ND SHIFT),Posted,2026-07-28,4:57AM,,19:03:00,LBS,6251.0,6251.0,0.0,Plus Materials,,512.5,512.5,0.0,,,0,5780,CARL,,2026-09-17T13:18:36,2026-09-17T13:18:36
16395,2026-07-27,Plus Monroe Warehouse,COMPLETED,EXTRUDER (2ND SHIFT),Posted,2026-07-28,4:58AM,,19:02:00,LBS,4366.0,4366.0,0.0,Plus Materials,,213.1,213.1,0.0,,,3,0,CARL,,2026-09-17T13:18:36,2026-09-17T13:18:36
16397,2026-07-27,Plus Monroe Warehouse,COMPLETED,GUILLOTINE (2ND SHIFT),Posted,2026-07-28,4:58AM,,19:02:00,LBS,9403.0,9403.0,0.0,Plus Materials,,0.0,0.0,0.0,,,30,0,CARL,,2026-09-17T13:18:36,2026-09-17T13:18:36
16399,2026-07-27,Monroe Processing Warehouse,COMPLETED,SHREDDER/GRINDER (2ND SHIFT),Posted,2026-07-28,4:59AM,,19:01:00,LBS,4237.0,4237.0,0.0,Plus Materials,,0.0,0.0,0.0,,,1,0,CARL,,2026-09-17T13:18:36,2026-09-17T13:18:36
16401,2026-07-27,Plus Monroe Warehouse,COMPLETED,AUTO-TIE BALER (3RD SHIFT),Posted,2026-07-28,4:59AM,,19:01:00,LBS,5852.0,5852.0,0.0,Plus Materials,,0.0,0.0,0.0,,,35,45,CARL,,2026-09-17T13:18:36,2026-09-17T13:18:36
16405,2026-07-27,Plus Monroe Warehouse,COMPLETED,EXTRUDER (3RD SHIFT),Posted,2026-07-28,5:00AM,,19:00:00,LBS,3572.0,3572.0,0.0,Plus Materials,,0.0,0.0,0.0,,,0,0,CARL,,2026-09-17T13:18:36,2026-09-17T13:18:36
16407,2026-07-27,Plus Monroe Warehouse,COMPLETED,GUILLOTINE (3RD SHIFT),Posted,2026-07-28,5:00AM,,19:00:00,LBS,5151.0,5151.0,0.0,Plus Materials,,0.0,0.0,0.0,,,0,0,CARL,,2026-09-17T13:18:36,2026-09-17T13:18:36
16411,2026-07-27,PRN Southeast,COMPLETED,BALER,Posted,2026-07-28,5:01AM,,18:59:00,LBS,1300.0,1895.0,-595.0,Plus Materials,,71.21,136.21,65.0,,,4,1,CARL,,2026-09-17T13:18:36,2026-09-17T13:18:36
16412,2026-07-27,PRN Southeast,COMPLETED,BALER,Posted,2026-07-28,5:09AM,,18:51:00,LBS,2015.0,2390.0,-375.0,Plus Materials,,88.23,188.98,100.75,,,8,2,CARL,,2026-09-17T13:18:36,2026-09-17T13:18:36
16417,2026-07-28,Plus Monroe Warehouse,COMPLETED,EXTRUDER (1ST SHIFT),Posted,2026-07-29,5:46AM,,18:14:00,LBS,6562.0,6562.0,0.0,Plus Materials,,0.0,0.0,0.0,,,0,0,CARL,,2026-09-17T13:18:36,2026-09-17T13:18:36
16419,2026-07-28,Plus Monroe Warehouse,COMPLETED,GUILLOTINE (1ST SHIFT),Posted,2026-07-29,5:47AM,,18:13:00,LBS,4885.0,4885.0,0.0,Plus Materials,,0.0,0.0,0.0,,,48,0,CARL,,2026-09-17T13:18:36,2026-09-17T13:18:36
16420,2026-07-28,Plus Monroe Warehouse,COMPLETED,SHREDDER (1ST SHIFT),Posted,2026-07-29,5:47AM,,18:13:00,LBS,595.0,595.0,0.0,Plus Materials,,0.0,0.0,0.0,,,0,0,CARL,,2026-09-17T13:18:36,2026-09-17T13:18:36
16421,2026-07-28,Monroe Processing Warehouse,COMPLETED,SHREDDER/GRINDER (1ST SHIFT),Posted,2026-07-29,5:47AM,,18:13:00,LBS,3213.0,3213.0,0.0,Plus Materials,,0.0,0.0,0.0,,,0,0,CARL,,2026-09-17T13:18:36,2026-09-17T13:18:36
16427,2026-07-28,Plus Monroe Warehouse,COMPLETED,EXTRUDER (2ND SHIFT),Posted,2026-07-29,5:48AM,,18:12:00,LBS,5688.0,5688.0,0.0,Plus Materials,,0.0,0.0,0.0,,,0,0,CARL,,2026-09-17T13:18:36,2026-09-17T13:18:36
16429,2026-07-28,Plus Monroe Warehouse,COMPLETED,GUILLOTINE (2ND SHIFT),Posted,2026-07-29,5:48AM,,18:12:00,LBS,7346.0,7346.0,0.0,Plus Materials,,0.0,0.0,0.0,,,0,0,CARL,,2026-09-17T13:18:36,2026-09-17T13:18:36
16431,2026-07-28,Monroe Processing Warehouse,COMPLETED,SHREDDER/GRINDER (2ND SHIFT),Posted,2026-07-29,5:49AM,,18:11:00,LBS,3807.0,3807.0,0.0,Plus Materials,,0.0,0.0,0.0,,,0,0,CARL,,2026-09-17T13:18:36,2026-09-17T13:18:36
16437,2026-07-28,Plus Monroe Warehouse,COMPLETED,EXTRUDER (3RD SHIFT),Posted,2026-07-29,5:49AM,,18:11:00,LBS,5318.0,5318.0,0.0,Plus Materials,,0.0,0.0,0.0,,,0,0,CARL,,2026-09-17T13:18:36,2026-09-17T13:18:36
16441,2026-07-28,Monroe Processing Warehouse,COMPLETED,SHREDDER/GRINDER (3RD SHIFT),Posted,2026-07-29,5:50AM,,18:10:00,LBS,1696.0,1696.0,0.0,Plus Materials,,179.3806,179.38,0.0,,,0,0,CARL,,2026-09-17T13:18:36,2026-09-17T13:18:36
16443,2026-07-28,PRN Southeast,COMPLETED,BALER,Posted,2026-07-29,6:29AM,,17:31:00,LBS,5290.0,6690.0,-1400.0,Plus Materials,,301.54,566.04,264.5,,,20,3,CARL,,2026-09-17T13:18:36,2026-09-17T13:18:36
16448,2026-07-29,Plus Monroe Warehouse,COMPLETED,EXTRUDER (1ST SHIFT),Posted,2026-07-30,5:51AM,,18:09:00,LBS,2700.0,2700.0,0.0,Plus Materials,,0.0,0.0,0.0,,,0,0,CARL,,2026-09-17T13:18:36,2026-09-17T13:18:36
16450,2026-07-29,Plus Monroe Warehouse,COMPLETED,GUILLOTINE (1ST SHIFT),Posted,2026-07-30,5:51AM,,18:09:00,LBS,6818.0,6818.0,0.0,Plus Materials,,0.0,0.0,0.0,,,48,0,CARL,,2026-09-17T13:18:36,2026-09-17T13:18:36
16451,2026-07-29,Plus Monroe Warehouse,COMPLETED,SHREDDER (1ST SHIFT),Posted,2026-07-30,5:51AM,,18:09:00,LBS,1106.0,1106.0,0.0,Plus Materials,,99.54,99.54,0.0,,,0,0,CARL,,2026-09-17T13:18:36,2026-09-17T13:18:36
16452,2026-07-29,Monroe Processing Warehouse,COMPLETED,SHREDDER/GRINDER (1ST SHIFT),Posted,2026-07-30,5:51AM,,18:09:00,LBS,6780.0,6780.0,0.0,Plus Materials,,705.6041,705.6,0.0,,,0,0,CARL,,2026-09-17T13:18:36,2026-09-17T13:18:36
16454,2026-07-29,Plus Monroe Warehouse,COMPLETED,AUTO-TIE BALER (2ND SHIFT),Posted,2026-07-30,5:52AM,,18:08:00,LBS,1458.0,1458.0,0.0,Plus Materials,,0.0,0.0,0.0,,,0,0,CARL,,2026-09-17T13:18:36,2026-09-17T13:18:36
16458,2026-07-29,Plus Monroe Warehouse,COMPLETED,EXTRUDER (2ND SHIFT),Posted,2026-07-30,5:52AM,,18:08:00,LBS,4700.0,4700.0,0.0,Plus Materials,,0.0,0.0,0.0,,,0,0,CARL,,2026-09-17T13:18:36,2026-09-17T13:18:36
16460,2026-07-29,Plus Monroe Warehouse,COMPLETED,GUILLOTINE (2ND SHIFT),Posted,2026-07-30,5:53AM,,18:07:00,LBS,6647.0,6647.0,0.0,Plus Materials,,0.0,0.0,0.0,,,0,0,CARL,,2026-09-17T13:18:36,2026-09-17T13:18:36
16462,2026-07-29,Monroe Processing Warehouse,COMPLETED,SHREDDER/GRINDER (2ND SHIFT),Posted,2026-07-30,5:53AM,,18:07:00,LBS,6404.0,6404.0,0.0,Plus Materials,,666.4718,666.47,0.0,,,0,0,CARL,,2026-09-17T13:18:36,2026-09-17T13:18:36
16464,2026-07-29,Plus Monroe Warehouse,COMPLETED,AUTO-TIE BALER (3RD SHIFT),Posted,2026-07-30,5:53AM,,18:07:00,LBS,5391.0,5391.0,0.0,Plus Materials,,163.35,163.34,0.0,,,70,4,CARL,,2026-09-17T13:18:36,2026-09-17T13:18:36
16475,2026-07-30,Plus Monroe Warehouse,COMPLETED,AUTO-TIE BALER (1ST SHIFT),Posted,2026-07-31,5:47AM,,18:13:00,LBS,1824.0,1824.0,0.0,Plus Materials,,0.0,0.0,0.0,,,5,2,CARL,,2026-09-17T13:18:36,2026-09-17T13:18:36
16479,2026-07-30,Plus Monroe Warehouse,COMPLETED,EXTRUDER (1ST SHIFT),Posted,2026-07-31,5:48AM,,18:12:00,LBS,5190.0,5190.0,0.0,Plus Materials,,0.0,0.0,0.0,,,0,0,CARL,,2026-09-17T13:18:36,2026-09-17T13:18:36
16481,2026-07-30,Plus Monroe Warehouse,COMPLETED,GUILLOTINE (1ST SHIFT),Posted,2026-07-31,5:48AM,,18:12:00,LBS,3864.0,3864.0,0.0,Plus Materials,,-85.61,-85.62,0.0,,,0,0,CARL,,2026-09-17T13:18:36,2026-09-17T13:18:36
16482,2026-07-30,Plus Monroe Warehouse,COMPLETED,SHREDDER (1ST SHIFT),Posted,2026-07-31,5:48AM,,18:12:00,LBS,936.0,936.0,0.0,Plus Materials,,0.0,0.0,0.0,,,0,0,CARL,,2026-09-17T13:18:36,2026-09-17T13:18:36
16483,2026-07-30,Monroe Processing Warehouse,COMPLETED,SHREDDER/GRINDER (1ST SHIFT),Posted,2026-07-31,5:48AM,,18:12:00,LBS,6111.0,6111.0,0.0,Plus Materials,,635.9795,635.97,0.0,,,0,0,CARL,,2026-09-17T13:18:36,2026-09-17T13:18:36
16485,2026-07-30,Plus Monroe Warehouse,COMPLETED,AUTO-TIE BALER (2ND SHIFT),Posted,2026-07-31,5:49AM,,18:11:00,LBS,4619.0,4619.0,0.0,Plus Materials,,0.0,0.0,0.0,,,0,0,CARL,,2026-09-17T13:18:36,2026-09-17T13:18:36
16489,2026-07-30,Plus Monroe Warehouse,COMPLETED,EXTRUDER (2ND SHIFT),Posted,2026-07-31,5:49AM,,18:11:00,LBS,1400.0,1400.0,0.0,Plus Materials,,0.0,0.0,0.0,,,0,0,CARL,,2026-09-17T13:18:36,2026-09-17T13:18:36
16491,2026-07-30,Plus Monroe Warehouse,COMPLETED,GUILLOTINE (2ND SHIFT),Posted,2026-07-31,5:50AM,,18:10:00,LBS,3022.0,3022.0,0.0,Plus Materials,,-211.54,-211.54,0.0,,,8,0,CARL,,2026-09-17T13:18:36,2026-09-17T13:18:36
16493,2026-07-30,Monroe Processing Warehouse,COMPLETED,SHREDDER/GRINDER (2ND SHIFT),Posted,2026-07-31,5:50AM,,18:10:00,LBS,5075.0,5075.0,0.0,Plus Materials,,528.1615,528.16,0.0,,,0,0,CARL,,2026-09-17T13:18:36,2026-09-17T13:18:36
16495,2026-07-30,Plus Monroe Warehouse,COMPLETED,AUTO-TIE BALER (3RD SHIFT),Posted,2026-07-31,5:50AM,,18:10:00,LBS,4830.0,4830.0,0.0,Plus Materials,,0.0,0.0,0.0,,,13,4,CARL,,2026-09-17T13:18:36,2026-09-17T13:18:36
16499,2026-07-30,Plus Monroe Warehouse,COMPLETED,EXTRUDER (3RD SHIFT),Posted,2026-07-31,5:51AM,,18:09:00,LBS,1738.0,1738.0,0.0,Plus Materials,,0.0,0.0,0.0,,,0,0,CARL,,2026-09-17T13:18:36,2026-09-17T13:18:36
16501,2026-07-30,Plus Monroe Warehouse,COMPLETED,GUILLOTINE (3RD SHIFT),Posted,2026-07-31,5:51AM,,18:09:00,LBS,5489.0,5489.0,0.0,Plus Materials,,0.0,0.0,0.0,,,0,0,CARL,,2026-09-17T13:18:36,2026-09-17T13:18:36
16505,2026-07-30,PRN Southeast,COMPLETED,BALER,Posted,2026-07-31,5:52AM,,18:08:00,LBS,2013.0,6312.0,-4299.0,Plus Materials,,114.02,214.66,100.65,,,8,4,CARL,,2026-09-17T13:18:36,2026-09-17T13:18:36
16506,2026-07-31,Plus Monroe Warehouse,COMPLETED,AUTO-TIE BALER (1ST SHIFT),Posted,2026-08-03,5:48AM,,18:12:00,LBS,1334.0,5382.0,-4048.0,Plus Materials,,0.0,0.0,0.0,,,3,5,CARL,,2026-09-17T13:18:36,2026-09-17T13:18:36
16510,2026-07-31,Plus Monroe Warehouse,COMPLETED,EXTRUDER (1ST SHIFT),Posted,2026-08-03,5:48AM,,18:12:00,LBS,16575.0,16575.0,0.0,Plus Materials,,0.0,0.0,0.0,,,42,0,CARL,,2026-09-17T13:18:36,2026-09-17T13:18:36
16512,2026-07-31,Plus Monroe Warehouse,COMPLETED,GUILLOTINE (1ST SHIFT),Posted,2026-08-03,5:49AM,,18:11:00,LBS,7040.0,7040.0,0.0,Plus Materials,,0.0,0.0,0.0,,,0,0,CARL,,2026-09-17T13:18:36,2026-09-17T13:18:36
16514,2026-07-31,Monroe Processing Warehouse,COMPLETED,SHREDDER/GRINDER (1ST SHIFT),Posted,2026-08-03,5:49AM,,18:11:00,LBS,1113.0,1113.0,0.0,Plus Materials,,117.202,117.2,0.0,,,0,0,CARL,,2026-09-17T13:18:36,2026-09-17T13:18:36
16516,2026-07-31,Plus Monroe Warehouse,COMPLETED,AUTO-TIE BALER (2ND SHIFT),Posted,2026-08-03,5:49AM,,18:11:00,LBS,6531.0,6531.0,0.0,Plus Materials,,-244.6613,-244.66,0.0,,,54,0,CARL,,2026-09-17T13:18:36,2026-09-17T13:18:36
16520,2026-07-31,Plus Monroe Warehouse,COMPLETED,EXTRUDER (2ND SHIFT),Posted,2026-08-03,5:50AM,,18:10:00,LBS,5610.0,5610.0,0.0,Plus Materials,,0.0,0.0,0.0,,,52,0,CARL,,2026-09-17T13:18:36,2026-09-17T13:18:36
16522,2026-07-31,Plus Monroe Warehouse,COMPLETED,GUILLOTINE (2ND SHIFT),Posted,2026-08-03,5:50AM,,18:10:00,LBS,7537.0,7537.0,0.0,Plus Materials,,0.0,0.0,0.0,,,0,0,CARL,,2026-09-17T13:18:36,2026-09-17T13:18:36
16524,2026-07-31,Monroe Processing Warehouse,COMPLETED,SHREDDER/GRINDER (2ND SHIFT),Posted,2026-08-03,5:50AM,,18:10:00,LBS,7838.0,7838.0,0.0,Plus Materials,,815.7116,815.71,0.0,,,0,0,CARL,,2026-09-17T13:18:36,2026-09-17T13:18:36
16526,2026-07-31,Plus Monroe Warehouse,COMPLETED,AUTO-TIE BALER (3RD SHIFT),Posted,2026-08-03,5:51AM,,18:09:00,LBS,6400.0,6400.0,0.0,Plus Materials,,90.4439,90.45,0.0,,,0,5,CARL,,2026-09-17T13:18:36,2026-09-17T13:18:36
16530,2026-07-31,Plus Monroe Warehouse,COMPLETED,EXTRUDER (3RD SHIFT),Posted,2026-08-03,5:51AM,,18:09:00,LBS,6656.0,6656.0,0.0,Plus Materials,,0.0,0.0,0.0,,,0,0,CARL,,2026-09-17T13:18:36,2026-09-17T13:18:36
16532,2026-07-31,Plus Monroe Warehouse,COMPLETED,GUILLOTINE (3RD SHIFT),Posted,2026-08-03,5:52AM,,18:08:00,LBS,4684.0,4684.0,0.0,Plus Materials,,0.0,0.0,0.0,,,0,0,CARL,,2026-09-17T13:18:36,2026-09-17T13:18:36
16536,2026-07-31,PRN Southeast,COMPLETED,BALER,Posted,2026-08-03,5:52AM,,18:08:00,LBS,3785.0,6032.0,-2247.0,Plus Materials,,210.63,399.88,189.25,,,11,3,CARL,,2026-09-17T13:18:36,2026-09-17T13:18:36
16537,2026-08-03,Plus Monroe Warehouse,COMPLETED,AUTO-TIE BALER (1ST SHIFT),Posted,2026-08-04,4:53AM,,19:07:00,LBS,2009.0,4507.0,-2498.0,Plus Materials,,0.0,0.0,0.0,,,4,5,CARL,,2026-09-17T13:18:36,2026-09-17T13:18:36
16541,2026-08-03,Plus Monroe Warehouse,COMPLETED,EXTRUDER (1ST SHIFT),Posted,2026-08-04,4:54AM,,19:06:00,LBS,7612.0,7612.0,0.0,Plus Materials,,0.0,0.0,0.0,,,46,0,CARL,,2026-09-17T13:18:36,2026-09-17T13:18:36
16543,2026-08-03,Plus Monroe Warehouse,COMPLETED,GUILLOTINE (1ST SHIFT),Posted,2026-08-04,4:54AM,,19:06:00,LBS,6342.0,6342.0,0.0,Plus Materials,,-164.15,-164.15,0.0,,,0,0,CARL,,2026-09-17T13:18:36,2026-09-17T13:18:36
16544,2026-08-03,Plus Monroe Warehouse,COMPLETED,SHREDDER (1ST SHIFT),Posted,2026-08-04,4:54AM,,19:06:00,LBS,1465.0,1465.0,0.0,Plus Materials,,14.65,14.65,0.0,,,14,0,CARL,,2026-09-17T13:18:36,2026-09-17T13:18:36
16545,2026-08-03,Monroe Processing Warehouse,COMPLETED,SHREDDER/GRINDER (1ST SHIFT),Posted,2026-08-04,4:55AM,,19:05:00,LBS,5346.0,5346.0,0.0,Plus Materials,,558.2087,558.21,0.0,,,42,0,CARL,,2026-09-17T13:18:36,2026-09-17T13:18:36
16547,2026-08-03,Plus Monroe Warehouse,COMPLETED,AUTO-TIE BALER (2ND SHIFT),Posted,2026-08-04,4:55AM,,19:05:00,LBS,5661.0,9518.0,-3857.0,Plus Materials,,0.0,0.0,0.0,,,9,0,CARL,,2026-09-17T13:18:36,2026-09-17T13:18:36
16551,2026-08-03,Plus Monroe Warehouse,COMPLETED,EXTRUDER (2ND SHIFT),Posted,2026-08-04,4:56AM,,19:04:00,LBS,4708.0,4708.0,0.0,Plus Materials,,0.0,0.0,0.0,,,0,0,CARL,,2026-09-17T13:18:36,2026-09-17T13:18:36
16553,2026-08-03,Plus Monroe Warehouse,COMPLETED,GUILLOTINE (2ND SHIFT),Posted,2026-08-04,4:56AM,,19:04:00,LBS,2861.0,2861.0,0.0,Plus Materials,,-200.27,-200.27,0.0,,,8,0,CARL,,2026-09-17T13:18:36,2026-09-17T13:18:36
16555,2026-08-03,Monroe Processing Warehouse,COMPLETED,SHREDDER/GRINDER (2ND SHIFT),Posted,2026-08-04,4:56AM,,19:04:00,LBS,6183.0,6183.0,0.0,Plus Materials,,645.6048,645.6,0.0,,,0,0,CARL,,2026-09-17T13:18:36,2026-09-17T13:18:36
16557,2026-08-03,Plus Monroe Warehouse,COMPLETED,AUTO-TIE BALER (3RD SHIFT),Posted,2026-08-04,4:57AM,,19:03:00,LBS,8355.0,9518.0,-1163.0,Plus Materials,,0.0,0.0,0.0,,,0,8,CARL,,2026-09-17T13:18:36,2026-09-17T13:18:36
16561,2026-08-03,Plus Monroe Warehouse,COMPLETED,EXTRUDER (3RD SHIFT),Posted,2026-08-04,4:57AM,,19:03:00,LBS,4894.0,4894.0,0.0,Plus Materials,,0.0,0.0,0.0,,,0,0,CARL,,2026-09-17T13:18:36,2026-09-17T13:18:36
16568,2026-08-03,Plus Ryder Midwest,COMPLETED,BOGUS,Posted,2026-08-03,12:52PM,,11:08:00,LBS,39848.0,39848.0,0.0,Plus Materials,,597.72,597.72,0.0,,,84,1,CARL,,2026-09-17T13:18:36,2026-09-17T13:18:36
16569,2026-08-03,Plus Ryder Midwest,COMPLETED,BOGUS,Posted,2026-08-03,12:54PM,,11:06:00,LBS,5420.0,5420.0,0.0,Plus Materials,,81.3021,81.3,0.0,,,0,1,CARL,,2026-09-17T13:18:36,2026-09-17T13:18:36
16574,2026-08-04,Plus Monroe Warehouse,COMPLETED,EXTRUDER (1ST SHIFT),Posted,2026-08-05,5:52AM,,18:08:00,LBS,6800.0,6800.0,0.0,Plus Materials,,0.0,0.0,0.0,,,0,0,CARL,,2026-09-17T13:18:36,2026-09-17T13:18:36
16576,2026-08-04,Plus Monroe Warehouse,COMPLETED,GUILLOTINE (1ST SHIFT),Posted,2026-08-05,5:52AM,,18:08:00,LBS,3028.0,3028.0,0.0,Plus Materials,,-60.2,-60.21,0.0,,,0,0,CARL,,2026-09-17T13:18:36,2026-09-17T13:18:36
16577,2026-08-04,Plus Monroe Warehouse,COMPLETED,SHREDDER (1ST SHIFT),Posted,2026-08-05,5:52AM,,18:08:00,LBS,1120.0,1387.0,-267.0,Plus Materials,,35.9,35.9,0.0,,,14,0,CARL,,2026-09-17T13:18:36,2026-09-17T13:18:36
16578,2026-08-04,Monroe Processing Warehouse,COMPLETED,SHREDDER/GRINDER (1ST SHIFT),Posted,2026-08-05,5:52AM,,18:08:00,LBS,3887.0,3887.0,0.0,Plus Materials,,405.866,405.86,0.0,,,0,0,CARL,,2026-09-17T13:18:36,2026-09-17T13:18:36
16580,2026-08-04,Plus Monroe Warehouse,COMPLETED,AUTO-TIE BALER (2ND SHIFT),Posted,2026-08-05,5:53AM,,18:07:00,LBS,2846.0,9814.0,-6968.0,Plus Materials,,12.25,12.26,0.0,,,7,0,CARL,,2026-09-17T13:18:36,2026-09-17T13:18:36
16584,2026-08-04,Plus Monroe Warehouse,COMPLETED,EXTRUDER (2ND SHIFT),Posted,2026-08-05,5:53AM,,18:07:00,LBS,1604.0,1604.0,0.0,Plus Materials,,0.0,0.0,0.0,,,0,0,CARL,,2026-09-17T13:18:36,2026-09-17T13:18:36
16586,2026-08-04,Plus Monroe Warehouse,COMPLETED,GUILLOTINE (2ND SHIFT),Posted,2026-08-05,5:54AM,,18:06:00,LBS,8320.0,8320.0,0.0,Plus Materials,,149.9854,150.0,0.0,,,2,0,CARL,,2026-09-17T13:18:36,2026-09-17T13:18:36
16588,2026-08-04,Monroe Processing Warehouse,COMPLETED,SHREDDER/GRINDER (2ND SHIFT),Posted,2026-08-05,5:54AM,,18:06:00,LBS,4745.0,4745.0,0.0,Plus Materials,,495.4545,495.45,0.0,,,0,0,CARL,,2026-09-17T13:18:36,2026-09-17T13:18:36
16590,2026-08-04,Plus Monroe Warehouse,COMPLETED,AUTO-TIE BALER (3RD SHIFT),Posted,2026-08-05,5:54AM,,18:06:00,LBS,2124.0,4700.0,-2576.0,Plus Materials,,-9.49,-9.48,0.0,,,8,4,CARL,,2026-09-17T13:18:36,2026-09-17T13:18:36
16594,2026-08-04,Plus Monroe Warehouse,COMPLETED,EXTRUDER (3RD SHIFT),Posted,2026-08-05,5:55AM,,18:05:00,LBS,6838.0,6838.0,0.0,Plus Materials,,0.0,0.0,0.0,,,0,0,CARL,,2026-09-17T13:18:36,2026-09-17T13:18:36
16600,2026-08-04,PRN Southeast,COMPLETED,BALER,Posted,2026-08-05,5:56AM,,18:04:00,LBS,470.0,7000.0,-6530.0,Plus Materials,,-18.8,4.69,23.5,,,1,4,CARL,,2026-09-17T13:18:36,2026-09-17T13:18:36
16601,2026-08-05,Plus Monroe Warehouse,COMPLETED,AUTO-TIE BALER (1ST SHIFT),Posted,2026-08-06,5:45AM,,18:15:00,LBS,2903.0,4124.0,-1221.0,Plus Materials,,125.88,125.88,0.0,,,4,3,CARL,,2026-09-17T13:18:36,2026-09-17T13:18:36
16605,2026-08-05,Plus Monroe Warehouse,COMPLETED,EXTRUDER (1ST SHIFT),Posted,2026-08-06,5:46AM,,18:14:00,LBS,5500.0,5500.0,0.0,Plus Materials,,0.0,0.0,0.0,,,51,0,CARL,,2026-09-17T13:18:36,2026-09-17T13:18:36
16606,2026-08-05,Plus Monroe Warehouse,COMPLETED,GREEN MAX (NEW) (1ST SHIFT),Posted,2026-08-06,5:46AM,,18:14:00,LBS,1801.0,1801.0,0.0,Plus Materials,,0.0,0.0,0.0,,,26,0,CARL,,2026-09-17T13:18:36,2026-09-17T13:18:36
16607,2026-08-05,Plus Monroe Warehouse,COMPLETED,GUILLOTINE (1ST SHIFT),Posted,2026-08-06,5:46AM,,18:14:00,LBS,4824.0,4824.0,0.0,Plus Materials,,0.0,0.0,0.0,,,0,0,CARL,,2026-09-17T13:18:36,2026-09-17T13:18:36
16608,2026-08-05,Plus Monroe Warehouse,COMPLETED,SHREDDER (1ST SHIFT),Posted,2026-08-06,5:47AM,,18:13:00,LBS,4947.0,6964.0,-2017.0,Plus Materials,,228.89,228.89,0.0,,,0,0,CARL,,2026-09-17T13:18:36,2026-09-17T13:18:36
16609,2026-08-05,Monroe Processing Warehouse,COMPLETED,SHREDDER/GRINDER (1ST SHIFT),Posted,2026-08-06,5:47AM,,18:13:00,LBS,4932.0,4932.0,0.0,Plus Materials,,514.9813,514.97,0.0,,,0,0,CARL,,2026-09-17T13:18:36,2026-09-17T13:18:36
16611,2026-08-05,Plus Monroe Warehouse,COMPLETED,AUTO-TIE BALER (2ND SHIFT),Posted,2026-08-06,5:47AM,,18:13:00,LBS,4097.0,5946.0,-1849.0,Plus Materials,,267.95,267.96,0.0,,,0,0,CARL,,2026-09-17T13:18:36,2026-09-17T13:18:36
16615,2026-08-05,Plus Monroe Warehouse,COMPLETED,EXTRUDER (2ND SHIFT),Posted,2026-08-06,5:48AM,,18:12:00,LBS,3028.0,3028.0,0.0,Plus Materials,,0.0,0.0,0.0,,,0,0,CARL,,2026-09-17T13:18:36,2026-09-17T13:18:36
16617,2026-08-05,Plus Monroe Warehouse,COMPLETED,GUILLOTINE (2ND SHIFT),Posted,2026-08-06,5:48AM,,18:12:00,LBS,1852.0,1852.0,0.0,Plus Materials,,-129.64,-129.64,0.0,,,3,0,CARL,,2026-09-17T13:18:36,2026-09-17T13:18:36
16619,2026-08-05,Monroe Processing Warehouse,COMPLETED,SHREDDER/GRINDER (2ND SHIFT),Posted,2026-08-06,5:48AM,,18:12:00,LBS,10787.0,10787.0,0.0,Plus Materials,,1126.3333,1126.34,0.0,,,0,0,CARL,,2026-09-17T13:18:36,2026-09-17T13:18:36
16621,2026-08-05,Plus Monroe Warehouse,COMPLETED,AUTO-TIE BALER (3RD SHIFT),Posted,2026-08-06,5:49AM,,18:11:00,LBS,5765.0,5765.0,0.0,Plus Materials,,0.0,0.0,0.0,,,0,5,CARL,,2026-09-17T13:18:36,2026-09-17T13:18:36
16625,2026-08-05,Plus Monroe Warehouse,COMPLETED,EXTRUDER (3RD SHIFT),Posted,2026-08-06,5:49AM,,18:11:00,LBS,1526.0,1526.0,0.0,Plus Materials,,0.0,0.0,0.0,,,0,0,CARL,,2026-09-17T13:18:36,2026-09-17T13:18:36
16627,2026-08-05,Plus Monroe Warehouse,COMPLETED,GUILLOTINE (3RD SHIFT),Posted,2026-08-06,5:50AM,,18:10:00,LBS,6104.0,6104.0,0.0,Plus Materials,,0.0,0.0,0.0,,,0,0,CARL,,2026-09-17T13:18:36,2026-09-17T13:18:36
16631,2026-08-05,PRN Southeast,COMPLETED,BALER,Posted,2026-08-06,5:50AM,,18:10:00,LBS,4620.0,3164.0,1456.0,Plus Materials,,193.05,424.05,231.0,,,10,2,CARL,,2026-09-17T13:18:36,2026-09-17T13:18:36
16632,2026-08-06,Plus Ryder Midwest,COMPLETED,BOGUS,Posted,2026-08-06,5:30AM,,18:30:00,LBS,4800.0,4800.0,0.0,Plus Materials,,0.0,0.0,0.0,,,0,1,CARL,,2026-09-17T13:18:36,2026-09-17T13:18:36
16633,2026-08-06,Plus Monroe Warehouse,COMPLETED,AUTO-TIE BALER (1ST SHIFT),Posted,2026-08-07,5:46AM,,18:14:00,LBS,2075.0,2623.0,-548.0,Plus Materials,,0.0,0.0,0.0,,,7,2,CARL,,2026-09-17T13:18:36,2026-09-17T13:18:36
16638,2026-08-06,Plus Monroe Warehouse,COMPLETED,GREEN MAX (NEW) (1ST SHIFT),Posted,2026-08-07,5:47AM,,18:13:00,LBS,1389.0,1389.0,0.0,Plus Materials,,0.0,0.0,0.0,,,0,0,CARL,,2026-09-17T13:18:36,2026-09-17T13:18:36
16639,2026-08-06,Plus Monroe Warehouse,COMPLETED,GUILLOTINE (1ST SHIFT),Posted,2026-08-07,5:47AM,,18:13:00,LBS,4322.0,4322.0,0.0,Plus Materials,,0.0,0.0,0.0,,,0,0,CARL,,2026-09-17T13:18:36,2026-09-17T13:18:36
16640,2026-08-06,Plus Monroe Warehouse,COMPLETED,SHREDDER (1ST SHIFT),Posted,2026-08-07,5:47AM,,18:13:00,LBS,2175.0,4071.0,-1896.0,Plus Materials,,-10.8,-10.8,0.0,,,19,0,CARL,,2026-09-17T13:18:36,2026-09-17T13:18:36
16641,2026-08-06,Monroe Processing Warehouse,COMPLETED,SHREDDER/GRINDER (1ST SHIFT),Posted,2026-08-07,5:47AM,,18:13:00,LBS,4055.0,4055.0,0.0,Plus Materials,,423.4084,423.41,0.0,,,0,0,CARL,,2026-09-17T13:18:36,2026-09-17T13:18:36
16643,2026-08-06,Plus Monroe Warehouse,COMPLETED,AUTO-TIE BALER (2ND SHIFT),Posted,2026-08-07,5:48AM,,18:12:00,LBS,4556.0,4556.0,0.0,Plus Materials,,-125.8714,-125.86,0.0,,,0,0,CARL,,2026-09-17T13:18:36,2026-09-17T13:18:36
16647,2026-08-06,Plus Monroe Warehouse,COMPLETED,EXTRUDER (2ND SHIFT),Posted,2026-08-07,5:48AM,,18:12:00,LBS,3174.0,3174.0,0.0,Plus Materials,,0.0,0.0,0.0,,,0,0,CARL,,2026-09-17T13:18:36,2026-09-17T13:18:36
16649,2026-08-06,Plus Monroe Warehouse,COMPLETED,GUILLOTINE (2ND SHIFT),Posted,2026-08-07,5:49AM,,18:11:00,LBS,5185.0,5185.0,0.0,Plus Materials,,0.0,0.0,0.0,,,0,0,CARL,,2026-09-17T13:18:36,2026-09-17T13:18:36
16651,2026-08-06,Monroe Processing Warehouse,COMPLETED,SHREDDER/GRINDER (2ND SHIFT),Posted,2026-08-07,5:49AM,,18:11:00,LBS,2348.0,2348.0,0.0,Plus Materials,,244.5935,244.6,0.0,,,41,0,CARL,,2026-09-17T13:18:36,2026-09-17T13:18:36
16653,2026-08-06,Plus Monroe Warehouse,COMPLETED,AUTO-TIE BALER (3RD SHIFT),Posted,2026-08-07,5:49AM,,18:11:00,LBS,5473.0,5473.0,0.0,Plus Materials,,-547.3,-547.3,0.0,,,0,3,CARL,,2026-09-17T13:18:36,2026-09-17T13:18:36
16657,2026-08-06,Plus Monroe Warehouse,COMPLETED,EXTRUDER (3RD SHIFT),Posted,2026-08-07,5:50AM,,18:10:00,LBS,4890.0,4890.0,0.0,Plus Materials,,0.0,0.0,0.0,,,49,0,CARL,,2026-09-17T13:18:36,2026-09-17T13:18:36
16659,2026-08-06,Plus Monroe Warehouse,COMPLETED,GUILLOTINE (3RD SHIFT),Posted,2026-08-07,5:50AM,,18:10:00,LBS,6245.0,6245.0,0.0,Plus Materials,,0.0,0.0,0.0,,,0,0,CARL,,2026-09-17T13:18:36,2026-09-17T13:18:36
16664,2026-08-07,Plus Monroe Warehouse,COMPLETED,AUTO-TIE BALER (1ST SHIFT),Posted,2026-08-10,5:50AM,,18:10:00,LBS,1225.0,2391.0,-1166.0,Plus Materials,,10.0,10.0,0.0,,,4,2,CARL,,2026-09-17T13:18:36,2026-09-17T13:18:36
16668,2026-08-07,Plus Monroe Warehouse,COMPLETED,EXTRUDER (1ST SHIFT),Posted,2026-08-10,5:51AM,,18:09:00,LBS,13287.0,13287.0,0.0,Plus Materials,,0.0,0.0,0.0,,,0,0,CARL,,2026-09-17T13:18:36,2026-09-17T13:18:36
16669,2026-08-07,Plus Monroe Warehouse,COMPLETED,GREEN MAX (NEW) (1ST SHIFT),Posted,2026-08-10,5:51AM,,18:09:00,LBS,1527.0,1527.0,0.0,Plus Materials,,0.0,0.0,0.0,,,0,0,CARL,,2026-09-17T13:18:36,2026-09-17T13:18:36
16670,2026-08-07,Plus Monroe Warehouse,COMPLETED,GUILLOTINE (1ST SHIFT),Posted,2026-08-10,5:51AM,,18:09:00,LBS,4604.0,4604.0,0.0,Plus Materials,,0.0,0.0,0.0,,,0,0,CARL,,2026-09-17T13:18:36,2026-09-17T13:18:36
16671,2026-08-07,Plus Monroe Warehouse,COMPLETED,SHREDDER (1ST SHIFT),Posted,2026-08-10,5:51AM,,18:09:00,LBS,1297.0,1297.0,0.0,Plus Materials,,0.0,0.0,0.0,,,13,0,CARL,,2026-09-17T13:18:36,2026-09-17T13:18:36
16672,2026-08-07,Monroe Processing Warehouse,COMPLETED,SHREDDER/GRINDER (1ST SHIFT),Posted,2026-08-10,5:51AM,,18:09:00,LBS,6073.0,6073.0,0.0,Plus Materials,,632.631,632.63,0.0,,,0,0,CARL,,2026-09-17T13:18:36,2026-09-17T13:18:36
16674,2026-08-07,Plus Monroe Warehouse,COMPLETED,AUTO-TIE BALER (2ND SHIFT),Posted,2026-08-10,5:51AM,,18:09:00,LBS,2751.0,4592.0,-1841.0,Plus Materials,,282.49,282.49,0.0,,,1,0,CARL,,2026-09-17T13:18:36,2026-09-17T13:18:36
16678,2026-08-07,Plus Monroe Warehouse,COMPLETED,EXTRUDER (2ND SHIFT),Posted,2026-08-10,5:52AM,,18:08:00,LBS,4900.0,4900.0,0.0,Plus Materials,,49.0,49.0,0.0,,,25,0,CARL,,2026-09-17T13:18:36,2026-09-17T13:18:36
16680,2026-08-07,Plus Monroe Warehouse,COMPLETED,GUILLOTINE (2ND SHIFT),Posted,2026-08-10,5:52AM,,18:08:00,LBS,4935.0,4935.0,0.0,Plus Materials,,324.7063,324.7,0.0,,,0,0,CARL,,2026-09-17T13:18:36,2026-09-17T13:18:36
16682,2026-08-07,Monroe Processing Warehouse,COMPLETED,SHREDDER/GRINDER (2ND SHIFT),Posted,2026-08-10,5:53AM,,18:07:00,LBS,5928.0,5928.0,0.0,Plus Materials,,617.5257,617.53,0.0,,,0,0,CARL,,2026-09-17T13:18:36,2026-09-17T13:18:36
16688,2026-08-07,Plus Monroe Warehouse,COMPLETED,EXTRUDER (3RD SHIFT),Posted,2026-08-10,5:54AM,,18:06:00,LBS,5020.0,5020.0,0.0,Plus Materials,,50.2,50.2,0.0,,,51,0,CARL,,2026-09-17T13:18:36,2026-09-17T13:18:36
16694,2026-08-07,PRN Southeast,COMPLETED,BALER,Posted,2026-08-10,5:55AM,,18:05:00,LBS,1665.0,5364.0,-3699.0,Plus Materials,,56.84,140.09,83.25,,,4,3,CARL,,2026-09-17T13:18:36,2026-09-17T13:18:36
16695,2026-08-07,Plus Ryder Midwest,COMPLETED,BOGUS,Posted,2026-08-07,11:53AM,,12:07:00,LBS,10500.0,10500.0,0.0,Plus Materials,,787.5022,787.5,0.0,,,25,1,CARL,,2026-09-17T13:18:36,2026-09-17T13:18:36
16697,2026-08-10,Plus Monroe Warehouse,COMPLETED,AUTO-TIE BALER (1ST SHIFT),Posted,2026-08-11,5:18AM,,18:42:00,LBS,3113.0,5756.0,-2643.0,Plus Materials,,-6.54,-6.54,0.0,,,12,5,CARL,,2026-09-17T13:18:36,2026-09-17T13:18:36
16701,2026-08-10,Plus Monroe Warehouse,COMPLETED,EXTRUDER (1ST SHIFT),Posted,2026-08-11,5:19AM,,18:41:00,LBS,6710.0,6710.0,0.0,Plus Materials,,738.1,738.1,0.0,,,0,0,CARL,,2026-09-17T13:18:36,2026-09-17T13:18:36
16703,2026-08-10,Plus Monroe Warehouse,COMPLETED,GUILLOTINE (1ST SHIFT),Posted,2026-08-11,5:19AM,,18:41:00,LBS,7882.0,7882.0,0.0,Plus Materials,,710.27,710.26,0.0,,,4,0,CARL,,2026-09-17T13:18:36,2026-09-17T13:18:36
16704,2026-08-10,Plus Monroe Warehouse,COMPLETED,SHREDDER (1ST SHIFT),Posted,2026-08-11,5:20AM,,18:40:00,LBS,1763.0,1763.0,0.0,Plus Materials,,0.0,0.0,0.0,,,0,0,CARL,,2026-09-17T13:18:36,2026-09-17T13:18:36
16705,2026-08-10,Monroe Processing Warehouse,COMPLETED,SHREDDER/GRINDER (1ST SHIFT),Posted,2026-08-11,5:20AM,,18:40:00,LBS,3713.0,3713.0,0.0,Plus Materials,,386.7863,386.79,0.0,,,0,0,CARL,,2026-09-17T13:18:36,2026-09-17T13:18:36
16707,2026-08-10,Plus Monroe Warehouse,COMPLETED,AUTO-TIE BALER (2ND SHIFT),Posted,2026-08-11,5:20AM,,18:40:00,LBS,11358.0,11358.0,0.0,Plus Materials,,0.0,0.0,0.0,,,34,0,CARL,,2026-09-17T13:18:36,2026-09-17T13:18:36
16711,2026-08-10,Plus Monroe Warehouse,COMPLETED,EXTRUDER (2ND SHIFT),Posted,2026-08-11,5:21AM,,18:39:00,LBS,4288.0,4288.0,0.0,Plus Materials,,514.56,514.56,0.0,,,195,0,CARL,,2026-09-17T13:18:36,2026-09-17T13:18:36
16713,2026-08-10,Plus Monroe Warehouse,COMPLETED,GUILLOTINE (2ND SHIFT),Posted,2026-08-11,5:21AM,,18:39:00,LBS,9267.0,9267.0,0.0,Plus Materials,,0.0,0.0,0.0,,,0,0,CARL,,2026-09-17T13:18:36,2026-09-17T13:18:36
16715,2026-08-10,Monroe Processing Warehouse,COMPLETED,SHREDDER/GRINDER (2ND SHIFT),Posted,2026-08-11,5:21AM,,18:39:00,LBS,7994.0,7994.0,0.0,Plus Materials,,832.7439,832.74,0.0,,,0,0,CARL,,2026-09-17T13:18:36,2026-09-17T13:18:36
16717,2026-08-10,Plus Monroe Warehouse,COMPLETED,AUTO-TIE BALER (3RD SHIFT),Posted,2026-08-11,5:22AM,,18:38:00,LBS,8547.0,8547.0,0.0,Plus Materials,,0.0,0.0,0.0,,,35,7,CARL,,2026-09-17T13:18:36,2026-09-17T13:18:36
16721,2026-08-10,Plus Monroe Warehouse,COMPLETED,EXTRUDER (3RD SHIFT),Posted,2026-08-11,5:22AM,,18:38:00,LBS,4392.0,4392.0,0.0,Plus Materials,,527.04,527.04,0.0,,,11,0,CARL,,2026-09-17T13:18:36,2026-09-17T13:18:36
16723,2026-08-10,Plus Monroe Warehouse,COMPLETED,GUILLOTINE (3RD SHIFT),Posted,2026-08-11,5:23AM,,18:37:00,LBS,6263.0,6263.0,0.0,Plus Materials,,0.0,0.0,0.0,,,0,0,CARL,,2026-09-17T13:18:36,2026-09-17T13:18:36
16727,2026-08-10,PRN Southeast,COMPLETED,BALER,Posted,2026-08-11,5:23AM,,18:37:00,LBS,1205.0,1665.0,-460.0,Plus Materials,,44.24,104.49,60.25,,,7,1,CARL,,2026-09-17T13:18:36,2026-09-17T13:18:36
16728,2026-08-11,Plus Monroe Warehouse,COMPLETED,AUTO-TIE BALER (1ST SHIFT),Posted,2026-08-12,5:52AM,,18:08:00,LBS,7645.0,8468.0,-823.0,Plus Materials,,743.2865,743.29,0.0,,,18,6,CARL,,2026-09-17T13:18:36,2026-09-17T13:18:36
16732,2026-08-11,Plus Monroe Warehouse,COMPLETED,EXTRUDER (1ST SHIFT),Posted,2026-08-12,5:52AM,,18:08:00,LBS,3316.0,3316.0,0.0,Plus Materials,,397.92,397.92,0.0,,,0,0,CARL,,2026-09-17T13:18:36,2026-09-17T13:18:36
16734,2026-08-11,Plus Monroe Warehouse,COMPLETED,GUILLOTINE (1ST SHIFT),Posted,2026-08-12,5:53AM,,18:07:00,LBS,754.0,754.0,0.0,Plus Materials,,0.0,0.0,0.0,,,0,0,CARL,,2026-09-17T13:18:36,2026-09-17T13:18:36
16735,2026-08-11,Plus Monroe Warehouse,COMPLETED,SHREDDER (1ST SHIFT),Posted,2026-08-12,5:53AM,,18:07:00,LBS,1464.0,1930.0,-466.0,Plus Materials,,131.76,131.75,0.0,,,0,0,CARL,,2026-09-17T13:18:36,2026-09-17T13:18:36
16736,2026-08-11,Monroe Processing Warehouse,COMPLETED,SHREDDER/GRINDER (1ST SHIFT),Posted,2026-08-12,5:53AM,,18:07:00,LBS,5688.0,5688.0,0.0,Plus Materials,,592.5227,592.53,0.0,,,0,0,CARL,,2026-09-17T13:18:36,2026-09-17T13:18:36
16738,2026-08-11,Plus Monroe Warehouse,COMPLETED,AUTO-TIE BALER (2ND SHIFT),Posted,2026-08-12,5:53AM,,18:07:00,LBS,6590.0,8601.0,-2011.0,Plus Materials,,181.23,181.23,0.0,,,26,0,CARL,,2026-09-17T13:18:36,2026-09-17T13:18:36
16742,2026-08-11,Plus Monroe Warehouse,COMPLETED,EXTRUDER (2ND SHIFT),Posted,2026-08-12,5:54AM,,18:06:00,LBS,3887.0,3887.0,0.0,Plus Materials,,466.44,466.44,0.0,,,0,0,CARL,,2026-09-17T13:18:36,2026-09-17T13:18:36
16744,2026-08-11,Plus Monroe Warehouse,COMPLETED,GUILLOTINE (2ND SHIFT),Posted,2026-08-12,5:54AM,,18:06:00,LBS,8099.0,8099.0,0.0,Plus Materials,,351.96,351.99,0.0,,,34,0,CARL,,2026-09-17T13:18:36,2026-09-17T13:18:36
16746,2026-08-11,Monroe Processing Warehouse,COMPLETED,SHREDDER/GRINDER (2ND SHIFT),Posted,2026-08-12,5:54AM,,18:06:00,LBS,6703.0,6703.0,0.0,Plus Materials,,0.0,0.0,0.0,,,0,0,CARL,,2026-09-17T13:18:36,2026-09-17T13:18:36
16748,2026-08-11,Plus Monroe Warehouse,COMPLETED,AUTO-TIE BALER (3RD SHIFT),Posted,2026-08-12,5:55AM,,18:05:00,LBS,1215.0,1599.0,-384.0,Plus Materials,,72.9,72.9,0.0,,,0,1,CARL,,2026-09-17T13:18:36,2026-09-17T13:18:36
16752,2026-08-11,Plus Monroe Warehouse,COMPLETED,EXTRUDER (3RD SHIFT),Posted,2026-08-12,5:55AM,,18:05:00,LBS,5318.0,5318.0,0.0,Plus Materials,,638.16,638.16,0.0,,,0,0,CARL,,2026-09-17T13:18:36,2026-09-17T13:18:36
16754,2026-08-11,Plus Monroe Warehouse,COMPLETED,GUILLOTINE (3RD SHIFT),Posted,2026-08-12,5:56AM,,18:04:00,LBS,5216.0,5216.0,0.0,Plus Materials,,625.92,625.92,0.0,,,195,0,CARL,,2026-09-17T13:18:36,2026-09-17T13:18:36
16758,2026-08-11,PRN Southeast,COMPLETED,BALER,Posted,2026-08-12,5:56AM,,18:04:00,LBS,7909.0,9070.0,-1161.0,Plus Materials,,440.67,836.12,395.45,,,21,4,CARL,,2026-09-17T13:18:36,2026-09-17T13:18:36
16759,2026-08-12,Plus Monroe Warehouse,COMPLETED,AUTO-TIE BALER (1ST SHIFT),Posted,2026-08-13,5:30AM,,18:30:00,LBS,2360.0,2616.0,-256.0,Plus Materials,,141.6,141.6,0.0,,,0,3,CARL,,2026-09-17T13:18:36,2026-09-17T13:18:36
16763,2026-08-12,Plus Monroe Warehouse,COMPLETED,EXTRUDER (1ST SHIFT),Posted,2026-08-13,5:30AM,,18:30:00,LBS,8242.0,8242.0,0.0,Plus Materials,,989.04,989.04,0.0,,,0,0,CARL,,2026-09-17T13:18:36,2026-09-17T13:18:36
16765,2026-08-12,Plus Monroe Warehouse,COMPLETED,GUILLOTINE (1ST SHIFT),Posted,2026-08-13,5:31AM,,18:29:00,LBS,6000.0,6475.0,-475.0,Plus Materials,,720.0,720.0,0.0,,,10,0,CARL,,2026-09-17T13:18:36,2026-09-17T13:18:36
16766,2026-08-12,Plus Monroe Warehouse,COMPLETED,SHREDDER (1ST SHIFT),Posted,2026-08-13,5:31AM,,18:29:00,LBS,1709.0,1709.0,0.0,Plus Materials,,0.0,0.0,0.0,,,50,0,CARL,,2026-09-17T13:18:36,2026-09-17T13:18:36
16767,2026-08-12,Monroe Processing Warehouse,COMPLETED,SHREDDER/GRINDER (1ST SHIFT),Posted,2026-08-13,5:31AM,,18:29:00,LBS,5163.0,5163.0,0.0,Plus Materials,,0.0,0.0,0.0,,,0,0,CARL,,2026-09-17T13:18:36,2026-09-17T13:18:36
16769,2026-08-12,Plus Monroe Warehouse,COMPLETED,AUTO-TIE BALER (2ND SHIFT),Posted,2026-08-13,5:31AM,,18:29:00,LBS,4040.0,6334.0,-2294.0,Plus Materials,,263.57,263.57,0.0,,,0,0,CARL,,2026-09-17T13:18:36,2026-09-17T13:18:36
16773,2026-08-12,Plus Monroe Warehouse,COMPLETED,EXTRUDER (2ND SHIFT),Posted,2026-08-13,5:32AM,,18:28:00,LBS,3492.0,3492.0,0.0,Plus Materials,,419.04,419.04,0.0,,,0,0,CARL,,2026-09-17T13:18:36,2026-09-17T13:18:36
16775,2026-08-12,Plus Monroe Warehouse,COMPLETED,GUILLOTINE (2ND SHIFT),Posted,2026-08-13,5:33AM,,18:27:00,LBS,9121.0,9121.0,0.0,Plus Materials,,836.48,836.46,0.0,,,47,0,CARL,,2026-09-17T13:18:36,2026-09-17T13:18:36
16777,2026-08-12,Monroe Processing Warehouse,COMPLETED,SHREDDER/GRINDER (2ND SHIFT),Posted,2026-08-13,5:33AM,,18:27:00,LBS,5112.0,5112.0,0.0,Plus Materials,,408.96,408.96,0.0,,,0,0,CARL,,2026-09-17T13:18:36,2026-09-17T13:18:36
16779,2026-08-12,Plus Monroe Warehouse,COMPLETED,AUTO-TIE BALER (3RD SHIFT),Posted,2026-08-13,5:34AM,,18:26:00,LBS,3519.0,4366.0,-847.0,Plus Materials,,64.53,64.54,0.0,,,1,3,CARL,,2026-09-17T13:18:36,2026-09-17T13:18:36
16783,2026-08-12,Plus Monroe Warehouse,COMPLETED,EXTRUDER (3RD SHIFT),Posted,2026-08-13,5:35AM,,18:25:00,LBS,5480.0,5480.0,0.0,Plus Materials,,657.6,657.6,0.0,,,0,0,CARL,,2026-09-17T13:18:36,2026-09-17T13:18:36
16785,2026-08-12,Plus Monroe Warehouse,COMPLETED,GUILLOTINE (3RD SHIFT),Posted,2026-08-13,5:35AM,,18:25:00,LBS,5870.0,5870.0,0.0,Plus Materials,,704.4,704.4,0.0,,,10,0,CARL,,2026-09-17T13:18:36,2026-09-17T13:18:36
16789,2026-08-12,PRN Southeast,COMPLETED,BALER,Posted,2026-08-13,5:36AM,,18:24:00,LBS,5572.0,5900.0,-328.0,Plus Materials,,256.0,534.6,278.6,,,9,2,CARL,,2026-09-17T13:18:36,2026-09-17T13:18:36
16790,2026-08-13,Plus Ryder Midwest,COMPLETED,BOGUS,Posted,2026-08-13,5:14AM,,18:46:00,LBS,12099.0,12099.0,0.0,Plus Materials,,302.475,302.48,0.0,,,11,1,CARL,,2026-09-17T13:18:36,2026-09-17T13:18:36
16791,2026-08-13,Plus Monroe Warehouse,COMPLETED,AUTO-TIE BALER (1ST SHIFT),Posted,2026-08-14,5:50AM,,18:10:00,LBS,1660.0,3194.0,-1534.0,Plus Materials,,0.0,0.0,0.0,,,9,3,CARL,,2026-09-17T13:18:36,2026-09-17T13:18:36
16795,2026-08-13,Plus Monroe Warehouse,COMPLETED,EXTRUDER (1ST SHIFT),Posted,2026-08-14,5:51AM,,18:09:00,LBS,8780.0,8780.0,0.0,Plus Materials,,702.4,702.4,0.0,,,0,0,CARL,,2026-09-17T13:18:36,2026-09-17T13:18:36
16797,2026-08-13,Plus Monroe Warehouse,COMPLETED,GUILLOTINE (1ST SHIFT),Posted,2026-08-14,5:51AM,,18:09:00,LBS,10949.0,10949.0,0.0,Plus Materials,,875.92,875.92,0.0,,,0,0,CARL,,2026-09-17T13:18:36,2026-09-17T13:18:36
16798,2026-08-13,Plus Monroe Warehouse,COMPLETED,SHREDDER (1ST SHIFT),Posted,2026-08-14,5:51AM,,18:09:00,LBS,4856.0,4856.0,0.0,Plus Materials,,0.0,0.0,0.0,,,36,0,CARL,,2026-09-17T13:18:36,2026-09-17T13:18:36
16799,2026-08-13,Monroe Processing Warehouse,COMPLETED,SHREDDER/GRINDER (1ST SHIFT),Posted,2026-08-14,5:51AM,,18:09:00,LBS,4930.0,4930.0,0.0,Plus Materials,,394.4,394.4,0.0,,,0,0,CARL,,2026-09-17T13:18:36,2026-09-17T13:18:36
16801,2026-08-13,Plus Monroe Warehouse,COMPLETED,AUTO-TIE BALER (2ND SHIFT),Posted,2026-08-14,5:52AM,,18:08:00,LBS,7337.0,7337.0,0.0,Plus Materials,,1430.4257,1430.41,0.0,,,12,0,CARL,,2026-09-17T13:18:36,2026-09-17T13:18:36
16805,2026-08-13,Plus Monroe Warehouse,COMPLETED,EXTRUDER (2ND SHIFT),Posted,2026-08-14,5:52AM,,18:08:00,LBS,5020.0,5020.0,0.0,Plus Materials,,100.4,100.4,0.0,,,28,0,CARL,,2026-09-17T13:18:36,2026-09-17T13:18:36
16807,2026-08-13,Plus Monroe Warehouse,COMPLETED,GUILLOTINE (2ND SHIFT),Posted,2026-08-14,5:53AM,,18:07:00,LBS,3672.0,3672.0,0.0,Plus Materials,,0.0,0.0,0.0,,,0,0,CARL,,2026-09-17T13:18:36,2026-09-17T13:18:36
16809,2026-08-13,Monroe Processing Warehouse,COMPLETED,SHREDDER/GRINDER (2ND SHIFT),Posted,2026-08-14,5:53AM,,18:07:00,LBS,3609.0,3609.0,0.0,Plus Materials,,337.7398,337.73,0.0,,,0,0,CARL,,2026-09-17T13:18:36,2026-09-17T13:18:36
16811,2026-08-13,Plus Monroe Warehouse,COMPLETED,AUTO-TIE BALER (3RD SHIFT),Posted,2026-08-14,5:53AM,,18:07:00,LBS,8574.0,8547.0,27.0,Plus Materials,,2306.739,2306.74,0.0,,,6,7,CARL,,2026-09-17T13:18:36,2026-09-17T13:18:36
16815,2026-08-13,Plus Monroe Warehouse,COMPLETED,EXTRUDER (3RD SHIFT),Posted,2026-08-14,5:54AM,,18:06:00,LBS,4005.0,4005.0,0.0,Plus Materials,,320.4,320.4,0.0,,,0,0,CARL,,2026-09-17T13:18:36,2026-09-17T13:18:36
16817,2026-08-13,Plus Monroe Warehouse,COMPLETED,GUILLOTINE (3RD SHIFT),Posted,2026-08-14,5:55AM,,18:05:00,LBS,5740.0,5740.0,0.0,Plus Materials,,0.0,0.0,0.0,,,46,0,CARL,,2026-09-17T13:18:36,2026-09-17T13:18:36
16821,2026-08-13,PRN Southeast,COMPLETED,BALER,Posted,2026-08-14,5:56AM,,18:04:00,LBS,7728.0,8920.0,-1192.0,Plus Materials,,421.55,807.95,386.4,,,24,5,CARL,,2026-09-17T13:18:36,2026-09-17T13:18:36
16827,2026-08-14,Plus Monroe Warehouse,COMPLETED,EXTRUDER (1ST SHIFT),Posted,2026-08-16,5:47AM,,18:13:00,LBS,11038.0,11038.0,0.0,Plus Materials,,220.76,220.76,0.0,,,12,0,CARL,,2026-09-17T13:18:36,2026-09-17T13:18:36
16829,2026-08-14,Plus Monroe Warehouse,COMPLETED,GUILLOTINE (1ST SHIFT),Posted,2026-08-16,5:47AM,,18:13:00,LBS,12128.0,12128.0,0.0,Plus Materials,,0.0,0.0,0.0,,,43,0,CARL,,2026-09-17T13:18:36,2026-09-17T13:18:36
16830,2026-08-14,Plus Monroe Warehouse,COMPLETED,SHREDDER (1ST SHIFT),Posted,2026-08-16,5:47AM,,18:13:00,LBS,6534.0,6534.0,0.0,Plus Materials,,65.34,65.34,0.0,,,36,0,CARL,,2026-09-17T13:18:36,2026-09-17T13:18:36
16831,2026-08-14,Monroe Processing Warehouse,COMPLETED,SHREDDER/GRINDER (1ST SHIFT),Posted,2026-08-16,5:47AM,,18:13:00,LBS,6060.0,6060.0,0.0,Plus Materials,,121.2,121.2,0.0,,,28,0,CARL,,2026-09-17T13:18:36,2026-09-17T13:18:36
16837,2026-08-14,Plus Monroe Warehouse,COMPLETED,EXTRUDER (2ND SHIFT),Posted,2026-08-16,5:48AM,,18:12:00,LBS,4710.0,4710.0,0.0,Plus Materials,,94.2,94.2,0.0,,,17,0,CARL,,2026-09-17T13:18:36,2026-09-17T13:18:36
16839,2026-08-14,Plus Monroe Warehouse,COMPLETED,GUILLOTINE (2ND SHIFT),Posted,2026-08-16,5:49AM,,18:11:00,LBS,7862.0,7862.0,0.0,Plus Materials,,157.24,157.24,0.0,,,16,0,CARL,,2026-09-17T13:18:36,2026-09-17T13:18:36
16841,2026-08-14,Monroe Processing Warehouse,COMPLETED,SHREDDER/GRINDER (2ND SHIFT),Posted,2026-08-16,5:49AM,,18:11:00,LBS,4750.0,4750.0,0.0,Plus Materials,,95.0,95.0,0.0,,,0,0,CARL,,2026-09-17T13:18:36,2026-09-17T13:18:36
16843,2026-08-14,Plus Monroe Warehouse,COMPLETED,AUTO-TIE BALER (3RD SHIFT),Posted,2026-08-16,5:49AM,,18:11:00,LBS,5603.0,5603.0,0.0,Plus Materials,,0.0,0.0,0.0,,,52,5,CARL,,2026-09-17T13:18:36,2026-09-17T13:18:36
16847,2026-08-14,Plus Monroe Warehouse,COMPLETED,EXTRUDER (3RD SHIFT),Posted,2026-08-16,5:50AM,,18:10:00,LBS,4484.0,4484.0,0.0,Plus Materials,,89.68,89.68,0.0,,,0,0,CARL,,2026-09-17T13:18:36,2026-09-17T13:18:36
16849,2026-08-14,Plus Monroe Warehouse,COMPLETED,GUILLOTINE (3RD SHIFT),Posted,2026-08-16,5:50AM,,18:10:00,LBS,4223.0,4223.0,0.0,Plus Materials,,84.46,84.46,0.0,,,0,0,CARL,,2026-09-17T13:18:36,2026-09-17T13:18:36
16853,2026-08-14,PRN Southeast,COMPLETED,BALER,Posted,2026-08-16,5:51AM,,18:09:00,LBS,4868.0,7689.0,-2821.0,Plus Materials,,237.58,480.98,243.4,,,11,4,CARL,,2026-09-17T13:18:36,2026-09-17T13:18:36
16858,2026-08-17,Plus Monroe Warehouse,COMPLETED,EXTRUDER (1ST SHIFT),Posted,2026-08-18,1:44PM,,10:16:00,LBS,7572.0,7572.0,0.0,Plus Materials,,908.64,908.64,0.0,,,200,0,CARL,,2026-09-17T13:18:36,2026-09-17T13:18:36
16860,2026-08-17,Plus Monroe Warehouse,COMPLETED,GUILLOTINE (1ST SHIFT),Posted,2026-08-18,1:44PM,,10:16:00,LBS,10419.0,10419.0,0.0,Plus Materials,,1250.28,1250.28,0.0,,,0,0,CARL,,2026-09-17T13:18:36,2026-09-17T13:18:36
16868,2026-08-17,Plus Monroe Warehouse,COMPLETED,EXTRUDER (2ND SHIFT),Posted,2026-08-18,1:46PM,,10:14:00,LBS,4348.0,4348.0,0.0,Plus Materials,,521.76,521.76,0.0,,,0,0,CARL,,2026-09-17T13:18:36,2026-09-17T13:18:36
16870,2026-08-17,Plus Monroe Warehouse,COMPLETED,GUILLOTINE (2ND SHIFT),Posted,2026-08-18,1:46PM,,10:14:00,LBS,10301.0,10301.0,0.0,Plus Materials,,596.22,596.23,0.0,,,12,0,CARL,,2026-09-17T13:18:36,2026-09-17T13:18:36
16872,2026-08-17,Monroe Processing Warehouse,COMPLETED,SHREDDER/GRINDER (2ND SHIFT),Posted,2026-08-18,1:47PM,,10:13:00,LBS,5704.0,5704.0,0.0,Plus Materials,,0.0,0.0,0.0,,,0,0,CARL,,2026-09-17T13:18:36,2026-09-17T13:18:36
16874,2026-08-17,Plus Monroe Warehouse,COMPLETED,AUTO-TIE BALER (3RD SHIFT),Posted,2026-08-18,1:47PM,,10:13:00,LBS,11764.0,11764.0,0.0,Plus Materials,,0.0,0.0,0.0,,,26,10,CARL,,2026-09-17T13:18:36,2026-09-17T13:18:36
16878,2026-08-17,Plus Monroe Warehouse,COMPLETED,EXTRUDER (3RD SHIFT),Posted,2026-08-18,1:48PM,,10:12:00,LBS,3282.0,3282.0,0.0,Plus Materials,,393.84,393.84,0.0,,,195,0,CARL,,2026-09-17T13:18:36,2026-09-17T13:18:36
16881,2026-08-17,Plus Monroe Warehouse,COMPLETED,GUILLOTINE (3RD SHIFT),Posted,2026-08-18,1:49PM,,10:11:00,LBS,4655.0,4655.0,0.0,Plus Materials,,558.6,558.6,0.0,,,12,0,CARL,,2026-09-17T13:18:36,2026-09-17T13:18:36
16885,2026-08-17,PRN Southeast,COMPLETED,BALER,Posted,2026-08-18,1:50PM,,10:10:00,LBS,1931.0,2212.0,-281.0,Plus Materials,,91.68,188.23,96.55,,,6,1,CARL,,2026-09-17T13:18:36,2026-09-17T13:18:36
16886,2026-08-18,Plus Monroe Warehouse,COMPLETED,AUTO-TIE BALER (1ST SHIFT),Posted,2026-08-19,5:43AM,,18:17:00,LBS,924.0,4663.0,-3739.0,Plus Materials,,5.92,5.91,0.0,,,10,4,CARL,,2026-09-17T13:18:36,2026-09-17T13:18:36
16890,2026-08-18,Plus Monroe Warehouse,COMPLETED,EXTRUDER (1ST SHIFT),Posted,2026-08-19,5:44AM,,18:16:00,LBS,5892.0,5892.0,0.0,Plus Materials,,707.04,707.04,0.0,,,0,0,CARL,,2026-09-17T13:18:36,2026-09-17T13:18:36
16891,2026-08-18,Plus Monroe Warehouse,COMPLETED,GREEN MAX (NEW) (1ST SHIFT),Posted,2026-08-19,5:44AM,,18:16:00,LBS,1491.0,1491.0,0.0,Plus Materials,,0.0,0.0,0.0,,,0,0,CARL,,2026-09-17T13:18:36,2026-09-17T13:18:36
16892,2026-08-18,Plus Monroe Warehouse,COMPLETED,GUILLOTINE (1ST SHIFT),Posted,2026-08-19,5:44AM,,18:16:00,LBS,6518.0,6518.0,0.0,Plus Materials,,214.54,214.59,0.0,,,0,0,CARL,,2026-09-17T13:18:36,2026-09-17T13:18:36
16894,2026-08-18,Monroe Processing Warehouse,COMPLETED,SHREDDER/GRINDER (1ST SHIFT),Posted,2026-08-19,5:45AM,,18:15:00,LBS,2281.0,2281.0,0.0,Plus Materials,,0.0,0.0,0.0,,,6,0,CARL,,2026-09-17T13:18:36,2026-09-17T13:18:36
16896,2026-08-18,Plus Monroe Warehouse,COMPLETED,AUTO-TIE BALER (2ND SHIFT),Posted,2026-08-19,5:45AM,,18:15:00,LBS,1305.0,2300.0,-995.0,Plus Materials,,13.64,13.64,0.0,,,0,0,CARL,,2026-09-17T13:18:36,2026-09-17T13:18:36
16900,2026-08-18,Plus Monroe Warehouse,COMPLETED,EXTRUDER (2ND SHIFT),Posted,2026-08-19,5:46AM,,18:14:00,LBS,6860.0,6860.0,0.0,Plus Materials,,137.2,137.2,0.0,,,0,0,CARL,,2026-09-17T13:18:36,2026-09-17T13:18:36
16902,2026-08-18,Plus Monroe Warehouse,COMPLETED,GUILLOTINE (2ND SHIFT),Posted,2026-08-19,5:46AM,,18:14:00,LBS,9049.0,9049.0,0.0,Plus Materials,,180.98,180.98,0.0,,,0,0,CARL,,2026-09-17T13:18:36,2026-09-17T13:18:36
16904,2026-08-18,Monroe Processing Warehouse,COMPLETED,SHREDDER/GRINDER (2ND SHIFT),Posted,2026-08-19,5:46AM,,18:14:00,LBS,1146.0,1146.0,0.0,Plus Materials,,60.202,60.2,0.0,,,6,0,CARL,,2026-09-17T13:18:36,2026-09-17T13:18:36
16906,2026-08-18,Plus Monroe Warehouse,COMPLETED,AUTO-TIE BALER (3RD SHIFT),Posted,2026-08-19,5:47AM,,18:13:00,LBS,2641.0,6902.0,-4261.0,Plus Materials,,478.33,478.32,0.0,,,0,6,CARL,,2026-09-17T13:18:36,2026-09-17T13:18:36
16910,2026-08-18,Plus Monroe Warehouse,COMPLETED,EXTRUDER (3RD SHIFT),Posted,2026-08-19,5:47AM,,18:13:00,LBS,4646.0,4646.0,0.0,Plus Materials,,0.0,0.0,0.0,,,0,0,CARL,,2026-09-17T13:18:36,2026-09-17T13:18:36
16912,2026-08-18,Plus Monroe Warehouse,COMPLETED,GUILLOTINE (3RD SHIFT),Posted,2026-08-19,5:47AM,,18:13:00,LBS,4620.0,4620.0,0.0,Plus Materials,,92.4,92.4,0.0,,,0,0,CARL,,2026-09-17T13:18:36,2026-09-17T13:18:36
16917,2026-08-19,Plus Monroe Warehouse,COMPLETED,AUTO-TIE BALER (1ST SHIFT),Posted,2026-08-20,5:50AM,,18:10:00,LBS,1774.0,4760.0,-2986.0,Plus Materials,,0.0,0.0,0.0,,,5,4,CARL,,2026-09-17T13:18:36,2026-09-17T13:18:36
16921,2026-08-19,Plus Monroe Warehouse,COMPLETED,EXTRUDER (1ST SHIFT),Posted,2026-08-20,5:51AM,,18:09:00,LBS,8208.0,8208.0,0.0,Plus Materials,,164.16,164.16,0.0,,,35,0,CARL,,2026-09-17T13:18:36,2026-09-17T13:18:36
16922,2026-08-19,Plus Monroe Warehouse,COMPLETED,GREEN MAX (NEW) (1ST SHIFT),Posted,2026-08-20,5:51AM,,18:09:00,LBS,1875.0,1875.0,0.0,Plus Materials,,0.0,0.0,0.0,,,26,0,CARL,,2026-09-17T13:18:36,2026-09-17T13:18:36
16923,2026-08-19,Plus Monroe Warehouse,COMPLETED,GUILLOTINE (1ST SHIFT),Posted,2026-08-20,5:51AM,,18:09:00,LBS,3150.0,3150.0,0.0,Plus Materials,,63.0,63.0,0.0,,,0,0,CARL,,2026-09-17T13:18:36,2026-09-17T13:18:36
16925,2026-08-19,Monroe Processing Warehouse,COMPLETED,SHREDDER/GRINDER (1ST SHIFT),Posted,2026-08-20,5:51AM,,18:09:00,LBS,4833.0,4833.0,0.0,Plus Materials,,0.0,0.0,0.0,,,0,0,CARL,,2026-09-17T13:18:36,2026-09-17T13:18:36
16927,2026-08-19,Plus Monroe Warehouse,COMPLETED,AUTO-TIE BALER (2ND SHIFT),Posted,2026-08-20,5:52AM,,18:08:00,LBS,2611.0,3675.0,-1064.0,Plus Materials,,150.77,150.77,0.0,,,0,0,CARL,,2026-09-17T13:18:36,2026-09-17T13:18:36
16931,2026-08-19,Plus Monroe Warehouse,COMPLETED,EXTRUDER (2ND SHIFT),Posted,2026-08-20,5:52AM,,18:08:00,LBS,2466.0,2466.0,0.0,Plus Materials,,121.0977,121.1,0.0,,,6,0,CARL,,2026-09-17T13:18:36,2026-09-17T13:18:36
16933,2026-08-19,Plus Monroe Warehouse,COMPLETED,GUILLOTINE (2ND SHIFT),Posted,2026-08-20,5:53AM,,18:07:00,LBS,6526.0,6526.0,0.0,Plus Materials,,0.0,0.0,0.0,,,0,0,CARL,,2026-09-17T13:18:36,2026-09-17T13:18:36
16935,2026-08-19,Monroe Processing Warehouse,COMPLETED,SHREDDER/GRINDER (2ND SHIFT),Posted,2026-08-20,5:53AM,,18:07:00,LBS,2802.0,2802.0,0.0,Plus Materials,,56.04,56.04,0.0,,,0,0,CARL,,2026-09-17T13:18:36,2026-09-17T13:18:36
16937,2026-08-19,Plus Monroe Warehouse,COMPLETED,AUTO-TIE BALER (3RD SHIFT),Posted,2026-08-20,5:53AM,,18:07:00,LBS,9498.0,10647.0,-1149.0,Plus Materials,,0.0,0.0,0.0,,,0,9,CARL,,2026-09-17T13:18:36,2026-09-17T13:18:36
16941,2026-08-19,Plus Monroe Warehouse,COMPLETED,EXTRUDER (3RD SHIFT),Posted,2026-08-20,5:54AM,,18:06:00,LBS,4662.0,4662.0,0.0,Plus Materials,,0.0,0.0,0.0,,,0,0,CARL,,2026-09-17T13:18:36,2026-09-17T13:18:36
16943,2026-08-19,Plus Monroe Warehouse,COMPLETED,GUILLOTINE (3RD SHIFT),Posted,2026-08-20,5:54AM,,18:06:00,LBS,5644.0,5644.0,0.0,Plus Materials,,0.0,0.0,0.0,,,0,0,CARL,,2026-09-17T13:18:36,2026-09-17T13:18:36
16947,2026-08-19,PRN Southeast,COMPLETED,BALER,Posted,2026-08-20,5:55AM,,18:05:00,LBS,710.0,4980.0,-4270.0,Plus Materials,,-28.4,-26.62,1.78,,,1,3,CARL,,2026-09-17T13:18:36,2026-09-17T13:18:36
16948,2026-08-20,Plus Monroe Warehouse,COMPLETED,AUTO-TIE BALER (1ST SHIFT),Posted,2026-08-21,5:54AM,,18:06:00,LBS,1000.0,3598.0,-2598.0,Plus Materials,,0.0,0.0,0.0,,,5,3,CARL,,2026-09-17T13:18:36,2026-09-17T13:18:36
16952,2026-08-20,Plus Monroe Warehouse,COMPLETED,EXTRUDER (1ST SHIFT),Posted,2026-08-21,5:54AM,,18:06:00,LBS,6852.0,6852.0,0.0,Plus Materials,,137.04,137.04,0.0,,,27,0,CARL,,2026-09-17T13:18:36,2026-09-17T13:18:36
16954,2026-08-20,Plus Monroe Warehouse,COMPLETED,GUILLOTINE (1ST SHIFT),Posted,2026-08-21,5:55AM,,18:05:00,LBS,6331.0,6331.0,0.0,Plus Materials,,316.55,316.55,0.0,,,48,0,CARL,,2026-09-17T13:18:36,2026-09-17T13:18:36
16956,2026-08-20,Monroe Processing Warehouse,COMPLETED,SHREDDER/GRINDER (1ST SHIFT),Posted,2026-08-21,5:55AM,,18:05:00,LBS,4487.0,4487.0,0.0,Plus Materials,,89.74,89.74,0.0,,,0,0,CARL,,2026-09-17T13:18:36,2026-09-17T13:18:36
16958,2026-08-20,Plus Monroe Warehouse,COMPLETED,AUTO-TIE BALER (2ND SHIFT),Posted,2026-08-21,5:56AM,,18:04:00,LBS,3395.0,3395.0,0.0,Plus Materials,,-201.631,-201.63,0.0,,,50,0,CARL,,2026-09-17T13:18:36,2026-09-17T13:18:36
16962,2026-08-20,Plus Monroe Warehouse,COMPLETED,EXTRUDER (2ND SHIFT),Posted,2026-08-21,5:56AM,,18:04:00,LBS,4269.0,4269.0,0.0,Plus Materials,,85.38,85.38,0.0,,,13,0,CARL,,2026-09-17T13:18:36,2026-09-17T13:18:36
16964,2026-08-20,Plus Monroe Warehouse,COMPLETED,GUILLOTINE (2ND SHIFT),Posted,2026-08-21,5:56AM,,18:04:00,LBS,7898.0,7898.0,0.0,Plus Materials,,157.96,157.96,0.0,,,0,0,CARL,,2026-09-17T13:18:36,2026-09-17T13:18:36
16966,2026-08-20,Monroe Processing Warehouse,COMPLETED,SHREDDER/GRINDER (2ND SHIFT),Posted,2026-08-21,5:57AM,,18:03:00,LBS,3216.0,3216.0,0.0,Plus Materials,,0.0,0.0,0.0,,,0,0,CARL,,2026-09-17T13:18:36,2026-09-17T13:18:36
16968,2026-08-20,Plus Monroe Warehouse,COMPLETED,AUTO-TIE BALER (3RD SHIFT),Posted,2026-08-21,5:57AM,,18:03:00,LBS,7386.0,8934.0,-1548.0,Plus Materials,,0.0,0.0,0.0,,,52,5,CARL,,2026-09-17T13:18:36,2026-09-17T13:18:36
16972,2026-08-20,Plus Monroe Warehouse,COMPLETED,EXTRUDER (3RD SHIFT),Posted,2026-08-21,5:58AM,,18:02:00,LBS,4350.0,4350.0,0.0,Plus Materials,,0.0,0.0,0.0,,,0,0,CARL,,2026-09-17T13:18:36,2026-09-17T13:18:36
16974,2026-08-20,Plus Monroe Warehouse,COMPLETED,GUILLOTINE (3RD SHIFT),Posted,2026-08-21,5:58AM,,18:02:00,LBS,3346.0,3346.0,0.0,Plus Materials,,0.0,0.0,0.0,,,0,0,CARL,,2026-09-17T13:18:36,2026-09-17T13:18:36
16979,2026-08-21,Plus Monroe Warehouse,COMPLETED,AUTO-TIE BALER (1ST SHIFT),Posted,2026-08-24,5:42AM,,18:18:00,LBS,1166.0,3605.0,-2439.0,Plus Materials,,9.01,9.01,0.0,,,5,3,CARL,,2026-09-17T13:18:36,2026-09-17T13:18:36
16983,2026-08-21,Plus Monroe Warehouse,COMPLETED,EXTRUDER (1ST SHIFT),Posted,2026-08-24,5:43AM,,18:17:00,LBS,5276.0,5276.0,0.0,Plus Materials,,0.0,0.0,0.0,,,0,0,CARL,,2026-09-17T13:18:36,2026-09-17T13:18:36
16984,2026-08-21,Plus Monroe Warehouse,COMPLETED,GREEN MAX (NEW) (1ST SHIFT),Posted,2026-08-24,5:43AM,,18:17:00,LBS,2392.0,2392.0,0.0,Plus Materials,,0.0,0.0,0.0,,,26,0,CARL,,2026-09-17T13:18:36,2026-09-17T13:18:36
16985,2026-08-21,Plus Monroe Warehouse,COMPLETED,GUILLOTINE (1ST SHIFT),Posted,2026-08-24,5:43AM,,18:17:00,LBS,7498.0,7498.0,0.0,Plus Materials,,0.0,0.0,0.0,,,0,0,CARL,,2026-09-17T13:18:36,2026-09-17T13:18:36
16987,2026-08-21,Monroe Processing Warehouse,COMPLETED,SHREDDER/GRINDER (1ST SHIFT),Posted,2026-08-24,5:43AM,,18:17:00,LBS,2836.0,2836.0,0.0,Plus Materials,,295.429,295.43,0.0,,,0,0,CARL,,2026-09-17T13:18:36,2026-09-17T13:18:36
16989,2026-08-21,Plus Monroe Warehouse,COMPLETED,AUTO-TIE BALER (2ND SHIFT),Posted,2026-08-24,5:44AM,,18:16:00,LBS,6580.0,7088.0,-508.0,Plus Materials,,0.0,0.0,0.0,,,52,0,CARL,,2026-09-17T13:18:36,2026-09-17T13:18:36
16993,2026-08-21,Plus Monroe Warehouse,COMPLETED,EXTRUDER (2ND SHIFT),Posted,2026-08-24,5:44AM,,18:16:00,LBS,5195.0,5195.0,0.0,Plus Materials,,103.9,103.9,0.0,,,10,0,CARL,,2026-09-17T13:18:36,2026-09-17T13:18:36
16995,2026-08-21,Plus Monroe Warehouse,COMPLETED,GUILLOTINE (2ND SHIFT),Posted,2026-08-24,5:45AM,,18:15:00,LBS,7188.0,7188.0,0.0,Plus Materials,,143.76,143.76,0.0,,,0,0,CARL,,2026-09-17T13:18:36,2026-09-17T13:18:36
16997,2026-08-21,Monroe Processing Warehouse,COMPLETED,SHREDDER/GRINDER (2ND SHIFT),Posted,2026-08-24,5:45AM,,18:15:00,LBS,3693.0,3693.0,0.0,Plus Materials,,322.532,322.53,0.0,,,35,0,CARL,,2026-09-17T13:18:36,2026-09-17T13:18:36
16999,2026-08-21,Plus Monroe Warehouse,COMPLETED,AUTO-TIE BALER (3RD SHIFT),Posted,2026-08-24,5:45AM,,18:15:00,LBS,9369.0,9369.0,0.0,Plus Materials,,0.0,0.0,0.0,,,0,6,CARL,,2026-09-17T13:18:36,2026-09-17T13:18:36
17005,2026-08-21,Plus Monroe Warehouse,COMPLETED,GUILLOTINE (3RD SHIFT),Posted,2026-08-24,5:47AM,,18:13:00,LBS,10153.0,10153.0,0.0,Plus Materials,,-710.71,-710.71,0.0,,,11,0,CARL,,2026-09-17T13:18:36,2026-09-17T13:18:36
17009,2026-08-21,PRN Southeast,COMPLETED,BALER,Posted,2026-08-24,5:47AM,,18:13:00,LBS,6327.0,7973.0,-1646.0,Plus Materials,,327.26,453.8,126.54,,,22,3,CARL,,2026-09-17T13:18:36,2026-09-17T13:18:36
17010,2026-08-24,Plus Monroe Warehouse,COMPLETED,AUTO-TIE BALER (1ST SHIFT),Posted,2026-08-28,5:02AM,3:11PM,10:09:00,LBS,26793.0,26770.0,23.0,Plus Materials,,975.58,975.57,0.0,,,76,8,CARL,,2026-09-17T13:18:36,2026-09-17T13:18:36
17014,2026-08-24,Plus Monroe Warehouse,COMPLETED,EXTRUDER (1ST SHIFT),Posted,2026-08-28,5:03AM,3:30PM,10:27:00,LBS,35836.0,35827.0,9.0,Plus Materials,,2657.4,2657.42,0.0,,,3,0,CARL,,2026-09-17T13:18:36,2026-09-17T13:18:36
17015,2026-08-24,Plus Monroe Warehouse,COMPLETED,GREEN MAX (NEW) (1ST SHIFT),Posted,2026-08-28,5:03AM,3:31PM,10:28:00,LBS,4808.0,4708.0,100.0,Plus Materials,,27.94,27.94,0.0,,,0,0,CARL,,2026-09-17T13:18:36,2026-09-17T13:18:36
17016,2026-08-24,Plus Monroe Warehouse,COMPLETED,GUILLOTINE (1ST SHIFT),Posted,2026-08-28,5:03AM,3:31PM,10:28:00,LBS,24454.0,24363.0,91.0,Plus Materials,,244.54,244.54,0.0,,,37,0,CARL,,2026-09-17T13:18:36,2026-09-17T13:18:36
17018,2026-08-24,Monroe Processing Warehouse,COMPLETED,SHREDDER/GRINDER (1ST SHIFT),Posted,2026-08-28,5:04AM,3:33PM,10:29:00,LBS,27160.0,27081.0,79.0,Plus Materials,,986.34,986.35,0.0,,,45,1,CARL,,2026-09-17T13:18:36,2026-09-17T13:18:36
17020,2026-08-24,Plus Monroe Warehouse,COMPLETED,AUTO-TIE BALER (2ND SHIFT),Posted,2026-09-01,5:04AM,,18:56:00,LBS,36502.0,36502.0,0.0,Plus Materials,,0.0,0.0,0.0,,,0,0,CARL,,2026-09-17T13:18:36,2026-09-17T13:18:36
17024,2026-08-24,Plus Monroe Warehouse,COMPLETED,EXTRUDER (2ND SHIFT),Posted,2026-09-01,5:05AM,,18:55:00,LBS,25234.0,25234.0,0.0,Plus Materials,,0.0,0.0,0.0,,,0,0,CARL,,2026-09-17T13:18:36,2026-09-17T13:18:36
17026,2026-08-24,Plus Monroe Warehouse,COMPLETED,GUILLOTINE (2ND SHIFT),Posted,2026-09-01,5:05AM,,18:55:00,LBS,32711.0,32711.0,0.0,Plus Materials,,0.0,0.0,0.0,,,0,0,CARL,,2026-09-17T13:18:36,2026-09-17T13:18:36
17028,2026-08-24,Plus Monroe Warehouse,COMPLETED,SHREDDER/GRINDER (2ND SHIFT),Posted,2026-09-01,5:06AM,,18:54:00,LBS,19146.0,19146.0,0.0,Plus Materials,,0.0,0.0,0.0,,,0,0,CARL,,2026-09-17T13:18:36,2026-09-17T13:18:36
17030,2026-08-24,Plus Monroe Warehouse,COMPLETED,AUTO-TIE BALER (3RD SHIFT),Posted,2026-09-01,5:06AM,,18:54:00,LBS,20860.0,20860.0,0.0,Plus Materials,,0.0,0.0,0.0,,,0,17,CARL,,2026-09-17T13:18:36,2026-09-17T13:18:36
17034,2026-08-24,Plus Monroe Warehouse,COMPLETED,EXTRUDER (3RD SHIFT),Posted,2026-09-01,5:07AM,,18:53:00,LBS,4836.0,4836.0,0.0,Plus Materials,,0.0,0.0,0.0,,,0,0,CARL,,2026-09-17T13:18:36,2026-09-17T13:18:36
17036,2026-08-24,Plus Monroe Warehouse,COMPLETED,GUILLOTINE (3RD SHIFT),Posted,2026-09-01,5:07AM,,18:53:00,LBS,6771.0,6771.0,0.0,Plus Materials,,0.0,0.0,0.0,,,0,0,CARL,,2026-09-17T13:18:36,2026-09-17T13:18:36
17041,2026-08-28,Plus Monroe Warehouse,COMPLETED,AUTO-TIE BALER (1ST SHIFT),Posted,2026-09-02,3:12PM,,08:48:00,LBS,7025.0,7025.0,0.0,Plus Materials,,0.0,0.0,0.0,,,0,0,CARL,,2026-09-17T13:18:36,2026-09-17T13:18:36
17042,2026-08-28,Plus Monroe Warehouse,COMPLETED,EXTRUDER (1ST SHIFT),Posted,2026-09-02,3:54PM,,08:06:00,LBS,19462.0,19462.0,0.0,Plus Materials,,0.0,0.0,0.0,,,0,2,CARL,,2026-09-17T13:18:36,2026-09-17T13:18:36
17043,2026-08-28,Plus Monroe Warehouse,COMPLETED,GUILLOTINE (1ST SHIFT),Posted,2026-09-02,3:54PM,,08:06:00,LBS,15477.0,15477.0,0.0,Plus Materials,,0.0,0.0,0.0,,,0,0,CARL,,2026-09-17T13:18:36,2026-09-17T13:18:36
17048,2026-09-01,Plus Monroe Warehouse,COMPLETED,AUTO-TIE BALER (2ND SHIFT),Posted,2026-09-04,12:14PM,,11:46:00,LBS,9826.0,9826.0,0.0,Plus Materials,,0.0,0.0,0.0,,,0,0,CARL,,2026-09-17T13:18:36,2026-09-18T23:59:47
17049,2026-09-01,Plus Monroe Warehouse,COMPLETED,EXTRUDER (2ND SHIFT),Posted,2026-09-04,12:14PM,,11:46:00,LBS,12325.0,12325.0,0.0,Plus Materials,,0.0,0.0,0.0,,,0,0,CARL,,2026-09-17T13:18:36,2026-09-18T23:59:47
17050,2026-09-01,Plus Monroe Warehouse,COMPLETED,GREEN MAX (NEW) (2ND SHIFT),Posted,2026-09-04,12:15PM,,11:45:00,LBS,3487.0,3487.0,0.0,Plus Materials,,0.0,0.0,0.0,,,0,0,CARL,,2026-09-17T13:18:36,2026-09-18T23:59:47
17052,2026-09-01,Plus Monroe Warehouse,COMPLETED,GUILLOTINE (2ND SHIFT),Posted,2026-09-04,12:15PM,,11:45:00,LBS,20171.0,20171.0,0.0,Plus Materials,,0.0,0.0,0.0,,,0,0,CARL,,2026-09-17T13:18:36,2026-09-18T23:59:47
17053,2026-09-01,Plus Monroe Warehouse,COMPLETED,SHREDDER/GRINDER (2ND SHIFT),Posted,2026-09-02,12:16PM,,11:44:00,LBS,6199.0,6199.0,0.0,Plus Materials,,0.0,0.0,0.0,,,0,1,CARL,,2026-09-17T13:18:36,2026-09-17T13:18:36
17054,2026-09-01,Plus Monroe Warehouse,COMPLETED,AUTO-TIE BALER (3RD SHIFT),Posted,2026-09-02,12:16PM,,11:44:00,LBS,9288.0,9288.0,0.0,Plus Materials,,0.0,0.0,0.0,,,0,6,CARL,,2026-09-17T13:18:36,2026-09-17T13:18:36
17055,2026-09-01,Plus Monroe Warehouse,COMPLETED,EXTRUDER (3RD SHIFT),Posted,2026-09-02,12:16PM,,11:44:00,LBS,5120.0,5120.0,0.0,Plus Materials,,0.0,0.0,0.0,,,0,0,CARL,,2026-09-17T13:18:36,2026-09-17T13:18:36
17056,2026-09-01,Plus Monroe Warehouse,COMPLETED,GUILLOTINE (3RD SHIFT),Posted,2026-09-02,12:16PM,,11:44:00,LBS,7802.0,7802.0,0.0,Plus Materials,,0.0,0.0,0.0,,,0,0,CARL,,2026-09-17T13:18:36,2026-09-17T13:18:36
17057,2026-09-02,Plus Monroe Warehouse,COMPLETED,SHREDDER/GRINDER (2ND SHIFT),Posted,2026-09-04,3:15PM,,08:45:00,LBS,10488.0,10488.0,0.0,Plus Materials,,0.0,0.0,0.0,,,0,0,CARL,,2026-09-17T13:18:36,2026-09-18T23:59:47
17058,2026-09-02,Plus Monroe Warehouse,COMPLETED,AUTO-TIE BALER (1ST SHIFT),Posted,2026-09-04,3:16PM,,08:44:00,LBS,8330.0,8330.0,0.0,Plus Materials,,0.0,0.0,0.0,,,0,0,CARL,,2026-09-17T13:18:36,2026-09-18T23:59:47
17059,2026-09-02,Plus Monroe Warehouse,COMPLETED,EXTRUDER (1ST SHIFT),Posted,2026-09-04,3:17PM,,08:43:00,LBS,12788.0,12788.0,0.0,Plus Materials,,0.0,0.0,0.0,,,0,0,CARL,,2026-09-17T13:18:36,2026-09-18T23:59:47
17061,2026-09-02,Plus Monroe Warehouse,COMPLETED,GUILLOTINE (1ST SHIFT),Posted,2026-09-04,3:17PM,,08:43:00,LBS,13993.0,13993.0,0.0,Plus Materials,,0.0,0.0,0.0,,,0,0,CARL,,2026-09-17T13:18:36,2026-09-18T23:59:47
17063,2026-09-02,Plus Monroe Warehouse,COMPLETED,SHREDDER/GRINDER (1ST SHIFT),Posted,2026-09-04,3:19PM,,08:41:00,LBS,7363.0,7363.0,0.0,Plus Materials,,0.0,0.0,0.0,,,0,0,CARL,,2026-09-17T13:18:36,2026-09-18T23:59:47
17064,2026-09-02,Plus Monroe Warehouse,COMPLETED,AUTO-TIE BALER (3RD SHIFT),Posted,2026-09-04,3:19PM,,08:41:00,LBS,8698.0,8698.0,0.0,Plus Materials,,0.0,0.0,0.0,,,0,7,CARL,,2026-09-17T13:18:36,2026-09-18T23:59:47
17065,2026-09-02,Plus Monroe Warehouse,COMPLETED,EXTRUDER (3RD SHIFT),Posted,2026-09-04,3:19PM,,08:41:00,LBS,9496.0,9496.0,0.0,Plus Materials,,0.0,0.0,0.0,,,0,0,CARL,,2026-09-17T13:18:36,2026-09-18T23:59:47
17067,2026-09-04,Plus Monroe Warehouse,COMPLETED,AUTO-TIE BALER (2ND SHIFT),Posted,2026-09-08,1:15PM,,10:45:00,LBS,10355.0,10355.0,0.0,Plus Materials,,0.0,0.0,0.0,,,0,0,CARL,,2026-09-17T13:18:36,2026-09-20T18:32:16
17068,2026-09-04,Plus Monroe Warehouse,COMPLETED,EXTRUDER (2ND SHIFT),Posted,2026-09-08,1:15PM,,10:45:00,LBS,2989.0,2989.0,0.0,Plus Materials,,0.0,0.0,0.0,,,0,0,CARL,,2026-09-17T13:18:36,2026-09-20T18:32:16
17070,2026-09-04,Plus Monroe Warehouse,COMPLETED,GUILLOTINE (2ND SHIFT),Posted,2026-09-08,1:15PM,,10:45:00,LBS,11904.0,11904.0,0.0,Plus Materials,,0.0,0.0,0.0,,,0,0,CARL,,2026-09-17T13:18:36,2026-09-20T18:32:16
17071,2026-09-04,Plus Monroe Warehouse,COMPLETED,SHREDDER/GRINDER (2ND SHIFT),Posted,2026-09-08,1:16PM,,10:44:00,LBS,2900.0,2900.0,0.0,Plus Materials,,0.0,0.0,0.0,,,0,0,CARL,,2026-09-17T13:18:36,2026-09-20T18:32:16
17073,2026-09-04,Plus Monroe Warehouse,COMPLETED,AUTO-TIE BALER (3RD SHIFT),Posted,2026-09-08,1:18PM,,10:42:00,LBS,7280.0,7280.0,0.0,Plus Materials,,0.0,0.0,0.0,,,0,5,CARL,,2026-09-17T13:18:36,2026-09-20T18:32:16
17074,2026-09-04,Plus Monroe Warehouse,COMPLETED,EXTRUDER (3RD SHIFT),Posted,2026-09-08,1:19PM,,10:41:00,LBS,5000.0,5000.0,0.0,Plus Materials,,0.0,0.0,0.0,,,0,0,CARL,,2026-09-17T13:18:36,2026-09-20T18:32:16
17076,2026-09-04,Plus Monroe Warehouse,COMPLETED,AUTO-TIE BALER (1ST SHIFT),Posted,2026-09-08,2:40PM,,09:20:00,LBS,1234.0,1234.0,0.0,Plus Materials,,0.0,0.0,0.0,,,0,0,CARL,,2026-09-17T13:18:36,2026-09-20T18:32:16
17077,2026-09-04,Plus Monroe Warehouse,COMPLETED,EXTRUDER (1ST SHIFT),Posted,2026-09-08,2:40PM,,09:20:00,LBS,23295.0,23295.0,0.0,Plus Materials,,0.0,0.0,0.0,,,0,0,CARL,,2026-09-17T13:18:36,2026-09-20T18:32:16
17078,2026-09-04,Plus Monroe Warehouse,COMPLETED,GREEN MAX (NEW) (1ST SHIFT),Posted,2026-09-08,2:41PM,,09:19:00,LBS,1749.0,1749.0,0.0,Plus Materials,,0.0,0.0,0.0,,,0,0,CARL,,2026-09-17T13:18:36,2026-09-20T18:32:16
17079,2026-09-04,Plus Monroe Warehouse,COMPLETED,GUILLOTINE (1ST SHIFT),Posted,2026-09-08,2:41PM,,09:19:00,LBS,6919.0,6919.0,0.0,Plus Materials,,0.0,0.0,0.0,,,0,0,CARL,,2026-09-17T13:18:36,2026-09-20T18:32:16
17080,2026-09-04,Plus Monroe Warehouse,COMPLETED,SHREDDER/GRINDER (1ST SHIFT),Posted,2026-09-08,2:41PM,,09:19:00,LBS,3352.0,3352.0,0.0,Plus Materials,,0.0,0.0,0.0,,,0,0,CARL,,2026-09-17T13:18:36,2026-09-20T18:32:16
17083,2026-09-08,Plus Monroe Warehouse,COMPLETED,AUTO-TIE BALER (2ND SHIFT),Posted,2026-09-09,11:14AM,,12:46:00,LBS,9872.0,9872.0,0.0,Plus Materials,,0.0,0.0,0.0,,,0,0,CARL,,2026-09-17T13:18:36,2026-09-20T18:32:16
17084,2026-09-08,Plus Monroe Warehouse,COMPLETED,EXTRUDER (2ND SHIFT),Posted,2026-09-09,11:15AM,,12:45:00,LBS,6374.0,6374.0,0.0,Plus Materials,,0.0,0.0,0.0,,,0,0,CARL,,2026-09-17T13:18:36,2026-09-20T18:32:16
17086,2026-09-08,Plus Monroe Warehouse,COMPLETED,GUILLOTINE (2ND SHIFT),Posted,2026-09-09,11:15AM,,12:45:00,LBS,11265.0,11265.0,0.0,Plus Materials,,0.0,0.0,0.0,,,0,0,CARL,,2026-09-17T13:18:36,2026-09-20T18:32:16
17088,2026-09-08,Plus Monroe Warehouse,COMPLETED,SHREDDER/GRINDER (2ND SHIFT),Posted,2026-09-09,11:15AM,,12:45:00,LBS,2780.0,2780.0,0.0,Plus Materials,,0.0,0.0,0.0,,,0,0,CARL,,2026-09-17T13:18:36,2026-09-20T18:32:16
17089,2026-09-08,Plus Monroe Warehouse,COMPLETED,AUTO-TIE BALER (3RD SHIFT),Posted,2026-09-09,11:16AM,,12:44:00,LBS,8661.0,8661.0,0.0,Plus Materials,,0.0,0.0,0.0,,,0,7,CARL,,2026-09-17T13:18:36,2026-09-20T18:32:16
17090,2026-09-08,Plus Monroe Warehouse,COMPLETED,EXTRUDER (3RD SHIFT),Posted,2026-09-09,11:16AM,,12:44:00,LBS,4306.0,4306.0,0.0,Plus Materials,,0.0,0.0,0.0,,,0,0,CARL,,2026-09-17T13:18:36,2026-09-20T18:32:16
17092,2026-09-08,Plus Monroe Warehouse,COMPLETED,AUTO-TIE BALER (1ST SHIFT),Posted,2026-09-11,2:38PM,,09:22:00,LBS,29271.0,29271.0,0.0,Plus Materials,,0.0,0.0,0.0,,,0,0,CARL,,2026-09-17T13:18:36,2026-09-20T18:32:16
17093,2026-09-08,Plus Monroe Warehouse,COMPLETED,EXTRUDER (1ST SHIFT),Posted,2026-09-11,2:38PM,,09:22:00,LBS,22915.0,22915.0,0.0,Plus Materials,,0.0,0.0,0.0,,,0,0,CARL,,2026-09-17T13:18:36,2026-09-20T18:32:16
17094,2026-09-08,Plus Monroe Warehouse,COMPLETED,GUILLOTINE (1ST SHIFT),Posted,2026-09-11,2:38PM,,09:22:00,LBS,20035.0,20035.0,0.0,Plus Materials,,0.0,0.0,0.0,,,0,0,CARL,,2026-09-17T13:18:36,2026-09-20T18:32:16
17095,2026-09-08,Plus Monroe Warehouse,COMPLETED,GREEN MAX (NEW) (1ST SHIFT),Posted,2026-09-11,2:38PM,,09:22:00,LBS,3335.0,3335.0,0.0,Plus Materials,,0.0,0.0,0.0,,,0,1,CARL,,2026-09-17T13:18:36,2026-09-20T18:32:16
17096,2026-09-08,Plus Monroe Warehouse,COMPLETED,SHREDDER (1ST SHIFT),Posted,2026-09-11,2:38PM,,09:22:00,LBS,2167.0,2167.0,0.0,Plus Materials,,0.0,0.0,0.0,,,0,0,CARL,,2026-09-17T13:18:36,2026-09-20T18:32:16
17097,2026-09-08,Plus Monroe Warehouse,COMPLETED,SHREDDER/GRINDER (1ST SHIFT),Posted,2026-09-11,2:38PM,,09:22:00,LBS,34307.0,34307.0,0.0,Plus Materials,,0.0,0.0,0.0,,,0,0,CARL,,2026-09-17T13:18:36,2026-09-20T18:32:16
17099,2026-09-09,Plus Monroe Warehouse,COMPLETED,AUTO-TIE BALER (2ND SHIFT),Posted,2026-09-10,11:09AM,,12:51:00,LBS,8195.0,8195.0,0.0,Plus Materials,,0.0,0.0,0.0,,,0,0,CARL,,2026-09-17T13:18:36,2026-09-20T18:32:16
17100,2026-09-09,Plus Monroe Warehouse,COMPLETED,EXTRUDER (2ND SHIFT),Posted,2026-09-10,11:09AM,,12:51:00,LBS,6263.0,6263.0,0.0,Plus Materials,,0.0,0.0,0.0,,,0,0,CARL,,2026-09-17T13:18:36,2026-09-20T18:32:16
17102,2026-09-09,Plus Monroe Warehouse,COMPLETED,GUILLOTINE (2ND SHIFT),Posted,2026-09-10,11:09AM,,12:51:00,LBS,9818.0,9818.0,0.0,Plus Materials,,0.0,0.0,0.0,,,0,0,CARL,,2026-09-17T13:18:36,2026-09-20T18:32:16
17104,2026-09-09,Plus Monroe Warehouse,COMPLETED,SHREDDER/GRINDER (2ND SHIFT),Posted,2026-09-10,11:10AM,,12:50:00,LBS,3562.0,3562.0,0.0,Plus Materials,,0.0,0.0,0.0,,,0,0,CARL,,2026-09-17T13:18:36,2026-09-20T18:32:16
17105,2026-09-09,Plus Monroe Warehouse,COMPLETED,AUTO-TIE BALER (3RD SHIFT),Posted,2026-09-10,11:10AM,,12:50:00,LBS,9236.0,9236.0,0.0,Plus Materials,,0.0,0.0,0.0,,,0,7,CARL,,2026-09-17T13:18:36,2026-09-20T18:32:16
17106,2026-09-09,Plus Monroe Warehouse,COMPLETED,EXTRUDER (3RD SHIFT),Posted,2026-09-10,11:10AM,,12:50:00,LBS,4167.0,4167.0,0.0,Plus Materials,,0.0,0.0,0.0,,,0,0,CARL,,2026-09-17T13:18:36,2026-09-20T18:32:16
17112,2026-09-10,Plus Monroe Warehouse,COMPLETED,AUTO-TIE BALER (2ND SHIFT),Posted,2026-09-11,1:40PM,,10:20:00,LBS,7706.0,7706.0,0.0,Plus Materials,,0.0,0.0,0.0,,,0,0,CARL,,2026-09-17T13:18:36,2026-09-20T18:32:16
17113,2026-09-10,Plus Monroe Warehouse,COMPLETED,EXTRUDER (2ND SHIFT),Posted,2026-09-11,1:40PM,,10:20:00,LBS,5198.0,5198.0,0.0,Plus Materials,,0.0,0.0,0.0,,,0,0,CARL,,2026-09-17T13:18:36,2026-09-20T18:32:16
17116,2026-09-10,Plus Monroe Warehouse,COMPLETED,SHREDDER/GRINDER (2ND SHIFT),Posted,2026-09-11,1:41PM,,10:19:00,LBS,9207.0,9207.0,0.0,Plus Materials,,0.0,0.0,0.0,,,0,0,CARL,,2026-09-17T13:18:36,2026-09-20T18:32:16
17117,2026-09-10,Plus Monroe Warehouse,COMPLETED,GUILLOTINE (2ND SHIFT),Posted,2026-09-11,1:42PM,,10:18:00,LBS,8879.0,8879.0,0.0,Plus Materials,,0.0,0.0,0.0,,,0,0,CARL,,2026-09-17T13:18:36,2026-09-20T18:32:16
17118,2026-09-10,Plus Monroe Warehouse,COMPLETED,AUTO-TIE BALER (3RD SHIFT),Posted,2026-09-11,1:42PM,,10:18:00,LBS,6004.0,6004.0,0.0,Plus Materials,,0.0,0.0,0.0,,,0,5,CARL,,2026-09-17T13:18:36,2026-09-20T18:32:16
17119,2026-09-10,Plus Monroe Warehouse,COMPLETED,EXTRUDER (3RD SHIFT),Posted,2026-09-11,1:42PM,,10:18:00,LBS,4857.0,4857.0,0.0,Plus Materials,,0.0,0.0,0.0,,,0,0,CARL,,2026-09-17T13:18:36,2026-09-20T18:32:16
